ISO-10303-21;
HEADER;
/* Generated by software containing ST-Developer
 * from STEP Tools, Inc. (www.steptools.com) 
 */
/* OPTION: using custom renumber hook */

FILE_DESCRIPTION(
/* description */ ('STEP AP242 Edition 2',
'CAx-IF Rec.Pracs.---Representation and Presentation of Product Manufa
cturing Information (PMI)---4.0---2014-10-13',
'CAx-IF Rec.Pracs.---3D Tessellated Geometry---0.4---2014-09-14','2;1',
'CAx-IF Rec.Pracs.---User Defined Attributes---1.5---2016-08-15'),
/* implementation_level */ '2;1');

FILE_NAME(
/* name */ 'Assembly 1 - Part 3',
/* time_stamp */ '2026-06-15T15:23:23Z',
/* author */ (''),
/* organization */ (''),
/* preprocessor_version */ 'ST-DEVELOPER v20',
/* originating_system */ 'ONSHAPE BY PTC INC, 1.216',
/* authorisation */ '  ');

FILE_SCHEMA (('AP242_MANAGED_MODEL_BASED_3D_ENGINEERING_MIM_LF { 1 0 10303 442 3 1 4 }'));
ENDSEC;

DATA;
#10=SHAPE_REPRESENTATION_RELATIONSHIP('','',#5641,#11);
#11=ADVANCED_BREP_SHAPE_REPRESENTATION('',(#5639),#8283);
#12=OVER_RIDING_STYLED_ITEM('',(#4648),#4477,#4646);
#13=OVER_RIDING_STYLED_ITEM('',(#4649),#4478,#4646);
#14=OVER_RIDING_STYLED_ITEM('',(#4650),#4479,#4646);
#15=OVER_RIDING_STYLED_ITEM('',(#4651),#4480,#4646);
#16=OVER_RIDING_STYLED_ITEM('',(#4652),#4481,#4646);
#17=OVER_RIDING_STYLED_ITEM('',(#4653),#4482,#4646);
#18=OVER_RIDING_STYLED_ITEM('',(#4654),#4483,#4646);
#19=OVER_RIDING_STYLED_ITEM('',(#4655),#4484,#4646);
#20=OVER_RIDING_STYLED_ITEM('',(#4656),#4485,#4646);
#21=OVER_RIDING_STYLED_ITEM('',(#4657),#4486,#4646);
#22=OVER_RIDING_STYLED_ITEM('',(#4658),#4487,#4646);
#23=OVER_RIDING_STYLED_ITEM('',(#4659),#4488,#4646);
#24=OVER_RIDING_STYLED_ITEM('',(#4660),#4489,#4646);
#25=OVER_RIDING_STYLED_ITEM('',(#4661),#4490,#4646);
#26=OVER_RIDING_STYLED_ITEM('',(#4662),#4491,#4646);
#27=OVER_RIDING_STYLED_ITEM('',(#4663),#4492,#4646);
#28=OVER_RIDING_STYLED_ITEM('',(#4664),#4493,#4646);
#29=OVER_RIDING_STYLED_ITEM('',(#4665),#4494,#4646);
#30=OVER_RIDING_STYLED_ITEM('',(#4666),#4495,#4646);
#31=OVER_RIDING_STYLED_ITEM('',(#4667),#4496,#4646);
#32=OVER_RIDING_STYLED_ITEM('',(#4668),#4497,#4646);
#33=OVER_RIDING_STYLED_ITEM('',(#4669),#4498,#4646);
#34=OVER_RIDING_STYLED_ITEM('',(#4670),#4499,#4646);
#35=OVER_RIDING_STYLED_ITEM('',(#4671),#4500,#4646);
#36=OVER_RIDING_STYLED_ITEM('',(#4672),#4501,#4646);
#37=OVER_RIDING_STYLED_ITEM('',(#4673),#4502,#4646);
#38=OVER_RIDING_STYLED_ITEM('',(#4674),#4503,#4646);
#39=OVER_RIDING_STYLED_ITEM('',(#4675),#4505,#4646);
#40=OVER_RIDING_STYLED_ITEM('',(#4676),#4506,#4646);
#41=OVER_RIDING_STYLED_ITEM('',(#4677),#4507,#4646);
#42=OVER_RIDING_STYLED_ITEM('',(#4678),#4508,#4646);
#43=OVER_RIDING_STYLED_ITEM('',(#4679),#4509,#4646);
#44=OVER_RIDING_STYLED_ITEM('',(#4680),#4510,#4646);
#45=OVER_RIDING_STYLED_ITEM('',(#4681),#4511,#4646);
#46=OVER_RIDING_STYLED_ITEM('',(#4682),#4512,#4646);
#47=OVER_RIDING_STYLED_ITEM('',(#4683),#4513,#4646);
#48=OVER_RIDING_STYLED_ITEM('',(#4684),#4514,#4646);
#49=OVER_RIDING_STYLED_ITEM('',(#4685),#4515,#4646);
#50=OVER_RIDING_STYLED_ITEM('',(#4686),#4516,#4646);
#51=OVER_RIDING_STYLED_ITEM('',(#4687),#4517,#4646);
#52=OVER_RIDING_STYLED_ITEM('',(#4688),#4518,#4646);
#53=OVER_RIDING_STYLED_ITEM('',(#4689),#4519,#4646);
#54=OVER_RIDING_STYLED_ITEM('',(#4690),#4520,#4646);
#55=OVER_RIDING_STYLED_ITEM('',(#4691),#4521,#4646);
#56=OVER_RIDING_STYLED_ITEM('',(#4692),#4522,#4646);
#57=OVER_RIDING_STYLED_ITEM('',(#4693),#4523,#4646);
#58=OVER_RIDING_STYLED_ITEM('',(#4694),#4524,#4646);
#59=OVER_RIDING_STYLED_ITEM('',(#4695),#4525,#4646);
#60=OVER_RIDING_STYLED_ITEM('',(#4696),#4526,#4646);
#61=OVER_RIDING_STYLED_ITEM('',(#4697),#4527,#4646);
#62=OVER_RIDING_STYLED_ITEM('',(#4698),#4528,#4646);
#63=OVER_RIDING_STYLED_ITEM('',(#4699),#4529,#4646);
#64=OVER_RIDING_STYLED_ITEM('',(#4700),#4530,#4646);
#65=OVER_RIDING_STYLED_ITEM('',(#4701),#4531,#4646);
#66=OVER_RIDING_STYLED_ITEM('',(#4702),#4532,#4646);
#67=OVER_RIDING_STYLED_ITEM('',(#4703),#4533,#4646);
#68=OVER_RIDING_STYLED_ITEM('',(#4704),#4534,#4646);
#69=OVER_RIDING_STYLED_ITEM('',(#4705),#4535,#4646);
#70=OVER_RIDING_STYLED_ITEM('',(#4706),#4536,#4646);
#71=OVER_RIDING_STYLED_ITEM('',(#4707),#4537,#4646);
#72=OVER_RIDING_STYLED_ITEM('',(#4708),#4538,#4646);
#73=OVER_RIDING_STYLED_ITEM('',(#4709),#4539,#4646);
#74=OVER_RIDING_STYLED_ITEM('',(#4710),#4540,#4646);
#75=OVER_RIDING_STYLED_ITEM('',(#4711),#4541,#4646);
#76=OVER_RIDING_STYLED_ITEM('',(#4712),#4542,#4646);
#77=OVER_RIDING_STYLED_ITEM('',(#4713),#4543,#4646);
#78=OVER_RIDING_STYLED_ITEM('',(#4714),#4544,#4646);
#79=OVER_RIDING_STYLED_ITEM('',(#4715),#4545,#4646);
#80=OVER_RIDING_STYLED_ITEM('',(#4716),#4546,#4646);
#81=OVER_RIDING_STYLED_ITEM('',(#4717),#4547,#4646);
#82=OVER_RIDING_STYLED_ITEM('',(#4718),#4548,#4646);
#83=OVER_RIDING_STYLED_ITEM('',(#4719),#4549,#4646);
#84=OVER_RIDING_STYLED_ITEM('',(#4720),#4550,#4646);
#85=OVER_RIDING_STYLED_ITEM('',(#4721),#4551,#4646);
#86=OVER_RIDING_STYLED_ITEM('',(#4722),#4552,#4646);
#87=OVER_RIDING_STYLED_ITEM('',(#4723),#4553,#4646);
#88=OVER_RIDING_STYLED_ITEM('',(#4724),#4554,#4646);
#89=OVER_RIDING_STYLED_ITEM('',(#4725),#4555,#4646);
#90=OVER_RIDING_STYLED_ITEM('',(#4726),#4556,#4646);
#91=OVER_RIDING_STYLED_ITEM('',(#4727),#4557,#4646);
#92=OVER_RIDING_STYLED_ITEM('',(#4728),#4558,#4646);
#93=OVER_RIDING_STYLED_ITEM('',(#4729),#4559,#4646);
#94=OVER_RIDING_STYLED_ITEM('',(#4730),#4560,#4646);
#95=OVER_RIDING_STYLED_ITEM('',(#4731),#4561,#4646);
#96=OVER_RIDING_STYLED_ITEM('',(#4732),#4562,#4646);
#97=OVER_RIDING_STYLED_ITEM('',(#4733),#4563,#4646);
#98=OVER_RIDING_STYLED_ITEM('',(#4734),#4564,#4646);
#99=OVER_RIDING_STYLED_ITEM('',(#4735),#4565,#4646);
#100=OVER_RIDING_STYLED_ITEM('',(#4736),#4566,#4646);
#101=OVER_RIDING_STYLED_ITEM('',(#4737),#4567,#4646);
#102=OVER_RIDING_STYLED_ITEM('',(#4738),#4568,#4646);
#103=OVER_RIDING_STYLED_ITEM('',(#4739),#4569,#4646);
#104=OVER_RIDING_STYLED_ITEM('',(#4740),#4570,#4646);
#105=OVER_RIDING_STYLED_ITEM('',(#4741),#4571,#4646);
#106=OVER_RIDING_STYLED_ITEM('',(#4742),#4572,#4646);
#107=OVER_RIDING_STYLED_ITEM('',(#4743),#4573,#4646);
#108=OVER_RIDING_STYLED_ITEM('',(#4744),#4574,#4646);
#109=OVER_RIDING_STYLED_ITEM('',(#4745),#4575,#4646);
#110=OVER_RIDING_STYLED_ITEM('',(#4746),#4576,#4646);
#111=OVER_RIDING_STYLED_ITEM('',(#4747),#4577,#4646);
#112=OVER_RIDING_STYLED_ITEM('',(#4748),#4578,#4646);
#113=OVER_RIDING_STYLED_ITEM('',(#4749),#4579,#4646);
#114=OVER_RIDING_STYLED_ITEM('',(#4750),#4580,#4646);
#115=OVER_RIDING_STYLED_ITEM('',(#4751),#4581,#4646);
#116=OVER_RIDING_STYLED_ITEM('',(#4752),#4582,#4646);
#117=OVER_RIDING_STYLED_ITEM('',(#4753),#4583,#4646);
#118=OVER_RIDING_STYLED_ITEM('',(#4754),#4584,#4646);
#119=OVER_RIDING_STYLED_ITEM('',(#4755),#4585,#4646);
#120=OVER_RIDING_STYLED_ITEM('',(#4756),#4586,#4646);
#121=OVER_RIDING_STYLED_ITEM('',(#4757),#4587,#4646);
#122=OVER_RIDING_STYLED_ITEM('',(#4758),#4589,#4646);
#123=OVER_RIDING_STYLED_ITEM('',(#4759),#4590,#4646);
#124=OVER_RIDING_STYLED_ITEM('',(#4760),#4591,#4646);
#125=OVER_RIDING_STYLED_ITEM('',(#4761),#4592,#4646);
#126=OVER_RIDING_STYLED_ITEM('',(#4762),#4593,#4646);
#127=OVER_RIDING_STYLED_ITEM('',(#4763),#4594,#4646);
#128=OVER_RIDING_STYLED_ITEM('',(#4764),#4595,#4646);
#129=OVER_RIDING_STYLED_ITEM('',(#4765),#4596,#4646);
#130=OVER_RIDING_STYLED_ITEM('',(#4766),#4597,#4646);
#131=OVER_RIDING_STYLED_ITEM('',(#4767),#4598,#4646);
#132=OVER_RIDING_STYLED_ITEM('',(#4768),#4599,#4646);
#133=OVER_RIDING_STYLED_ITEM('',(#4769),#4600,#4646);
#134=OVER_RIDING_STYLED_ITEM('',(#4770),#4603,#4646);
#135=OVER_RIDING_STYLED_ITEM('',(#4771),#4604,#4646);
#136=OVER_RIDING_STYLED_ITEM('',(#4772),#4605,#4646);
#137=OVER_RIDING_STYLED_ITEM('',(#4773),#4606,#4646);
#138=OVER_RIDING_STYLED_ITEM('',(#4774),#4607,#4646);
#139=OVER_RIDING_STYLED_ITEM('',(#4775),#4608,#4646);
#140=OVER_RIDING_STYLED_ITEM('',(#4776),#4609,#4646);
#141=OVER_RIDING_STYLED_ITEM('',(#4777),#4610,#4646);
#142=OVER_RIDING_STYLED_ITEM('',(#4778),#4611,#4646);
#143=OVER_RIDING_STYLED_ITEM('',(#4779),#4612,#4646);
#144=OVER_RIDING_STYLED_ITEM('',(#4780),#4613,#4646);
#145=OVER_RIDING_STYLED_ITEM('',(#4781),#4614,#4646);
#146=OVER_RIDING_STYLED_ITEM('',(#4782),#4615,#4646);
#147=OVER_RIDING_STYLED_ITEM('',(#4783),#4616,#4646);
#148=OVER_RIDING_STYLED_ITEM('',(#4784),#4617,#4646);
#149=OVER_RIDING_STYLED_ITEM('',(#4785),#4618,#4646);
#150=OVER_RIDING_STYLED_ITEM('',(#4786),#4619,#4646);
#151=OVER_RIDING_STYLED_ITEM('',(#4787),#4620,#4646);
#152=OVER_RIDING_STYLED_ITEM('',(#4788),#4621,#4646);
#153=OVER_RIDING_STYLED_ITEM('',(#4789),#4622,#4646);
#154=OVER_RIDING_STYLED_ITEM('',(#4790),#4623,#4646);
#155=OVER_RIDING_STYLED_ITEM('',(#4791),#4624,#4646);
#156=OVER_RIDING_STYLED_ITEM('',(#4792),#4625,#4646);
#157=OVER_RIDING_STYLED_ITEM('',(#4793),#4626,#4646);
#158=OVER_RIDING_STYLED_ITEM('',(#4794),#4627,#4646);
#159=OVER_RIDING_STYLED_ITEM('',(#4795),#4628,#4646);
#160=OVER_RIDING_STYLED_ITEM('',(#4796),#4629,#4646);
#161=OVER_RIDING_STYLED_ITEM('',(#4797),#4630,#4646);
#162=OVER_RIDING_STYLED_ITEM('',(#4798),#4631,#4646);
#163=OVER_RIDING_STYLED_ITEM('',(#4799),#4632,#4646);
#164=OVER_RIDING_STYLED_ITEM('',(#4800),#4633,#4646);
#165=OVER_RIDING_STYLED_ITEM('',(#4801),#4634,#4646);
#166=OVER_RIDING_STYLED_ITEM('',(#4802),#4635,#4646);
#167=OVER_RIDING_STYLED_ITEM('',(#4803),#4636,#4646);
#168=OVER_RIDING_STYLED_ITEM('',(#4804),#4637,#4646);
#169=OVER_RIDING_STYLED_ITEM('',(#4805),#4638,#4646);
#170=OVER_RIDING_STYLED_ITEM('',(#4806),#4639,#4646);
#171=OVER_RIDING_STYLED_ITEM('',(#4807),#4640,#4646);
#172=OVER_RIDING_STYLED_ITEM('',(#4808),#4641,#4646);
#173=OVER_RIDING_STYLED_ITEM('',(#4809),#4642,#4646);
#174=OVER_RIDING_STYLED_ITEM('',(#4810),#4643,#4646);
#175=OVER_RIDING_STYLED_ITEM('',(#4811),#4644,#4646);
#176=CYLINDRICAL_SURFACE('',#5702,0.00218710083968099);
#177=CYLINDRICAL_SURFACE('',#5703,0.00218710083968099);
#178=CYLINDRICAL_SURFACE('',#5704,0.00218710083968096);
#179=CYLINDRICAL_SURFACE('',#5705,0.00218710083968101);
#180=CYLINDRICAL_SURFACE('',#5707,0.00355);
#181=CYLINDRICAL_SURFACE('',#5711,0.00305);
#182=CYLINDRICAL_SURFACE('',#5723,0.001);
#183=CYLINDRICAL_SURFACE('',#5726,0.00100000000000003);
#184=CYLINDRICAL_SURFACE('',#5735,0.0009);
#185=CYLINDRICAL_SURFACE('',#5736,0.0009);
#186=CYLINDRICAL_SURFACE('',#5737,0.0009);
#187=CYLINDRICAL_SURFACE('',#5897,0.00115);
#188=CYLINDRICAL_SURFACE('',#5900,0.00075);
#189=CYLINDRICAL_SURFACE('',#5904,0.00215);
#190=CYLINDRICAL_SURFACE('',#5907,0.00165);
#191=CONICAL_SURFACE('',#5690,1.96261557335472E-17,0.785398163397448);
#192=CONICAL_SURFACE('',#5691,1.96261557335472E-17,0.785398163397446);
#193=CONICAL_SURFACE('',#5734,0.,0.785398163397449);
#194=CIRCLE('',#5644,0.000779339828220177);
#195=CIRCLE('',#5645,0.00100000000000003);
#196=CIRCLE('',#5646,0.001);
#197=CIRCLE('',#5647,0.00218710083968101);
#198=CIRCLE('',#5648,0.00218710083968096);
#199=CIRCLE('',#5649,0.00218710083968099);
#200=CIRCLE('',#5650,0.00218710083968099);
#201=CIRCLE('',#5651,0.00115);
#202=CIRCLE('',#5652,0.00075);
#203=CIRCLE('',#5653,0.00215);
#204=CIRCLE('',#5654,0.00165);
#205=CIRCLE('',#5656,0.00430566017177982);
#206=CIRCLE('',#5657,0.0009);
#207=CIRCLE('',#5658,0.0009);
#208=CIRCLE('',#5659,0.0009);
#209=CIRCLE('',#5661,0.00355);
#210=CIRCLE('',#5664,0.00218710083968101);
#211=CIRCLE('',#5665,0.00218710083968096);
#212=CIRCLE('',#5666,0.00218710083968099);
#213=CIRCLE('',#5667,0.00218710083968099);
#214=CIRCLE('',#5668,0.00100000000000003);
#215=CIRCLE('',#5669,0.001);
#216=CIRCLE('',#5675,0.00218433982822018);
#217=CIRCLE('',#5680,0.0009);
#218=CIRCLE('',#5681,0.0009);
#219=CIRCLE('',#5682,0.0009);
#220=CIRCLE('',#5687,0.00305);
#221=CIRCLE('',#5688,0.00355);
#222=CIRCLE('',#5712,0.00305);
#223=CIRCLE('',#5898,0.00115);
#224=CIRCLE('',#5901,0.00075);
#225=CIRCLE('',#5905,0.00215);
#226=CIRCLE('',#5908,0.00165);
#227=ORIENTED_EDGE('',*,*,#1451,.F.);
#228=ORIENTED_EDGE('',*,*,#1452,.T.);
#229=ORIENTED_EDGE('',*,*,#1453,.T.);
#230=ORIENTED_EDGE('',*,*,#1454,.F.);
#231=ORIENTED_EDGE('',*,*,#1455,.F.);
#232=ORIENTED_EDGE('',*,*,#1456,.T.);
#233=ORIENTED_EDGE('',*,*,#1457,.T.);
#234=ORIENTED_EDGE('',*,*,#1458,.F.);
#235=ORIENTED_EDGE('',*,*,#1459,.F.);
#236=ORIENTED_EDGE('',*,*,#1460,.T.);
#237=ORIENTED_EDGE('',*,*,#1461,.T.);
#238=ORIENTED_EDGE('',*,*,#1462,.F.);
#239=ORIENTED_EDGE('',*,*,#1463,.F.);
#240=ORIENTED_EDGE('',*,*,#1464,.T.);
#241=ORIENTED_EDGE('',*,*,#1465,.T.);
#242=ORIENTED_EDGE('',*,*,#1466,.F.);
#243=ORIENTED_EDGE('',*,*,#1467,.F.);
#244=ORIENTED_EDGE('',*,*,#1468,.F.);
#245=ORIENTED_EDGE('',*,*,#1469,.F.);
#246=ORIENTED_EDGE('',*,*,#1470,.T.);
#247=ORIENTED_EDGE('',*,*,#1471,.T.);
#248=ORIENTED_EDGE('',*,*,#1472,.F.);
#249=ORIENTED_EDGE('',*,*,#1473,.F.);
#250=ORIENTED_EDGE('',*,*,#1474,.F.);
#251=ORIENTED_EDGE('',*,*,#1475,.T.);
#252=ORIENTED_EDGE('',*,*,#1476,.F.);
#253=ORIENTED_EDGE('',*,*,#1477,.F.);
#254=ORIENTED_EDGE('',*,*,#1478,.F.);
#255=ORIENTED_EDGE('',*,*,#1479,.T.);
#256=ORIENTED_EDGE('',*,*,#1480,.T.);
#257=ORIENTED_EDGE('',*,*,#1481,.T.);
#258=ORIENTED_EDGE('',*,*,#1482,.F.);
#259=ORIENTED_EDGE('',*,*,#1483,.T.);
#260=ORIENTED_EDGE('',*,*,#1484,.F.);
#261=ORIENTED_EDGE('',*,*,#1485,.F.);
#262=ORIENTED_EDGE('',*,*,#1486,.T.);
#263=ORIENTED_EDGE('',*,*,#1487,.F.);
#264=ORIENTED_EDGE('',*,*,#1488,.F.);
#265=ORIENTED_EDGE('',*,*,#1489,.T.);
#266=ORIENTED_EDGE('',*,*,#1490,.T.);
#267=ORIENTED_EDGE('',*,*,#1491,.F.);
#268=ORIENTED_EDGE('',*,*,#1492,.T.);
#269=ORIENTED_EDGE('',*,*,#1493,.F.);
#270=ORIENTED_EDGE('',*,*,#1494,.T.);
#271=ORIENTED_EDGE('',*,*,#1495,.F.);
#272=ORIENTED_EDGE('',*,*,#1496,.T.);
#273=ORIENTED_EDGE('',*,*,#1497,.F.);
#274=ORIENTED_EDGE('',*,*,#1498,.F.);
#275=ORIENTED_EDGE('',*,*,#1499,.F.);
#276=ORIENTED_EDGE('',*,*,#1500,.F.);
#277=ORIENTED_EDGE('',*,*,#1501,.F.);
#278=ORIENTED_EDGE('',*,*,#1502,.F.);
#279=ORIENTED_EDGE('',*,*,#1503,.F.);
#280=ORIENTED_EDGE('',*,*,#1504,.F.);
#281=ORIENTED_EDGE('',*,*,#1505,.F.);
#282=ORIENTED_EDGE('',*,*,#1506,.F.);
#283=ORIENTED_EDGE('',*,*,#1507,.F.);
#284=ORIENTED_EDGE('',*,*,#1508,.T.);
#285=ORIENTED_EDGE('',*,*,#1509,.T.);
#286=ORIENTED_EDGE('',*,*,#1510,.T.);
#287=ORIENTED_EDGE('',*,*,#1511,.F.);
#288=ORIENTED_EDGE('',*,*,#1512,.T.);
#289=ORIENTED_EDGE('',*,*,#1513,.T.);
#290=ORIENTED_EDGE('',*,*,#1514,.T.);
#291=ORIENTED_EDGE('',*,*,#1515,.F.);
#292=ORIENTED_EDGE('',*,*,#1516,.F.);
#293=ORIENTED_EDGE('',*,*,#1517,.F.);
#294=ORIENTED_EDGE('',*,*,#1518,.F.);
#295=ORIENTED_EDGE('',*,*,#1519,.F.);
#296=ORIENTED_EDGE('',*,*,#1520,.F.);
#297=ORIENTED_EDGE('',*,*,#1521,.F.);
#298=ORIENTED_EDGE('',*,*,#1522,.F.);
#299=ORIENTED_EDGE('',*,*,#1523,.F.);
#300=ORIENTED_EDGE('',*,*,#1524,.F.);
#301=ORIENTED_EDGE('',*,*,#1525,.F.);
#302=ORIENTED_EDGE('',*,*,#1526,.F.);
#303=ORIENTED_EDGE('',*,*,#1527,.F.);
#304=ORIENTED_EDGE('',*,*,#1528,.F.);
#305=ORIENTED_EDGE('',*,*,#1529,.F.);
#306=ORIENTED_EDGE('',*,*,#1530,.F.);
#307=ORIENTED_EDGE('',*,*,#1531,.F.);
#308=ORIENTED_EDGE('',*,*,#1532,.F.);
#309=ORIENTED_EDGE('',*,*,#1533,.F.);
#310=ORIENTED_EDGE('',*,*,#1534,.F.);
#311=ORIENTED_EDGE('',*,*,#1535,.F.);
#312=ORIENTED_EDGE('',*,*,#1536,.F.);
#313=ORIENTED_EDGE('',*,*,#1537,.F.);
#314=ORIENTED_EDGE('',*,*,#1538,.F.);
#315=ORIENTED_EDGE('',*,*,#1539,.F.);
#316=ORIENTED_EDGE('',*,*,#1540,.F.);
#317=ORIENTED_EDGE('',*,*,#1541,.F.);
#318=ORIENTED_EDGE('',*,*,#1542,.F.);
#319=ORIENTED_EDGE('',*,*,#1543,.F.);
#320=ORIENTED_EDGE('',*,*,#1544,.F.);
#321=ORIENTED_EDGE('',*,*,#1545,.F.);
#322=ORIENTED_EDGE('',*,*,#1546,.F.);
#323=ORIENTED_EDGE('',*,*,#1547,.F.);
#324=ORIENTED_EDGE('',*,*,#1548,.F.);
#325=ORIENTED_EDGE('',*,*,#1549,.F.);
#326=ORIENTED_EDGE('',*,*,#1550,.F.);
#327=ORIENTED_EDGE('',*,*,#1551,.F.);
#328=ORIENTED_EDGE('',*,*,#1552,.F.);
#329=ORIENTED_EDGE('',*,*,#1553,.F.);
#330=ORIENTED_EDGE('',*,*,#1554,.F.);
#331=ORIENTED_EDGE('',*,*,#1555,.F.);
#332=ORIENTED_EDGE('',*,*,#1556,.F.);
#333=ORIENTED_EDGE('',*,*,#1557,.F.);
#334=ORIENTED_EDGE('',*,*,#1558,.F.);
#335=ORIENTED_EDGE('',*,*,#1559,.T.);
#336=ORIENTED_EDGE('',*,*,#1560,.T.);
#337=ORIENTED_EDGE('',*,*,#1561,.T.);
#338=ORIENTED_EDGE('',*,*,#1562,.T.);
#339=ORIENTED_EDGE('',*,*,#1563,.T.);
#340=ORIENTED_EDGE('',*,*,#1564,.T.);
#341=ORIENTED_EDGE('',*,*,#1565,.T.);
#342=ORIENTED_EDGE('',*,*,#1566,.T.);
#343=ORIENTED_EDGE('',*,*,#1567,.T.);
#344=ORIENTED_EDGE('',*,*,#1568,.T.);
#345=ORIENTED_EDGE('',*,*,#1569,.T.);
#346=ORIENTED_EDGE('',*,*,#1570,.T.);
#347=ORIENTED_EDGE('',*,*,#1571,.F.);
#348=ORIENTED_EDGE('',*,*,#1572,.F.);
#349=ORIENTED_EDGE('',*,*,#1573,.T.);
#350=ORIENTED_EDGE('',*,*,#1574,.F.);
#351=ORIENTED_EDGE('',*,*,#1575,.T.);
#352=ORIENTED_EDGE('',*,*,#1576,.T.);
#353=ORIENTED_EDGE('',*,*,#1577,.F.);
#354=ORIENTED_EDGE('',*,*,#1578,.F.);
#355=ORIENTED_EDGE('',*,*,#1579,.T.);
#356=ORIENTED_EDGE('',*,*,#1580,.F.);
#357=ORIENTED_EDGE('',*,*,#1581,.T.);
#358=ORIENTED_EDGE('',*,*,#1582,.F.);
#359=ORIENTED_EDGE('',*,*,#1583,.F.);
#360=ORIENTED_EDGE('',*,*,#1584,.T.);
#361=ORIENTED_EDGE('',*,*,#1585,.T.);
#362=ORIENTED_EDGE('',*,*,#1586,.F.);
#363=ORIENTED_EDGE('',*,*,#1587,.F.);
#364=ORIENTED_EDGE('',*,*,#1588,.F.);
#365=ORIENTED_EDGE('',*,*,#1589,.F.);
#366=ORIENTED_EDGE('',*,*,#1590,.F.);
#367=ORIENTED_EDGE('',*,*,#1591,.F.);
#368=ORIENTED_EDGE('',*,*,#1592,.F.);
#369=ORIENTED_EDGE('',*,*,#1593,.F.);
#370=ORIENTED_EDGE('',*,*,#1594,.F.);
#371=ORIENTED_EDGE('',*,*,#1595,.F.);
#372=ORIENTED_EDGE('',*,*,#1596,.F.);
#373=ORIENTED_EDGE('',*,*,#1597,.F.);
#374=ORIENTED_EDGE('',*,*,#1598,.F.);
#375=ORIENTED_EDGE('',*,*,#1599,.F.);
#376=ORIENTED_EDGE('',*,*,#1600,.F.);
#377=ORIENTED_EDGE('',*,*,#1601,.F.);
#378=ORIENTED_EDGE('',*,*,#1602,.T.);
#379=ORIENTED_EDGE('',*,*,#1603,.T.);
#380=ORIENTED_EDGE('',*,*,#1604,.T.);
#381=ORIENTED_EDGE('',*,*,#1605,.T.);
#382=ORIENTED_EDGE('',*,*,#1606,.T.);
#383=ORIENTED_EDGE('',*,*,#1607,.T.);
#384=ORIENTED_EDGE('',*,*,#1608,.T.);
#385=ORIENTED_EDGE('',*,*,#1609,.T.);
#386=ORIENTED_EDGE('',*,*,#1610,.T.);
#387=ORIENTED_EDGE('',*,*,#1611,.T.);
#388=ORIENTED_EDGE('',*,*,#1612,.T.);
#389=ORIENTED_EDGE('',*,*,#1613,.T.);
#390=ORIENTED_EDGE('',*,*,#1614,.T.);
#391=ORIENTED_EDGE('',*,*,#1615,.T.);
#392=ORIENTED_EDGE('',*,*,#1616,.T.);
#393=ORIENTED_EDGE('',*,*,#1617,.T.);
#394=ORIENTED_EDGE('',*,*,#1618,.T.);
#395=ORIENTED_EDGE('',*,*,#1619,.T.);
#396=ORIENTED_EDGE('',*,*,#1620,.T.);
#397=ORIENTED_EDGE('',*,*,#1621,.F.);
#398=ORIENTED_EDGE('',*,*,#1622,.T.);
#399=ORIENTED_EDGE('',*,*,#1623,.F.);
#400=ORIENTED_EDGE('',*,*,#1491,.T.);
#401=ORIENTED_EDGE('',*,*,#1624,.T.);
#402=ORIENTED_EDGE('',*,*,#1625,.T.);
#403=ORIENTED_EDGE('',*,*,#1626,.F.);
#404=ORIENTED_EDGE('',*,*,#1627,.T.);
#405=ORIENTED_EDGE('',*,*,#1628,.T.);
#406=ORIENTED_EDGE('',*,*,#1629,.F.);
#407=ORIENTED_EDGE('',*,*,#1630,.T.);
#408=ORIENTED_EDGE('',*,*,#1631,.T.);
#409=ORIENTED_EDGE('',*,*,#1632,.T.);
#410=ORIENTED_EDGE('',*,*,#1633,.T.);
#411=ORIENTED_EDGE('',*,*,#1634,.F.);
#412=ORIENTED_EDGE('',*,*,#1635,.T.);
#413=ORIENTED_EDGE('',*,*,#1636,.F.);
#414=ORIENTED_EDGE('',*,*,#1637,.T.);
#415=ORIENTED_EDGE('',*,*,#1638,.F.);
#416=ORIENTED_EDGE('',*,*,#1639,.F.);
#417=ORIENTED_EDGE('',*,*,#1640,.F.);
#418=ORIENTED_EDGE('',*,*,#1641,.T.);
#419=ORIENTED_EDGE('',*,*,#1625,.F.);
#420=ORIENTED_EDGE('',*,*,#1642,.T.);
#421=ORIENTED_EDGE('',*,*,#1643,.F.);
#422=ORIENTED_EDGE('',*,*,#1644,.T.);
#423=ORIENTED_EDGE('',*,*,#1645,.F.);
#424=ORIENTED_EDGE('',*,*,#1646,.T.);
#425=ORIENTED_EDGE('',*,*,#1647,.F.);
#426=ORIENTED_EDGE('',*,*,#1648,.T.);
#427=ORIENTED_EDGE('',*,*,#1649,.F.);
#428=ORIENTED_EDGE('',*,*,#1650,.T.);
#429=ORIENTED_EDGE('',*,*,#1651,.T.);
#430=ORIENTED_EDGE('',*,*,#1652,.F.);
#431=ORIENTED_EDGE('',*,*,#1653,.T.);
#432=ORIENTED_EDGE('',*,*,#1654,.T.);
#433=ORIENTED_EDGE('',*,*,#1655,.T.);
#434=ORIENTED_EDGE('',*,*,#1656,.F.);
#435=ORIENTED_EDGE('',*,*,#1634,.T.);
#436=ORIENTED_EDGE('',*,*,#1657,.F.);
#437=ORIENTED_EDGE('',*,*,#1658,.T.);
#438=ORIENTED_EDGE('',*,*,#1659,.T.);
#439=ORIENTED_EDGE('',*,*,#1660,.F.);
#440=ORIENTED_EDGE('',*,*,#1661,.F.);
#441=ORIENTED_EDGE('',*,*,#1635,.F.);
#442=ORIENTED_EDGE('',*,*,#1656,.T.);
#443=ORIENTED_EDGE('',*,*,#1662,.F.);
#444=ORIENTED_EDGE('',*,*,#1663,.T.);
#445=ORIENTED_EDGE('',*,*,#1664,.F.);
#446=ORIENTED_EDGE('',*,*,#1665,.T.);
#447=ORIENTED_EDGE('',*,*,#1666,.T.);
#448=ORIENTED_EDGE('',*,*,#1667,.T.);
#449=ORIENTED_EDGE('',*,*,#1479,.F.);
#450=ORIENTED_EDGE('',*,*,#1668,.F.);
#451=ORIENTED_EDGE('',*,*,#1580,.T.);
#452=ORIENTED_EDGE('',*,*,#1669,.F.);
#453=ORIENTED_EDGE('',*,*,#1670,.F.);
#454=ORIENTED_EDGE('',*,*,#1671,.F.);
#455=ORIENTED_EDGE('',*,*,#1672,.T.);
#456=ORIENTED_EDGE('',*,*,#1673,.T.);
#457=ORIENTED_EDGE('',*,*,#1674,.F.);
#458=ORIENTED_EDGE('',*,*,#1675,.T.);
#459=ORIENTED_EDGE('',*,*,#1664,.T.);
#460=ORIENTED_EDGE('',*,*,#1676,.T.);
#461=ORIENTED_EDGE('',*,*,#1671,.T.);
#462=ORIENTED_EDGE('',*,*,#1677,.T.);
#463=ORIENTED_EDGE('',*,*,#1678,.T.);
#464=ORIENTED_EDGE('',*,*,#1679,.F.);
#465=ORIENTED_EDGE('',*,*,#1680,.T.);
#466=ORIENTED_EDGE('',*,*,#1681,.F.);
#467=ORIENTED_EDGE('',*,*,#1658,.F.);
#468=ORIENTED_EDGE('',*,*,#1682,.F.);
#469=ORIENTED_EDGE('',*,*,#1683,.F.);
#470=ORIENTED_EDGE('',*,*,#1684,.T.);
#471=ORIENTED_EDGE('',*,*,#1685,.F.);
#472=ORIENTED_EDGE('',*,*,#1686,.T.);
#473=ORIENTED_EDGE('',*,*,#1660,.T.);
#474=ORIENTED_EDGE('',*,*,#1687,.F.);
#475=ORIENTED_EDGE('',*,*,#1688,.F.);
#476=ORIENTED_EDGE('',*,*,#1689,.F.);
#477=ORIENTED_EDGE('',*,*,#1690,.T.);
#478=ORIENTED_EDGE('',*,*,#1585,.F.);
#479=ORIENTED_EDGE('',*,*,#1691,.T.);
#480=ORIENTED_EDGE('',*,*,#1683,.T.);
#481=ORIENTED_EDGE('',*,*,#1692,.T.);
#482=ORIENTED_EDGE('',*,*,#1653,.F.);
#483=ORIENTED_EDGE('',*,*,#1639,.T.);
#484=ORIENTED_EDGE('',*,*,#1693,.T.);
#485=ORIENTED_EDGE('',*,*,#1481,.F.);
#486=ORIENTED_EDGE('',*,*,#1694,.T.);
#487=ORIENTED_EDGE('',*,*,#1695,.T.);
#488=ORIENTED_EDGE('',*,*,#1696,.T.);
#489=ORIENTED_EDGE('',*,*,#1674,.T.);
#490=ORIENTED_EDGE('',*,*,#1697,.T.);
#491=ORIENTED_EDGE('',*,*,#1680,.F.);
#492=ORIENTED_EDGE('',*,*,#1698,.F.);
#493=ORIENTED_EDGE('',*,*,#1682,.T.);
#494=ORIENTED_EDGE('',*,*,#1659,.F.);
#495=ORIENTED_EDGE('',*,*,#1681,.T.);
#496=ORIENTED_EDGE('',*,*,#1697,.F.);
#497=ORIENTED_EDGE('',*,*,#1676,.F.);
#498=ORIENTED_EDGE('',*,*,#1669,.T.);
#499=ORIENTED_EDGE('',*,*,#1586,.T.);
#500=ORIENTED_EDGE('',*,*,#1690,.F.);
#501=ORIENTED_EDGE('',*,*,#1699,.T.);
#502=ORIENTED_EDGE('',*,*,#1652,.T.);
#503=ORIENTED_EDGE('',*,*,#1700,.F.);
#504=ORIENTED_EDGE('',*,*,#1701,.F.);
#505=ORIENTED_EDGE('',*,*,#1702,.F.);
#506=ORIENTED_EDGE('',*,*,#1703,.T.);
#507=ORIENTED_EDGE('',*,*,#1684,.F.);
#508=ORIENTED_EDGE('',*,*,#1691,.F.);
#509=ORIENTED_EDGE('',*,*,#1584,.F.);
#510=ORIENTED_EDGE('',*,*,#1704,.F.);
#511=ORIENTED_EDGE('',*,*,#1476,.T.);
#512=ORIENTED_EDGE('',*,*,#1705,.T.);
#513=ORIENTED_EDGE('',*,*,#1706,.F.);
#514=ORIENTED_EDGE('',*,*,#1707,.T.);
#515=ORIENTED_EDGE('',*,*,#1708,.T.);
#516=ORIENTED_EDGE('',*,*,#1709,.T.);
#517=ORIENTED_EDGE('',*,*,#1482,.T.);
#518=ORIENTED_EDGE('',*,*,#1693,.F.);
#519=ORIENTED_EDGE('',*,*,#1638,.T.);
#520=ORIENTED_EDGE('',*,*,#1710,.T.);
#521=ORIENTED_EDGE('',*,*,#1695,.F.);
#522=ORIENTED_EDGE('',*,*,#1711,.T.);
#523=ORIENTED_EDGE('',*,*,#1666,.F.);
#524=ORIENTED_EDGE('',*,*,#1712,.T.);
#525=ORIENTED_EDGE('',*,*,#1713,.F.);
#526=ORIENTED_EDGE('',*,*,#1714,.T.);
#527=ORIENTED_EDGE('',*,*,#1582,.T.);
#528=ORIENTED_EDGE('',*,*,#1673,.F.);
#529=ORIENTED_EDGE('',*,*,#1715,.F.);
#530=ORIENTED_EDGE('',*,*,#1716,.T.);
#531=ORIENTED_EDGE('',*,*,#1717,.F.);
#532=ORIENTED_EDGE('',*,*,#1685,.T.);
#533=ORIENTED_EDGE('',*,*,#1710,.F.);
#534=ORIENTED_EDGE('',*,*,#1637,.F.);
#535=ORIENTED_EDGE('',*,*,#1718,.F.);
#536=ORIENTED_EDGE('',*,*,#1715,.T.);
#537=ORIENTED_EDGE('',*,*,#1583,.T.);
#538=ORIENTED_EDGE('',*,*,#1714,.F.);
#539=ORIENTED_EDGE('',*,*,#1477,.T.);
#540=ORIENTED_EDGE('',*,*,#1704,.T.);
#541=ORIENTED_EDGE('',*,*,#1719,.T.);
#542=ORIENTED_EDGE('',*,*,#1718,.T.);
#543=ORIENTED_EDGE('',*,*,#1636,.T.);
#544=ORIENTED_EDGE('',*,*,#1661,.T.);
#545=ORIENTED_EDGE('',*,*,#1686,.F.);
#546=ORIENTED_EDGE('',*,*,#1717,.T.);
#547=ORIENTED_EDGE('',*,*,#1672,.F.);
#548=ORIENTED_EDGE('',*,*,#1678,.F.);
#549=ORIENTED_EDGE('',*,*,#1677,.F.);
#550=ORIENTED_EDGE('',*,*,#1670,.T.);
#551=ORIENTED_EDGE('',*,*,#1716,.F.);
#552=ORIENTED_EDGE('',*,*,#1719,.F.);
#553=ORIENTED_EDGE('',*,*,#1581,.F.);
#554=ORIENTED_EDGE('',*,*,#1668,.T.);
#555=ORIENTED_EDGE('',*,*,#1478,.T.);
#556=ORIENTED_EDGE('',*,*,#1713,.T.);
#557=ORIENTED_EDGE('',*,*,#1657,.T.);
#558=ORIENTED_EDGE('',*,*,#1720,.T.);
#559=ORIENTED_EDGE('',*,*,#1698,.T.);
#560=ORIENTED_EDGE('',*,*,#1679,.T.);
#561=ORIENTED_EDGE('',*,*,#1655,.F.);
#562=ORIENTED_EDGE('',*,*,#1721,.T.);
#563=ORIENTED_EDGE('',*,*,#1662,.T.);
#564=ORIENTED_EDGE('',*,*,#1667,.F.);
#565=ORIENTED_EDGE('',*,*,#1711,.F.);
#566=ORIENTED_EDGE('',*,*,#1694,.F.);
#567=ORIENTED_EDGE('',*,*,#1480,.F.);
#568=ORIENTED_EDGE('',*,*,#1665,.F.);
#569=ORIENTED_EDGE('',*,*,#1675,.F.);
#570=ORIENTED_EDGE('',*,*,#1696,.F.);
#571=ORIENTED_EDGE('',*,*,#1712,.F.);
#572=ORIENTED_EDGE('',*,*,#1692,.F.);
#573=ORIENTED_EDGE('',*,*,#1720,.F.);
#574=ORIENTED_EDGE('',*,*,#1663,.F.);
#575=ORIENTED_EDGE('',*,*,#1721,.F.);
#576=ORIENTED_EDGE('',*,*,#1654,.F.);
#577=ORIENTED_EDGE('',*,*,#1500,.T.);
#578=ORIENTED_EDGE('',*,*,#1633,.F.);
#579=ORIENTED_EDGE('',*,*,#1499,.T.);
#580=ORIENTED_EDGE('',*,*,#1632,.F.);
#581=ORIENTED_EDGE('',*,*,#1498,.T.);
#582=ORIENTED_EDGE('',*,*,#1631,.F.);
#583=ORIENTED_EDGE('',*,*,#1497,.T.);
#584=ORIENTED_EDGE('',*,*,#1630,.F.);
#585=ORIENTED_EDGE('',*,*,#1722,.F.);
#586=ORIENTED_EDGE('',*,*,#1723,.T.);
#587=ORIENTED_EDGE('',*,*,#1706,.T.);
#588=ORIENTED_EDGE('',*,*,#1724,.T.);
#589=ORIENTED_EDGE('',*,*,#1723,.F.);
#590=ORIENTED_EDGE('',*,*,#1621,.T.);
#591=ORIENTED_EDGE('',*,*,#1725,.T.);
#592=ORIENTED_EDGE('',*,*,#1707,.F.);
#593=ORIENTED_EDGE('',*,*,#1725,.F.);
#594=ORIENTED_EDGE('',*,*,#1726,.T.);
#595=ORIENTED_EDGE('',*,*,#1727,.T.);
#596=ORIENTED_EDGE('',*,*,#1708,.F.);
#597=ORIENTED_EDGE('',*,*,#1728,.F.);
#598=ORIENTED_EDGE('',*,*,#1729,.T.);
#599=ORIENTED_EDGE('',*,*,#1700,.T.);
#600=ORIENTED_EDGE('',*,*,#1651,.F.);
#601=ORIENTED_EDGE('',*,*,#1730,.F.);
#602=ORIENTED_EDGE('',*,*,#1731,.T.);
#603=ORIENTED_EDGE('',*,*,#1701,.T.);
#604=ORIENTED_EDGE('',*,*,#1729,.F.);
#605=ORIENTED_EDGE('',*,*,#1732,.F.);
#606=ORIENTED_EDGE('',*,*,#1733,.T.);
#607=ORIENTED_EDGE('',*,*,#1702,.T.);
#608=ORIENTED_EDGE('',*,*,#1731,.F.);
#609=ORIENTED_EDGE('',*,*,#1733,.F.);
#610=ORIENTED_EDGE('',*,*,#1734,.T.);
#611=ORIENTED_EDGE('',*,*,#1735,.T.);
#612=ORIENTED_EDGE('',*,*,#1703,.F.);
#613=ORIENTED_EDGE('',*,*,#1735,.F.);
#614=ORIENTED_EDGE('',*,*,#1736,.T.);
#615=ORIENTED_EDGE('',*,*,#1649,.T.);
#616=ORIENTED_EDGE('',*,*,#1699,.F.);
#617=ORIENTED_EDGE('',*,*,#1737,.F.);
#618=ORIENTED_EDGE('',*,*,#1738,.T.);
#619=ORIENTED_EDGE('',*,*,#1474,.T.);
#620=ORIENTED_EDGE('',*,*,#1739,.F.);
#621=ORIENTED_EDGE('',*,*,#1470,.F.);
#622=ORIENTED_EDGE('',*,*,#1709,.F.);
#623=ORIENTED_EDGE('',*,*,#1727,.F.);
#624=ORIENTED_EDGE('',*,*,#1738,.F.);
#625=ORIENTED_EDGE('',*,*,#1724,.F.);
#626=ORIENTED_EDGE('',*,*,#1705,.F.);
#627=ORIENTED_EDGE('',*,*,#1475,.F.);
#628=ORIENTED_EDGE('',*,*,#1644,.F.);
#629=ORIENTED_EDGE('',*,*,#1740,.F.);
#630=ORIENTED_EDGE('',*,*,#1488,.T.);
#631=ORIENTED_EDGE('',*,*,#1741,.T.);
#632=ORIENTED_EDGE('',*,*,#1643,.T.);
#633=ORIENTED_EDGE('',*,*,#1742,.F.);
#634=ORIENTED_EDGE('',*,*,#1489,.F.);
#635=ORIENTED_EDGE('',*,*,#1740,.T.);
#636=ORIENTED_EDGE('',*,*,#1642,.F.);
#637=ORIENTED_EDGE('',*,*,#1624,.F.);
#638=ORIENTED_EDGE('',*,*,#1490,.F.);
#639=ORIENTED_EDGE('',*,*,#1742,.T.);
#640=ORIENTED_EDGE('',*,*,#1741,.F.);
#641=ORIENTED_EDGE('',*,*,#1487,.T.);
#642=ORIENTED_EDGE('',*,*,#1743,.T.);
#643=ORIENTED_EDGE('',*,*,#1645,.T.);
#644=ORIENTED_EDGE('',*,*,#1743,.F.);
#645=ORIENTED_EDGE('',*,*,#1496,.F.);
#646=ORIENTED_EDGE('',*,*,#1744,.T.);
#647=ORIENTED_EDGE('',*,*,#1646,.F.);
#648=ORIENTED_EDGE('',*,*,#1495,.T.);
#649=ORIENTED_EDGE('',*,*,#1745,.T.);
#650=ORIENTED_EDGE('',*,*,#1647,.T.);
#651=ORIENTED_EDGE('',*,*,#1744,.F.);
#652=ORIENTED_EDGE('',*,*,#1746,.T.);
#653=ORIENTED_EDGE('',*,*,#1648,.F.);
#654=ORIENTED_EDGE('',*,*,#1745,.F.);
#655=ORIENTED_EDGE('',*,*,#1494,.F.);
#656=ORIENTED_EDGE('',*,*,#1623,.T.);
#657=ORIENTED_EDGE('',*,*,#1641,.F.);
#658=ORIENTED_EDGE('',*,*,#1747,.F.);
#659=ORIENTED_EDGE('',*,*,#1492,.F.);
#660=ORIENTED_EDGE('',*,*,#1493,.T.);
#661=ORIENTED_EDGE('',*,*,#1747,.T.);
#662=ORIENTED_EDGE('',*,*,#1640,.T.);
#663=ORIENTED_EDGE('',*,*,#1746,.F.);
#664=ORIENTED_EDGE('',*,*,#1748,.T.);
#665=ORIENTED_EDGE('',*,*,#1628,.F.);
#666=ORIENTED_EDGE('',*,*,#1749,.F.);
#667=ORIENTED_EDGE('',*,*,#1486,.F.);
#668=ORIENTED_EDGE('',*,*,#1485,.T.);
#669=ORIENTED_EDGE('',*,*,#1750,.T.);
#670=ORIENTED_EDGE('',*,*,#1629,.T.);
#671=ORIENTED_EDGE('',*,*,#1748,.F.);
#672=ORIENTED_EDGE('',*,*,#1749,.T.);
#673=ORIENTED_EDGE('',*,*,#1627,.F.);
#674=ORIENTED_EDGE('',*,*,#1751,.F.);
#675=ORIENTED_EDGE('',*,*,#1483,.F.);
#676=ORIENTED_EDGE('',*,*,#1484,.T.);
#677=ORIENTED_EDGE('',*,*,#1751,.T.);
#678=ORIENTED_EDGE('',*,*,#1626,.T.);
#679=ORIENTED_EDGE('',*,*,#1750,.F.);
#680=ORIENTED_EDGE('',*,*,#1736,.F.);
#681=ORIENTED_EDGE('',*,*,#1734,.F.);
#682=ORIENTED_EDGE('',*,*,#1732,.T.);
#683=ORIENTED_EDGE('',*,*,#1730,.T.);
#684=ORIENTED_EDGE('',*,*,#1728,.T.);
#685=ORIENTED_EDGE('',*,*,#1650,.F.);
#686=ORIENTED_EDGE('',*,*,#1722,.T.);
#687=ORIENTED_EDGE('',*,*,#1752,.T.);
#688=ORIENTED_EDGE('',*,*,#1472,.T.);
#689=ORIENTED_EDGE('',*,*,#1753,.F.);
#690=ORIENTED_EDGE('',*,*,#1726,.F.);
#691=ORIENTED_EDGE('',*,*,#1622,.F.);
#692=ORIENTED_EDGE('',*,*,#1752,.F.);
#693=ORIENTED_EDGE('',*,*,#1737,.T.);
#694=ORIENTED_EDGE('',*,*,#1473,.T.);
#695=ORIENTED_EDGE('',*,*,#1739,.T.);
#696=ORIENTED_EDGE('',*,*,#1753,.T.);
#697=ORIENTED_EDGE('',*,*,#1471,.F.);
#698=ORIENTED_EDGE('',*,*,#1687,.T.);
#699=ORIENTED_EDGE('',*,*,#1587,.T.);
#700=ORIENTED_EDGE('',*,*,#1688,.T.);
#701=ORIENTED_EDGE('',*,*,#1588,.T.);
#702=ORIENTED_EDGE('',*,*,#1689,.T.);
#703=ORIENTED_EDGE('',*,*,#1589,.T.);
#704=ORIENTED_EDGE('',*,*,#1570,.F.);
#705=ORIENTED_EDGE('',*,*,#1754,.F.);
#706=ORIENTED_EDGE('',*,*,#1755,.F.);
#707=ORIENTED_EDGE('',*,*,#1756,.T.);
#708=ORIENTED_EDGE('',*,*,#1569,.F.);
#709=ORIENTED_EDGE('',*,*,#1757,.F.);
#710=ORIENTED_EDGE('',*,*,#1758,.F.);
#711=ORIENTED_EDGE('',*,*,#1754,.T.);
#712=ORIENTED_EDGE('',*,*,#1579,.F.);
#713=ORIENTED_EDGE('',*,*,#1759,.F.);
#714=ORIENTED_EDGE('',*,*,#1760,.F.);
#715=ORIENTED_EDGE('',*,*,#1757,.T.);
#716=ORIENTED_EDGE('',*,*,#1759,.T.);
#717=ORIENTED_EDGE('',*,*,#1578,.T.);
#718=ORIENTED_EDGE('',*,*,#1761,.F.);
#719=ORIENTED_EDGE('',*,*,#1762,.T.);
#720=ORIENTED_EDGE('',*,*,#1761,.T.);
#721=ORIENTED_EDGE('',*,*,#1577,.T.);
#722=ORIENTED_EDGE('',*,*,#1763,.F.);
#723=ORIENTED_EDGE('',*,*,#1764,.T.);
#724=ORIENTED_EDGE('',*,*,#1576,.F.);
#725=ORIENTED_EDGE('',*,*,#1765,.F.);
#726=ORIENTED_EDGE('',*,*,#1766,.F.);
#727=ORIENTED_EDGE('',*,*,#1763,.T.);
#728=ORIENTED_EDGE('',*,*,#1575,.F.);
#729=ORIENTED_EDGE('',*,*,#1767,.F.);
#730=ORIENTED_EDGE('',*,*,#1768,.F.);
#731=ORIENTED_EDGE('',*,*,#1765,.T.);
#732=ORIENTED_EDGE('',*,*,#1767,.T.);
#733=ORIENTED_EDGE('',*,*,#1574,.T.);
#734=ORIENTED_EDGE('',*,*,#1769,.F.);
#735=ORIENTED_EDGE('',*,*,#1770,.T.);
#736=ORIENTED_EDGE('',*,*,#1573,.F.);
#737=ORIENTED_EDGE('',*,*,#1771,.F.);
#738=ORIENTED_EDGE('',*,*,#1772,.F.);
#739=ORIENTED_EDGE('',*,*,#1769,.T.);
#740=ORIENTED_EDGE('',*,*,#1771,.T.);
#741=ORIENTED_EDGE('',*,*,#1572,.T.);
#742=ORIENTED_EDGE('',*,*,#1773,.F.);
#743=ORIENTED_EDGE('',*,*,#1774,.T.);
#744=ORIENTED_EDGE('',*,*,#1773,.T.);
#745=ORIENTED_EDGE('',*,*,#1571,.T.);
#746=ORIENTED_EDGE('',*,*,#1756,.F.);
#747=ORIENTED_EDGE('',*,*,#1775,.T.);
#748=ORIENTED_EDGE('',*,*,#1755,.T.);
#749=ORIENTED_EDGE('',*,*,#1758,.T.);
#750=ORIENTED_EDGE('',*,*,#1760,.T.);
#751=ORIENTED_EDGE('',*,*,#1762,.F.);
#752=ORIENTED_EDGE('',*,*,#1764,.F.);
#753=ORIENTED_EDGE('',*,*,#1766,.T.);
#754=ORIENTED_EDGE('',*,*,#1768,.T.);
#755=ORIENTED_EDGE('',*,*,#1770,.F.);
#756=ORIENTED_EDGE('',*,*,#1772,.T.);
#757=ORIENTED_EDGE('',*,*,#1774,.F.);
#758=ORIENTED_EDGE('',*,*,#1775,.F.);
#759=ORIENTED_EDGE('',*,*,#1560,.F.);
#760=ORIENTED_EDGE('',*,*,#1776,.F.);
#761=ORIENTED_EDGE('',*,*,#1777,.F.);
#762=ORIENTED_EDGE('',*,*,#1778,.T.);
#763=ORIENTED_EDGE('',*,*,#1559,.F.);
#764=ORIENTED_EDGE('',*,*,#1779,.F.);
#765=ORIENTED_EDGE('',*,*,#1780,.F.);
#766=ORIENTED_EDGE('',*,*,#1776,.T.);
#767=ORIENTED_EDGE('',*,*,#1568,.F.);
#768=ORIENTED_EDGE('',*,*,#1781,.F.);
#769=ORIENTED_EDGE('',*,*,#1782,.F.);
#770=ORIENTED_EDGE('',*,*,#1779,.T.);
#771=ORIENTED_EDGE('',*,*,#1567,.F.);
#772=ORIENTED_EDGE('',*,*,#1783,.F.);
#773=ORIENTED_EDGE('',*,*,#1784,.F.);
#774=ORIENTED_EDGE('',*,*,#1781,.T.);
#775=ORIENTED_EDGE('',*,*,#1566,.F.);
#776=ORIENTED_EDGE('',*,*,#1785,.F.);
#777=ORIENTED_EDGE('',*,*,#1786,.F.);
#778=ORIENTED_EDGE('',*,*,#1783,.T.);
#779=ORIENTED_EDGE('',*,*,#1565,.F.);
#780=ORIENTED_EDGE('',*,*,#1787,.F.);
#781=ORIENTED_EDGE('',*,*,#1788,.F.);
#782=ORIENTED_EDGE('',*,*,#1785,.T.);
#783=ORIENTED_EDGE('',*,*,#1564,.F.);
#784=ORIENTED_EDGE('',*,*,#1789,.F.);
#785=ORIENTED_EDGE('',*,*,#1790,.F.);
#786=ORIENTED_EDGE('',*,*,#1787,.T.);
#787=ORIENTED_EDGE('',*,*,#1563,.F.);
#788=ORIENTED_EDGE('',*,*,#1791,.F.);
#789=ORIENTED_EDGE('',*,*,#1792,.F.);
#790=ORIENTED_EDGE('',*,*,#1789,.T.);
#791=ORIENTED_EDGE('',*,*,#1562,.F.);
#792=ORIENTED_EDGE('',*,*,#1793,.F.);
#793=ORIENTED_EDGE('',*,*,#1794,.F.);
#794=ORIENTED_EDGE('',*,*,#1791,.T.);
#795=ORIENTED_EDGE('',*,*,#1795,.F.);
#796=ORIENTED_EDGE('',*,*,#1796,.F.);
#797=ORIENTED_EDGE('',*,*,#1797,.F.);
#798=ORIENTED_EDGE('',*,*,#1798,.T.);
#799=ORIENTED_EDGE('',*,*,#1799,.F.);
#800=ORIENTED_EDGE('',*,*,#1800,.F.);
#801=ORIENTED_EDGE('',*,*,#1801,.F.);
#802=ORIENTED_EDGE('',*,*,#1796,.T.);
#803=ORIENTED_EDGE('',*,*,#1802,.F.);
#804=ORIENTED_EDGE('',*,*,#1803,.F.);
#805=ORIENTED_EDGE('',*,*,#1804,.F.);
#806=ORIENTED_EDGE('',*,*,#1800,.T.);
#807=ORIENTED_EDGE('',*,*,#1805,.F.);
#808=ORIENTED_EDGE('',*,*,#1798,.F.);
#809=ORIENTED_EDGE('',*,*,#1806,.F.);
#810=ORIENTED_EDGE('',*,*,#1803,.T.);
#811=ORIENTED_EDGE('',*,*,#1561,.F.);
#812=ORIENTED_EDGE('',*,*,#1778,.F.);
#813=ORIENTED_EDGE('',*,*,#1807,.F.);
#814=ORIENTED_EDGE('',*,*,#1793,.T.);
#815=ORIENTED_EDGE('',*,*,#1797,.T.);
#816=ORIENTED_EDGE('',*,*,#1801,.T.);
#817=ORIENTED_EDGE('',*,*,#1804,.T.);
#818=ORIENTED_EDGE('',*,*,#1806,.T.);
#819=ORIENTED_EDGE('',*,*,#1777,.T.);
#820=ORIENTED_EDGE('',*,*,#1780,.T.);
#821=ORIENTED_EDGE('',*,*,#1782,.T.);
#822=ORIENTED_EDGE('',*,*,#1784,.T.);
#823=ORIENTED_EDGE('',*,*,#1786,.T.);
#824=ORIENTED_EDGE('',*,*,#1788,.T.);
#825=ORIENTED_EDGE('',*,*,#1790,.T.);
#826=ORIENTED_EDGE('',*,*,#1792,.T.);
#827=ORIENTED_EDGE('',*,*,#1794,.T.);
#828=ORIENTED_EDGE('',*,*,#1807,.T.);
#829=ORIENTED_EDGE('',*,*,#1799,.T.);
#830=ORIENTED_EDGE('',*,*,#1795,.T.);
#831=ORIENTED_EDGE('',*,*,#1805,.T.);
#832=ORIENTED_EDGE('',*,*,#1802,.T.);
#833=ORIENTED_EDGE('',*,*,#1808,.T.);
#834=ORIENTED_EDGE('',*,*,#1590,.T.);
#835=ORIENTED_EDGE('',*,*,#1809,.F.);
#836=ORIENTED_EDGE('',*,*,#1810,.T.);
#837=ORIENTED_EDGE('',*,*,#1809,.T.);
#838=ORIENTED_EDGE('',*,*,#1601,.T.);
#839=ORIENTED_EDGE('',*,*,#1811,.F.);
#840=ORIENTED_EDGE('',*,*,#1812,.T.);
#841=ORIENTED_EDGE('',*,*,#1811,.T.);
#842=ORIENTED_EDGE('',*,*,#1600,.T.);
#843=ORIENTED_EDGE('',*,*,#1813,.F.);
#844=ORIENTED_EDGE('',*,*,#1814,.T.);
#845=ORIENTED_EDGE('',*,*,#1813,.T.);
#846=ORIENTED_EDGE('',*,*,#1599,.T.);
#847=ORIENTED_EDGE('',*,*,#1815,.F.);
#848=ORIENTED_EDGE('',*,*,#1816,.T.);
#849=ORIENTED_EDGE('',*,*,#1815,.T.);
#850=ORIENTED_EDGE('',*,*,#1598,.T.);
#851=ORIENTED_EDGE('',*,*,#1817,.F.);
#852=ORIENTED_EDGE('',*,*,#1818,.T.);
#853=ORIENTED_EDGE('',*,*,#1817,.T.);
#854=ORIENTED_EDGE('',*,*,#1597,.T.);
#855=ORIENTED_EDGE('',*,*,#1819,.F.);
#856=ORIENTED_EDGE('',*,*,#1820,.T.);
#857=ORIENTED_EDGE('',*,*,#1819,.T.);
#858=ORIENTED_EDGE('',*,*,#1596,.T.);
#859=ORIENTED_EDGE('',*,*,#1821,.F.);
#860=ORIENTED_EDGE('',*,*,#1822,.T.);
#861=ORIENTED_EDGE('',*,*,#1821,.T.);
#862=ORIENTED_EDGE('',*,*,#1595,.T.);
#863=ORIENTED_EDGE('',*,*,#1823,.F.);
#864=ORIENTED_EDGE('',*,*,#1824,.T.);
#865=ORIENTED_EDGE('',*,*,#1823,.T.);
#866=ORIENTED_EDGE('',*,*,#1594,.T.);
#867=ORIENTED_EDGE('',*,*,#1825,.F.);
#868=ORIENTED_EDGE('',*,*,#1826,.T.);
#869=ORIENTED_EDGE('',*,*,#1825,.T.);
#870=ORIENTED_EDGE('',*,*,#1593,.T.);
#871=ORIENTED_EDGE('',*,*,#1827,.F.);
#872=ORIENTED_EDGE('',*,*,#1828,.T.);
#873=ORIENTED_EDGE('',*,*,#1827,.T.);
#874=ORIENTED_EDGE('',*,*,#1592,.T.);
#875=ORIENTED_EDGE('',*,*,#1829,.F.);
#876=ORIENTED_EDGE('',*,*,#1830,.T.);
#877=ORIENTED_EDGE('',*,*,#1829,.T.);
#878=ORIENTED_EDGE('',*,*,#1591,.T.);
#879=ORIENTED_EDGE('',*,*,#1808,.F.);
#880=ORIENTED_EDGE('',*,*,#1831,.T.);
#881=ORIENTED_EDGE('',*,*,#1810,.F.);
#882=ORIENTED_EDGE('',*,*,#1812,.F.);
#883=ORIENTED_EDGE('',*,*,#1814,.F.);
#884=ORIENTED_EDGE('',*,*,#1816,.F.);
#885=ORIENTED_EDGE('',*,*,#1818,.F.);
#886=ORIENTED_EDGE('',*,*,#1820,.F.);
#887=ORIENTED_EDGE('',*,*,#1822,.F.);
#888=ORIENTED_EDGE('',*,*,#1824,.F.);
#889=ORIENTED_EDGE('',*,*,#1826,.F.);
#890=ORIENTED_EDGE('',*,*,#1828,.F.);
#891=ORIENTED_EDGE('',*,*,#1830,.F.);
#892=ORIENTED_EDGE('',*,*,#1831,.F.);
#893=ORIENTED_EDGE('',*,*,#1832,.F.);
#894=ORIENTED_EDGE('',*,*,#1833,.F.);
#895=ORIENTED_EDGE('',*,*,#1834,.F.);
#896=ORIENTED_EDGE('',*,*,#1835,.T.);
#897=ORIENTED_EDGE('',*,*,#1836,.F.);
#898=ORIENTED_EDGE('',*,*,#1837,.F.);
#899=ORIENTED_EDGE('',*,*,#1838,.F.);
#900=ORIENTED_EDGE('',*,*,#1833,.T.);
#901=ORIENTED_EDGE('',*,*,#1839,.F.);
#902=ORIENTED_EDGE('',*,*,#1840,.F.);
#903=ORIENTED_EDGE('',*,*,#1841,.F.);
#904=ORIENTED_EDGE('',*,*,#1837,.T.);
#905=ORIENTED_EDGE('',*,*,#1842,.F.);
#906=ORIENTED_EDGE('',*,*,#1843,.F.);
#907=ORIENTED_EDGE('',*,*,#1844,.F.);
#908=ORIENTED_EDGE('',*,*,#1840,.T.);
#909=ORIENTED_EDGE('',*,*,#1603,.F.);
#910=ORIENTED_EDGE('',*,*,#1845,.F.);
#911=ORIENTED_EDGE('',*,*,#1846,.F.);
#912=ORIENTED_EDGE('',*,*,#1847,.T.);
#913=ORIENTED_EDGE('',*,*,#1602,.F.);
#914=ORIENTED_EDGE('',*,*,#1848,.F.);
#915=ORIENTED_EDGE('',*,*,#1849,.F.);
#916=ORIENTED_EDGE('',*,*,#1845,.T.);
#917=ORIENTED_EDGE('',*,*,#1610,.F.);
#918=ORIENTED_EDGE('',*,*,#1850,.F.);
#919=ORIENTED_EDGE('',*,*,#1851,.F.);
#920=ORIENTED_EDGE('',*,*,#1848,.T.);
#921=ORIENTED_EDGE('',*,*,#1609,.F.);
#922=ORIENTED_EDGE('',*,*,#1852,.F.);
#923=ORIENTED_EDGE('',*,*,#1853,.F.);
#924=ORIENTED_EDGE('',*,*,#1850,.T.);
#925=ORIENTED_EDGE('',*,*,#1608,.F.);
#926=ORIENTED_EDGE('',*,*,#1854,.F.);
#927=ORIENTED_EDGE('',*,*,#1855,.F.);
#928=ORIENTED_EDGE('',*,*,#1852,.T.);
#929=ORIENTED_EDGE('',*,*,#1607,.F.);
#930=ORIENTED_EDGE('',*,*,#1856,.F.);
#931=ORIENTED_EDGE('',*,*,#1857,.F.);
#932=ORIENTED_EDGE('',*,*,#1854,.T.);
#933=ORIENTED_EDGE('',*,*,#1606,.F.);
#934=ORIENTED_EDGE('',*,*,#1858,.F.);
#935=ORIENTED_EDGE('',*,*,#1859,.F.);
#936=ORIENTED_EDGE('',*,*,#1856,.T.);
#937=ORIENTED_EDGE('',*,*,#1605,.F.);
#938=ORIENTED_EDGE('',*,*,#1860,.F.);
#939=ORIENTED_EDGE('',*,*,#1861,.F.);
#940=ORIENTED_EDGE('',*,*,#1858,.T.);
#941=ORIENTED_EDGE('',*,*,#1604,.F.);
#942=ORIENTED_EDGE('',*,*,#1847,.F.);
#943=ORIENTED_EDGE('',*,*,#1862,.F.);
#944=ORIENTED_EDGE('',*,*,#1860,.T.);
#945=ORIENTED_EDGE('',*,*,#1863,.F.);
#946=ORIENTED_EDGE('',*,*,#1835,.F.);
#947=ORIENTED_EDGE('',*,*,#1864,.F.);
#948=ORIENTED_EDGE('',*,*,#1843,.T.);
#949=ORIENTED_EDGE('',*,*,#1846,.T.);
#950=ORIENTED_EDGE('',*,*,#1849,.T.);
#951=ORIENTED_EDGE('',*,*,#1851,.T.);
#952=ORIENTED_EDGE('',*,*,#1853,.T.);
#953=ORIENTED_EDGE('',*,*,#1855,.T.);
#954=ORIENTED_EDGE('',*,*,#1857,.T.);
#955=ORIENTED_EDGE('',*,*,#1859,.T.);
#956=ORIENTED_EDGE('',*,*,#1861,.T.);
#957=ORIENTED_EDGE('',*,*,#1862,.T.);
#958=ORIENTED_EDGE('',*,*,#1834,.T.);
#959=ORIENTED_EDGE('',*,*,#1838,.T.);
#960=ORIENTED_EDGE('',*,*,#1841,.T.);
#961=ORIENTED_EDGE('',*,*,#1844,.T.);
#962=ORIENTED_EDGE('',*,*,#1864,.T.);
#963=ORIENTED_EDGE('',*,*,#1865,.T.);
#964=ORIENTED_EDGE('',*,*,#1553,.T.);
#965=ORIENTED_EDGE('',*,*,#1866,.F.);
#966=ORIENTED_EDGE('',*,*,#1867,.T.);
#967=ORIENTED_EDGE('',*,*,#1866,.T.);
#968=ORIENTED_EDGE('',*,*,#1558,.T.);
#969=ORIENTED_EDGE('',*,*,#1868,.F.);
#970=ORIENTED_EDGE('',*,*,#1869,.T.);
#971=ORIENTED_EDGE('',*,*,#1868,.T.);
#972=ORIENTED_EDGE('',*,*,#1557,.T.);
#973=ORIENTED_EDGE('',*,*,#1870,.F.);
#974=ORIENTED_EDGE('',*,*,#1871,.T.);
#975=ORIENTED_EDGE('',*,*,#1870,.T.);
#976=ORIENTED_EDGE('',*,*,#1556,.T.);
#977=ORIENTED_EDGE('',*,*,#1872,.F.);
#978=ORIENTED_EDGE('',*,*,#1873,.T.);
#979=ORIENTED_EDGE('',*,*,#1872,.T.);
#980=ORIENTED_EDGE('',*,*,#1555,.T.);
#981=ORIENTED_EDGE('',*,*,#1874,.F.);
#982=ORIENTED_EDGE('',*,*,#1875,.T.);
#983=ORIENTED_EDGE('',*,*,#1874,.T.);
#984=ORIENTED_EDGE('',*,*,#1554,.T.);
#985=ORIENTED_EDGE('',*,*,#1865,.F.);
#986=ORIENTED_EDGE('',*,*,#1876,.T.);
#987=ORIENTED_EDGE('',*,*,#1867,.F.);
#988=ORIENTED_EDGE('',*,*,#1869,.F.);
#989=ORIENTED_EDGE('',*,*,#1871,.F.);
#990=ORIENTED_EDGE('',*,*,#1873,.F.);
#991=ORIENTED_EDGE('',*,*,#1875,.F.);
#992=ORIENTED_EDGE('',*,*,#1876,.F.);
#993=ORIENTED_EDGE('',*,*,#1877,.F.);
#994=ORIENTED_EDGE('',*,*,#1878,.F.);
#995=ORIENTED_EDGE('',*,*,#1879,.F.);
#996=ORIENTED_EDGE('',*,*,#1880,.T.);
#997=ORIENTED_EDGE('',*,*,#1881,.F.);
#998=ORIENTED_EDGE('',*,*,#1882,.F.);
#999=ORIENTED_EDGE('',*,*,#1883,.F.);
#1000=ORIENTED_EDGE('',*,*,#1878,.T.);
#1001=ORIENTED_EDGE('',*,*,#1884,.F.);
#1002=ORIENTED_EDGE('',*,*,#1885,.F.);
#1003=ORIENTED_EDGE('',*,*,#1886,.F.);
#1004=ORIENTED_EDGE('',*,*,#1882,.T.);
#1005=ORIENTED_EDGE('',*,*,#1887,.T.);
#1006=ORIENTED_EDGE('',*,*,#1543,.T.);
#1007=ORIENTED_EDGE('',*,*,#1888,.F.);
#1008=ORIENTED_EDGE('',*,*,#1889,.T.);
#1009=ORIENTED_EDGE('',*,*,#1888,.T.);
#1010=ORIENTED_EDGE('',*,*,#1552,.T.);
#1011=ORIENTED_EDGE('',*,*,#1890,.F.);
#1012=ORIENTED_EDGE('',*,*,#1891,.T.);
#1013=ORIENTED_EDGE('',*,*,#1890,.T.);
#1014=ORIENTED_EDGE('',*,*,#1551,.T.);
#1015=ORIENTED_EDGE('',*,*,#1892,.F.);
#1016=ORIENTED_EDGE('',*,*,#1893,.T.);
#1017=ORIENTED_EDGE('',*,*,#1892,.T.);
#1018=ORIENTED_EDGE('',*,*,#1550,.T.);
#1019=ORIENTED_EDGE('',*,*,#1894,.F.);
#1020=ORIENTED_EDGE('',*,*,#1895,.T.);
#1021=ORIENTED_EDGE('',*,*,#1894,.T.);
#1022=ORIENTED_EDGE('',*,*,#1549,.T.);
#1023=ORIENTED_EDGE('',*,*,#1896,.F.);
#1024=ORIENTED_EDGE('',*,*,#1897,.T.);
#1025=ORIENTED_EDGE('',*,*,#1896,.T.);
#1026=ORIENTED_EDGE('',*,*,#1548,.T.);
#1027=ORIENTED_EDGE('',*,*,#1898,.F.);
#1028=ORIENTED_EDGE('',*,*,#1899,.T.);
#1029=ORIENTED_EDGE('',*,*,#1898,.T.);
#1030=ORIENTED_EDGE('',*,*,#1547,.T.);
#1031=ORIENTED_EDGE('',*,*,#1900,.F.);
#1032=ORIENTED_EDGE('',*,*,#1901,.T.);
#1033=ORIENTED_EDGE('',*,*,#1900,.T.);
#1034=ORIENTED_EDGE('',*,*,#1546,.T.);
#1035=ORIENTED_EDGE('',*,*,#1902,.F.);
#1036=ORIENTED_EDGE('',*,*,#1903,.T.);
#1037=ORIENTED_EDGE('',*,*,#1902,.T.);
#1038=ORIENTED_EDGE('',*,*,#1545,.T.);
#1039=ORIENTED_EDGE('',*,*,#1904,.F.);
#1040=ORIENTED_EDGE('',*,*,#1905,.T.);
#1041=ORIENTED_EDGE('',*,*,#1904,.T.);
#1042=ORIENTED_EDGE('',*,*,#1544,.T.);
#1043=ORIENTED_EDGE('',*,*,#1887,.F.);
#1044=ORIENTED_EDGE('',*,*,#1906,.T.);
#1045=ORIENTED_EDGE('',*,*,#1907,.F.);
#1046=ORIENTED_EDGE('',*,*,#1880,.F.);
#1047=ORIENTED_EDGE('',*,*,#1908,.F.);
#1048=ORIENTED_EDGE('',*,*,#1885,.T.);
#1049=ORIENTED_EDGE('',*,*,#1889,.F.);
#1050=ORIENTED_EDGE('',*,*,#1891,.F.);
#1051=ORIENTED_EDGE('',*,*,#1893,.F.);
#1052=ORIENTED_EDGE('',*,*,#1895,.F.);
#1053=ORIENTED_EDGE('',*,*,#1897,.F.);
#1054=ORIENTED_EDGE('',*,*,#1899,.F.);
#1055=ORIENTED_EDGE('',*,*,#1901,.F.);
#1056=ORIENTED_EDGE('',*,*,#1903,.F.);
#1057=ORIENTED_EDGE('',*,*,#1905,.F.);
#1058=ORIENTED_EDGE('',*,*,#1906,.F.);
#1059=ORIENTED_EDGE('',*,*,#1879,.T.);
#1060=ORIENTED_EDGE('',*,*,#1883,.T.);
#1061=ORIENTED_EDGE('',*,*,#1886,.T.);
#1062=ORIENTED_EDGE('',*,*,#1908,.T.);
#1063=ORIENTED_EDGE('',*,*,#1909,.T.);
#1064=ORIENTED_EDGE('',*,*,#1526,.T.);
#1065=ORIENTED_EDGE('',*,*,#1910,.F.);
#1066=ORIENTED_EDGE('',*,*,#1911,.T.);
#1067=ORIENTED_EDGE('',*,*,#1910,.T.);
#1068=ORIENTED_EDGE('',*,*,#1542,.T.);
#1069=ORIENTED_EDGE('',*,*,#1912,.F.);
#1070=ORIENTED_EDGE('',*,*,#1913,.T.);
#1071=ORIENTED_EDGE('',*,*,#1912,.T.);
#1072=ORIENTED_EDGE('',*,*,#1541,.T.);
#1073=ORIENTED_EDGE('',*,*,#1914,.F.);
#1074=ORIENTED_EDGE('',*,*,#1915,.T.);
#1075=ORIENTED_EDGE('',*,*,#1914,.T.);
#1076=ORIENTED_EDGE('',*,*,#1540,.T.);
#1077=ORIENTED_EDGE('',*,*,#1916,.F.);
#1078=ORIENTED_EDGE('',*,*,#1917,.T.);
#1079=ORIENTED_EDGE('',*,*,#1916,.T.);
#1080=ORIENTED_EDGE('',*,*,#1539,.T.);
#1081=ORIENTED_EDGE('',*,*,#1918,.F.);
#1082=ORIENTED_EDGE('',*,*,#1919,.T.);
#1083=ORIENTED_EDGE('',*,*,#1918,.T.);
#1084=ORIENTED_EDGE('',*,*,#1538,.T.);
#1085=ORIENTED_EDGE('',*,*,#1920,.F.);
#1086=ORIENTED_EDGE('',*,*,#1921,.T.);
#1087=ORIENTED_EDGE('',*,*,#1920,.T.);
#1088=ORIENTED_EDGE('',*,*,#1537,.T.);
#1089=ORIENTED_EDGE('',*,*,#1922,.F.);
#1090=ORIENTED_EDGE('',*,*,#1923,.T.);
#1091=ORIENTED_EDGE('',*,*,#1922,.T.);
#1092=ORIENTED_EDGE('',*,*,#1536,.T.);
#1093=ORIENTED_EDGE('',*,*,#1924,.F.);
#1094=ORIENTED_EDGE('',*,*,#1925,.T.);
#1095=ORIENTED_EDGE('',*,*,#1924,.T.);
#1096=ORIENTED_EDGE('',*,*,#1535,.T.);
#1097=ORIENTED_EDGE('',*,*,#1926,.F.);
#1098=ORIENTED_EDGE('',*,*,#1927,.T.);
#1099=ORIENTED_EDGE('',*,*,#1926,.T.);
#1100=ORIENTED_EDGE('',*,*,#1534,.T.);
#1101=ORIENTED_EDGE('',*,*,#1928,.F.);
#1102=ORIENTED_EDGE('',*,*,#1929,.T.);
#1103=ORIENTED_EDGE('',*,*,#1928,.T.);
#1104=ORIENTED_EDGE('',*,*,#1533,.T.);
#1105=ORIENTED_EDGE('',*,*,#1930,.F.);
#1106=ORIENTED_EDGE('',*,*,#1931,.T.);
#1107=ORIENTED_EDGE('',*,*,#1930,.T.);
#1108=ORIENTED_EDGE('',*,*,#1532,.T.);
#1109=ORIENTED_EDGE('',*,*,#1932,.F.);
#1110=ORIENTED_EDGE('',*,*,#1933,.T.);
#1111=ORIENTED_EDGE('',*,*,#1932,.T.);
#1112=ORIENTED_EDGE('',*,*,#1531,.T.);
#1113=ORIENTED_EDGE('',*,*,#1934,.F.);
#1114=ORIENTED_EDGE('',*,*,#1935,.T.);
#1115=ORIENTED_EDGE('',*,*,#1934,.T.);
#1116=ORIENTED_EDGE('',*,*,#1530,.T.);
#1117=ORIENTED_EDGE('',*,*,#1936,.F.);
#1118=ORIENTED_EDGE('',*,*,#1937,.T.);
#1119=ORIENTED_EDGE('',*,*,#1936,.T.);
#1120=ORIENTED_EDGE('',*,*,#1529,.T.);
#1121=ORIENTED_EDGE('',*,*,#1938,.F.);
#1122=ORIENTED_EDGE('',*,*,#1939,.T.);
#1123=ORIENTED_EDGE('',*,*,#1938,.T.);
#1124=ORIENTED_EDGE('',*,*,#1528,.T.);
#1125=ORIENTED_EDGE('',*,*,#1940,.F.);
#1126=ORIENTED_EDGE('',*,*,#1941,.T.);
#1127=ORIENTED_EDGE('',*,*,#1940,.T.);
#1128=ORIENTED_EDGE('',*,*,#1527,.T.);
#1129=ORIENTED_EDGE('',*,*,#1909,.F.);
#1130=ORIENTED_EDGE('',*,*,#1942,.T.);
#1131=ORIENTED_EDGE('',*,*,#1911,.F.);
#1132=ORIENTED_EDGE('',*,*,#1913,.F.);
#1133=ORIENTED_EDGE('',*,*,#1915,.F.);
#1134=ORIENTED_EDGE('',*,*,#1917,.F.);
#1135=ORIENTED_EDGE('',*,*,#1919,.F.);
#1136=ORIENTED_EDGE('',*,*,#1921,.F.);
#1137=ORIENTED_EDGE('',*,*,#1923,.F.);
#1138=ORIENTED_EDGE('',*,*,#1925,.F.);
#1139=ORIENTED_EDGE('',*,*,#1927,.F.);
#1140=ORIENTED_EDGE('',*,*,#1929,.F.);
#1141=ORIENTED_EDGE('',*,*,#1931,.F.);
#1142=ORIENTED_EDGE('',*,*,#1933,.F.);
#1143=ORIENTED_EDGE('',*,*,#1935,.F.);
#1144=ORIENTED_EDGE('',*,*,#1937,.F.);
#1145=ORIENTED_EDGE('',*,*,#1939,.F.);
#1146=ORIENTED_EDGE('',*,*,#1941,.F.);
#1147=ORIENTED_EDGE('',*,*,#1942,.F.);
#1148=ORIENTED_EDGE('',*,*,#1612,.F.);
#1149=ORIENTED_EDGE('',*,*,#1943,.F.);
#1150=ORIENTED_EDGE('',*,*,#1944,.F.);
#1151=ORIENTED_EDGE('',*,*,#1945,.T.);
#1152=ORIENTED_EDGE('',*,*,#1611,.F.);
#1153=ORIENTED_EDGE('',*,*,#1946,.F.);
#1154=ORIENTED_EDGE('',*,*,#1947,.F.);
#1155=ORIENTED_EDGE('',*,*,#1943,.T.);
#1156=ORIENTED_EDGE('',*,*,#1620,.F.);
#1157=ORIENTED_EDGE('',*,*,#1948,.F.);
#1158=ORIENTED_EDGE('',*,*,#1949,.F.);
#1159=ORIENTED_EDGE('',*,*,#1946,.T.);
#1160=ORIENTED_EDGE('',*,*,#1619,.F.);
#1161=ORIENTED_EDGE('',*,*,#1950,.F.);
#1162=ORIENTED_EDGE('',*,*,#1951,.F.);
#1163=ORIENTED_EDGE('',*,*,#1948,.T.);
#1164=ORIENTED_EDGE('',*,*,#1618,.F.);
#1165=ORIENTED_EDGE('',*,*,#1952,.F.);
#1166=ORIENTED_EDGE('',*,*,#1953,.F.);
#1167=ORIENTED_EDGE('',*,*,#1950,.T.);
#1168=ORIENTED_EDGE('',*,*,#1617,.F.);
#1169=ORIENTED_EDGE('',*,*,#1954,.F.);
#1170=ORIENTED_EDGE('',*,*,#1955,.F.);
#1171=ORIENTED_EDGE('',*,*,#1952,.T.);
#1172=ORIENTED_EDGE('',*,*,#1616,.F.);
#1173=ORIENTED_EDGE('',*,*,#1956,.F.);
#1174=ORIENTED_EDGE('',*,*,#1957,.F.);
#1175=ORIENTED_EDGE('',*,*,#1954,.T.);
#1176=ORIENTED_EDGE('',*,*,#1615,.F.);
#1177=ORIENTED_EDGE('',*,*,#1958,.F.);
#1178=ORIENTED_EDGE('',*,*,#1959,.F.);
#1179=ORIENTED_EDGE('',*,*,#1956,.T.);
#1180=ORIENTED_EDGE('',*,*,#1614,.F.);
#1181=ORIENTED_EDGE('',*,*,#1960,.F.);
#1182=ORIENTED_EDGE('',*,*,#1961,.F.);
#1183=ORIENTED_EDGE('',*,*,#1958,.T.);
#1184=ORIENTED_EDGE('',*,*,#1962,.F.);
#1185=ORIENTED_EDGE('',*,*,#1963,.F.);
#1186=ORIENTED_EDGE('',*,*,#1964,.F.);
#1187=ORIENTED_EDGE('',*,*,#1965,.T.);
#1188=ORIENTED_EDGE('',*,*,#1966,.F.);
#1189=ORIENTED_EDGE('',*,*,#1967,.F.);
#1190=ORIENTED_EDGE('',*,*,#1968,.F.);
#1191=ORIENTED_EDGE('',*,*,#1963,.T.);
#1192=ORIENTED_EDGE('',*,*,#1969,.F.);
#1193=ORIENTED_EDGE('',*,*,#1970,.F.);
#1194=ORIENTED_EDGE('',*,*,#1971,.F.);
#1195=ORIENTED_EDGE('',*,*,#1967,.T.);
#1196=ORIENTED_EDGE('',*,*,#1972,.F.);
#1197=ORIENTED_EDGE('',*,*,#1965,.F.);
#1198=ORIENTED_EDGE('',*,*,#1973,.F.);
#1199=ORIENTED_EDGE('',*,*,#1970,.T.);
#1200=ORIENTED_EDGE('',*,*,#1613,.F.);
#1201=ORIENTED_EDGE('',*,*,#1945,.F.);
#1202=ORIENTED_EDGE('',*,*,#1974,.F.);
#1203=ORIENTED_EDGE('',*,*,#1960,.T.);
#1204=ORIENTED_EDGE('',*,*,#1964,.T.);
#1205=ORIENTED_EDGE('',*,*,#1968,.T.);
#1206=ORIENTED_EDGE('',*,*,#1971,.T.);
#1207=ORIENTED_EDGE('',*,*,#1973,.T.);
#1208=ORIENTED_EDGE('',*,*,#1944,.T.);
#1209=ORIENTED_EDGE('',*,*,#1947,.T.);
#1210=ORIENTED_EDGE('',*,*,#1949,.T.);
#1211=ORIENTED_EDGE('',*,*,#1951,.T.);
#1212=ORIENTED_EDGE('',*,*,#1953,.T.);
#1213=ORIENTED_EDGE('',*,*,#1955,.T.);
#1214=ORIENTED_EDGE('',*,*,#1957,.T.);
#1215=ORIENTED_EDGE('',*,*,#1959,.T.);
#1216=ORIENTED_EDGE('',*,*,#1961,.T.);
#1217=ORIENTED_EDGE('',*,*,#1974,.T.);
#1218=ORIENTED_EDGE('',*,*,#1966,.T.);
#1219=ORIENTED_EDGE('',*,*,#1962,.T.);
#1220=ORIENTED_EDGE('',*,*,#1972,.T.);
#1221=ORIENTED_EDGE('',*,*,#1969,.T.);
#1222=ORIENTED_EDGE('',*,*,#1975,.T.);
#1223=ORIENTED_EDGE('',*,*,#1515,.T.);
#1224=ORIENTED_EDGE('',*,*,#1976,.F.);
#1225=ORIENTED_EDGE('',*,*,#1977,.T.);
#1226=ORIENTED_EDGE('',*,*,#1976,.T.);
#1227=ORIENTED_EDGE('',*,*,#1525,.T.);
#1228=ORIENTED_EDGE('',*,*,#1978,.F.);
#1229=ORIENTED_EDGE('',*,*,#1979,.T.);
#1230=ORIENTED_EDGE('',*,*,#1978,.T.);
#1231=ORIENTED_EDGE('',*,*,#1524,.T.);
#1232=ORIENTED_EDGE('',*,*,#1980,.F.);
#1233=ORIENTED_EDGE('',*,*,#1981,.T.);
#1234=ORIENTED_EDGE('',*,*,#1980,.T.);
#1235=ORIENTED_EDGE('',*,*,#1523,.T.);
#1236=ORIENTED_EDGE('',*,*,#1982,.F.);
#1237=ORIENTED_EDGE('',*,*,#1983,.T.);
#1238=ORIENTED_EDGE('',*,*,#1982,.T.);
#1239=ORIENTED_EDGE('',*,*,#1522,.T.);
#1240=ORIENTED_EDGE('',*,*,#1984,.F.);
#1241=ORIENTED_EDGE('',*,*,#1985,.T.);
#1242=ORIENTED_EDGE('',*,*,#1984,.T.);
#1243=ORIENTED_EDGE('',*,*,#1521,.T.);
#1244=ORIENTED_EDGE('',*,*,#1986,.F.);
#1245=ORIENTED_EDGE('',*,*,#1987,.T.);
#1246=ORIENTED_EDGE('',*,*,#1986,.T.);
#1247=ORIENTED_EDGE('',*,*,#1520,.T.);
#1248=ORIENTED_EDGE('',*,*,#1988,.F.);
#1249=ORIENTED_EDGE('',*,*,#1989,.T.);
#1250=ORIENTED_EDGE('',*,*,#1988,.T.);
#1251=ORIENTED_EDGE('',*,*,#1519,.T.);
#1252=ORIENTED_EDGE('',*,*,#1990,.F.);
#1253=ORIENTED_EDGE('',*,*,#1991,.T.);
#1254=ORIENTED_EDGE('',*,*,#1990,.T.);
#1255=ORIENTED_EDGE('',*,*,#1518,.T.);
#1256=ORIENTED_EDGE('',*,*,#1992,.F.);
#1257=ORIENTED_EDGE('',*,*,#1993,.T.);
#1258=ORIENTED_EDGE('',*,*,#1992,.T.);
#1259=ORIENTED_EDGE('',*,*,#1517,.T.);
#1260=ORIENTED_EDGE('',*,*,#1994,.F.);
#1261=ORIENTED_EDGE('',*,*,#1995,.T.);
#1262=ORIENTED_EDGE('',*,*,#1994,.T.);
#1263=ORIENTED_EDGE('',*,*,#1516,.T.);
#1264=ORIENTED_EDGE('',*,*,#1975,.F.);
#1265=ORIENTED_EDGE('',*,*,#1996,.T.);
#1266=ORIENTED_EDGE('',*,*,#1977,.F.);
#1267=ORIENTED_EDGE('',*,*,#1979,.F.);
#1268=ORIENTED_EDGE('',*,*,#1981,.F.);
#1269=ORIENTED_EDGE('',*,*,#1983,.F.);
#1270=ORIENTED_EDGE('',*,*,#1985,.F.);
#1271=ORIENTED_EDGE('',*,*,#1987,.F.);
#1272=ORIENTED_EDGE('',*,*,#1989,.F.);
#1273=ORIENTED_EDGE('',*,*,#1991,.F.);
#1274=ORIENTED_EDGE('',*,*,#1993,.F.);
#1275=ORIENTED_EDGE('',*,*,#1995,.F.);
#1276=ORIENTED_EDGE('',*,*,#1996,.F.);
#1277=ORIENTED_EDGE('',*,*,#1836,.T.);
#1278=ORIENTED_EDGE('',*,*,#1832,.T.);
#1279=ORIENTED_EDGE('',*,*,#1863,.T.);
#1280=ORIENTED_EDGE('',*,*,#1842,.T.);
#1281=ORIENTED_EDGE('',*,*,#1839,.T.);
#1282=ORIENTED_EDGE('',*,*,#1881,.T.);
#1283=ORIENTED_EDGE('',*,*,#1877,.T.);
#1284=ORIENTED_EDGE('',*,*,#1907,.T.);
#1285=ORIENTED_EDGE('',*,*,#1884,.T.);
#1286=ORIENTED_EDGE('',*,*,#1501,.T.);
#1287=ORIENTED_EDGE('',*,*,#1997,.F.);
#1288=ORIENTED_EDGE('',*,*,#1998,.F.);
#1289=ORIENTED_EDGE('',*,*,#1999,.T.);
#1290=ORIENTED_EDGE('',*,*,#1503,.T.);
#1291=ORIENTED_EDGE('',*,*,#2000,.F.);
#1292=ORIENTED_EDGE('',*,*,#2001,.F.);
#1293=ORIENTED_EDGE('',*,*,#1997,.T.);
#1294=ORIENTED_EDGE('',*,*,#1502,.T.);
#1295=ORIENTED_EDGE('',*,*,#1999,.F.);
#1296=ORIENTED_EDGE('',*,*,#2002,.F.);
#1297=ORIENTED_EDGE('',*,*,#2000,.T.);
#1298=ORIENTED_EDGE('',*,*,#1998,.T.);
#1299=ORIENTED_EDGE('',*,*,#2001,.T.);
#1300=ORIENTED_EDGE('',*,*,#2002,.T.);
#1301=ORIENTED_EDGE('',*,*,#1467,.T.);
#1302=ORIENTED_EDGE('',*,*,#2003,.F.);
#1303=ORIENTED_EDGE('',*,*,#2004,.F.);
#1304=ORIENTED_EDGE('',*,*,#2005,.T.);
#1305=ORIENTED_EDGE('',*,*,#1469,.T.);
#1306=ORIENTED_EDGE('',*,*,#2006,.F.);
#1307=ORIENTED_EDGE('',*,*,#2007,.F.);
#1308=ORIENTED_EDGE('',*,*,#2003,.T.);
#1309=ORIENTED_EDGE('',*,*,#1468,.T.);
#1310=ORIENTED_EDGE('',*,*,#2005,.F.);
#1311=ORIENTED_EDGE('',*,*,#2008,.F.);
#1312=ORIENTED_EDGE('',*,*,#2006,.T.);
#1313=ORIENTED_EDGE('',*,*,#2004,.T.);
#1314=ORIENTED_EDGE('',*,*,#2007,.T.);
#1315=ORIENTED_EDGE('',*,*,#2008,.T.);
#1316=ORIENTED_EDGE('',*,*,#1504,.T.);
#1317=ORIENTED_EDGE('',*,*,#2009,.F.);
#1318=ORIENTED_EDGE('',*,*,#2010,.F.);
#1319=ORIENTED_EDGE('',*,*,#2011,.T.);
#1320=ORIENTED_EDGE('',*,*,#1506,.T.);
#1321=ORIENTED_EDGE('',*,*,#2012,.F.);
#1322=ORIENTED_EDGE('',*,*,#2013,.F.);
#1323=ORIENTED_EDGE('',*,*,#2009,.T.);
#1324=ORIENTED_EDGE('',*,*,#1505,.T.);
#1325=ORIENTED_EDGE('',*,*,#2011,.F.);
#1326=ORIENTED_EDGE('',*,*,#2014,.F.);
#1327=ORIENTED_EDGE('',*,*,#2012,.T.);
#1328=ORIENTED_EDGE('',*,*,#2010,.T.);
#1329=ORIENTED_EDGE('',*,*,#2013,.T.);
#1330=ORIENTED_EDGE('',*,*,#2014,.T.);
#1331=ORIENTED_EDGE('',*,*,#1464,.F.);
#1332=ORIENTED_EDGE('',*,*,#2015,.F.);
#1333=ORIENTED_EDGE('',*,*,#2016,.T.);
#1334=ORIENTED_EDGE('',*,*,#2017,.T.);
#1335=ORIENTED_EDGE('',*,*,#1463,.T.);
#1336=ORIENTED_EDGE('',*,*,#2018,.F.);
#1337=ORIENTED_EDGE('',*,*,#2019,.F.);
#1338=ORIENTED_EDGE('',*,*,#2015,.T.);
#1339=ORIENTED_EDGE('',*,*,#1466,.T.);
#1340=ORIENTED_EDGE('',*,*,#2020,.F.);
#1341=ORIENTED_EDGE('',*,*,#2021,.F.);
#1342=ORIENTED_EDGE('',*,*,#2018,.T.);
#1343=ORIENTED_EDGE('',*,*,#1465,.F.);
#1344=ORIENTED_EDGE('',*,*,#2017,.F.);
#1345=ORIENTED_EDGE('',*,*,#2022,.T.);
#1346=ORIENTED_EDGE('',*,*,#2020,.T.);
#1347=ORIENTED_EDGE('',*,*,#2016,.F.);
#1348=ORIENTED_EDGE('',*,*,#2019,.T.);
#1349=ORIENTED_EDGE('',*,*,#2021,.T.);
#1350=ORIENTED_EDGE('',*,*,#2022,.F.);
#1351=ORIENTED_EDGE('',*,*,#1460,.F.);
#1352=ORIENTED_EDGE('',*,*,#2023,.F.);
#1353=ORIENTED_EDGE('',*,*,#2024,.T.);
#1354=ORIENTED_EDGE('',*,*,#2025,.T.);
#1355=ORIENTED_EDGE('',*,*,#1459,.T.);
#1356=ORIENTED_EDGE('',*,*,#2026,.F.);
#1357=ORIENTED_EDGE('',*,*,#2027,.F.);
#1358=ORIENTED_EDGE('',*,*,#2023,.T.);
#1359=ORIENTED_EDGE('',*,*,#1462,.T.);
#1360=ORIENTED_EDGE('',*,*,#2028,.F.);
#1361=ORIENTED_EDGE('',*,*,#2029,.F.);
#1362=ORIENTED_EDGE('',*,*,#2026,.T.);
#1363=ORIENTED_EDGE('',*,*,#1461,.F.);
#1364=ORIENTED_EDGE('',*,*,#2025,.F.);
#1365=ORIENTED_EDGE('',*,*,#2030,.T.);
#1366=ORIENTED_EDGE('',*,*,#2028,.T.);
#1367=ORIENTED_EDGE('',*,*,#2024,.F.);
#1368=ORIENTED_EDGE('',*,*,#2027,.T.);
#1369=ORIENTED_EDGE('',*,*,#2029,.T.);
#1370=ORIENTED_EDGE('',*,*,#2030,.F.);
#1371=ORIENTED_EDGE('',*,*,#1456,.F.);
#1372=ORIENTED_EDGE('',*,*,#2031,.F.);
#1373=ORIENTED_EDGE('',*,*,#2032,.T.);
#1374=ORIENTED_EDGE('',*,*,#2033,.T.);
#1375=ORIENTED_EDGE('',*,*,#1455,.T.);
#1376=ORIENTED_EDGE('',*,*,#2034,.F.);
#1377=ORIENTED_EDGE('',*,*,#2035,.F.);
#1378=ORIENTED_EDGE('',*,*,#2031,.T.);
#1379=ORIENTED_EDGE('',*,*,#1458,.T.);
#1380=ORIENTED_EDGE('',*,*,#2036,.F.);
#1381=ORIENTED_EDGE('',*,*,#2037,.F.);
#1382=ORIENTED_EDGE('',*,*,#2034,.T.);
#1383=ORIENTED_EDGE('',*,*,#1457,.F.);
#1384=ORIENTED_EDGE('',*,*,#2033,.F.);
#1385=ORIENTED_EDGE('',*,*,#2038,.T.);
#1386=ORIENTED_EDGE('',*,*,#2036,.T.);
#1387=ORIENTED_EDGE('',*,*,#2032,.F.);
#1388=ORIENTED_EDGE('',*,*,#2035,.T.);
#1389=ORIENTED_EDGE('',*,*,#2037,.T.);
#1390=ORIENTED_EDGE('',*,*,#2038,.F.);
#1391=ORIENTED_EDGE('',*,*,#1452,.F.);
#1392=ORIENTED_EDGE('',*,*,#2039,.F.);
#1393=ORIENTED_EDGE('',*,*,#2040,.T.);
#1394=ORIENTED_EDGE('',*,*,#2041,.T.);
#1395=ORIENTED_EDGE('',*,*,#1451,.T.);
#1396=ORIENTED_EDGE('',*,*,#2042,.F.);
#1397=ORIENTED_EDGE('',*,*,#2043,.F.);
#1398=ORIENTED_EDGE('',*,*,#2039,.T.);
#1399=ORIENTED_EDGE('',*,*,#1454,.T.);
#1400=ORIENTED_EDGE('',*,*,#2044,.F.);
#1401=ORIENTED_EDGE('',*,*,#2045,.F.);
#1402=ORIENTED_EDGE('',*,*,#2042,.T.);
#1403=ORIENTED_EDGE('',*,*,#1453,.F.);
#1404=ORIENTED_EDGE('',*,*,#2041,.F.);
#1405=ORIENTED_EDGE('',*,*,#2046,.T.);
#1406=ORIENTED_EDGE('',*,*,#2044,.T.);
#1407=ORIENTED_EDGE('',*,*,#2040,.F.);
#1408=ORIENTED_EDGE('',*,*,#2043,.T.);
#1409=ORIENTED_EDGE('',*,*,#2045,.T.);
#1410=ORIENTED_EDGE('',*,*,#2046,.F.);
#1411=ORIENTED_EDGE('',*,*,#1508,.F.);
#1412=ORIENTED_EDGE('',*,*,#2047,.F.);
#1413=ORIENTED_EDGE('',*,*,#2048,.T.);
#1414=ORIENTED_EDGE('',*,*,#2049,.T.);
#1415=ORIENTED_EDGE('',*,*,#1507,.T.);
#1416=ORIENTED_EDGE('',*,*,#2050,.F.);
#1417=ORIENTED_EDGE('',*,*,#2051,.F.);
#1418=ORIENTED_EDGE('',*,*,#2047,.T.);
#1419=ORIENTED_EDGE('',*,*,#1510,.F.);
#1420=ORIENTED_EDGE('',*,*,#2052,.F.);
#1421=ORIENTED_EDGE('',*,*,#2053,.T.);
#1422=ORIENTED_EDGE('',*,*,#2050,.T.);
#1423=ORIENTED_EDGE('',*,*,#1509,.F.);
#1424=ORIENTED_EDGE('',*,*,#2049,.F.);
#1425=ORIENTED_EDGE('',*,*,#2054,.T.);
#1426=ORIENTED_EDGE('',*,*,#2052,.T.);
#1427=ORIENTED_EDGE('',*,*,#2048,.F.);
#1428=ORIENTED_EDGE('',*,*,#2051,.T.);
#1429=ORIENTED_EDGE('',*,*,#2053,.F.);
#1430=ORIENTED_EDGE('',*,*,#2054,.F.);
#1431=ORIENTED_EDGE('',*,*,#1512,.F.);
#1432=ORIENTED_EDGE('',*,*,#2055,.F.);
#1433=ORIENTED_EDGE('',*,*,#2056,.T.);
#1434=ORIENTED_EDGE('',*,*,#2057,.T.);
#1435=ORIENTED_EDGE('',*,*,#1511,.T.);
#1436=ORIENTED_EDGE('',*,*,#2058,.F.);
#1437=ORIENTED_EDGE('',*,*,#2059,.F.);
#1438=ORIENTED_EDGE('',*,*,#2055,.T.);
#1439=ORIENTED_EDGE('',*,*,#1514,.F.);
#1440=ORIENTED_EDGE('',*,*,#2060,.F.);
#1441=ORIENTED_EDGE('',*,*,#2061,.T.);
#1442=ORIENTED_EDGE('',*,*,#2058,.T.);
#1443=ORIENTED_EDGE('',*,*,#1513,.F.);
#1444=ORIENTED_EDGE('',*,*,#2057,.F.);
#1445=ORIENTED_EDGE('',*,*,#2062,.T.);
#1446=ORIENTED_EDGE('',*,*,#2060,.T.);
#1447=ORIENTED_EDGE('',*,*,#2056,.F.);
#1448=ORIENTED_EDGE('',*,*,#2059,.T.);
#1449=ORIENTED_EDGE('',*,*,#2061,.F.);
#1450=ORIENTED_EDGE('',*,*,#2062,.F.);
#1451=EDGE_CURVE('',#2063,#2064,#2473,.T.);
#1452=EDGE_CURVE('',#2063,#2065,#2474,.T.);
#1453=EDGE_CURVE('',#2065,#2066,#2475,.T.);
#1454=EDGE_CURVE('',#2064,#2066,#2476,.T.);
#1455=EDGE_CURVE('',#2067,#2068,#2477,.T.);
#1456=EDGE_CURVE('',#2067,#2069,#2478,.T.);
#1457=EDGE_CURVE('',#2069,#2070,#2479,.T.);
#1458=EDGE_CURVE('',#2068,#2070,#2480,.T.);
#1459=EDGE_CURVE('',#2071,#2072,#2481,.T.);
#1460=EDGE_CURVE('',#2071,#2073,#2482,.T.);
#1461=EDGE_CURVE('',#2073,#2074,#2483,.T.);
#1462=EDGE_CURVE('',#2072,#2074,#2484,.T.);
#1463=EDGE_CURVE('',#2075,#2076,#2485,.T.);
#1464=EDGE_CURVE('',#2075,#2077,#2486,.T.);
#1465=EDGE_CURVE('',#2077,#2078,#2487,.T.);
#1466=EDGE_CURVE('',#2076,#2078,#2488,.T.);
#1467=EDGE_CURVE('',#2079,#2080,#2489,.T.);
#1468=EDGE_CURVE('',#2081,#2079,#2490,.T.);
#1469=EDGE_CURVE('',#2080,#2081,#2491,.T.);
#1470=EDGE_CURVE('',#2082,#2083,#2492,.T.);
#1471=EDGE_CURVE('',#2083,#2084,#194,.T.);
#1472=EDGE_CURVE('',#2085,#2084,#2493,.T.);
#1473=EDGE_CURVE('',#2086,#2085,#2494,.T.);
#1474=EDGE_CURVE('',#2087,#2086,#2495,.T.);
#1475=EDGE_CURVE('',#2087,#2088,#2496,.T.);
#1476=EDGE_CURVE('',#2089,#2088,#2497,.T.);
#1477=EDGE_CURVE('',#2090,#2089,#2498,.T.);
#1478=EDGE_CURVE('',#2091,#2090,#2499,.T.);
#1479=EDGE_CURVE('',#2091,#2092,#2500,.T.);
#1480=EDGE_CURVE('',#2092,#2093,#2501,.T.);
#1481=EDGE_CURVE('',#2093,#2094,#2502,.T.);
#1482=EDGE_CURVE('',#2082,#2094,#2503,.T.);
#1483=EDGE_CURVE('',#2095,#2096,#2504,.T.);
#1484=EDGE_CURVE('',#2097,#2096,#2505,.T.);
#1485=EDGE_CURVE('',#2098,#2097,#2506,.T.);
#1486=EDGE_CURVE('',#2098,#2095,#2507,.T.);
#1487=EDGE_CURVE('',#2099,#2100,#2508,.T.);
#1488=EDGE_CURVE('',#2101,#2099,#2509,.F.);
#1489=EDGE_CURVE('',#2101,#2102,#2510,.T.);
#1490=EDGE_CURVE('',#2102,#2103,#2511,.F.);
#1491=EDGE_CURVE('',#2104,#2103,#2512,.T.);
#1492=EDGE_CURVE('',#2104,#2105,#2513,.F.);
#1493=EDGE_CURVE('',#2106,#2105,#195,.F.);
#1494=EDGE_CURVE('',#2106,#2107,#2514,.F.);
#1495=EDGE_CURVE('',#2108,#2107,#196,.F.);
#1496=EDGE_CURVE('',#2108,#2100,#2515,.T.);
#1497=EDGE_CURVE('',#2109,#2109,#197,.T.);
#1498=EDGE_CURVE('',#2110,#2110,#198,.T.);
#1499=EDGE_CURVE('',#2111,#2111,#199,.T.);
#1500=EDGE_CURVE('',#2112,#2112,#200,.T.);
#1501=EDGE_CURVE('',#2113,#2114,#2516,.T.);
#1502=EDGE_CURVE('',#2115,#2113,#2517,.T.);
#1503=EDGE_CURVE('',#2114,#2115,#2518,.T.);
#1504=EDGE_CURVE('',#2116,#2117,#2519,.T.);
#1505=EDGE_CURVE('',#2118,#2116,#2520,.T.);
#1506=EDGE_CURVE('',#2117,#2118,#2521,.T.);
#1507=EDGE_CURVE('',#2119,#2120,#201,.T.);
#1508=EDGE_CURVE('',#2119,#2121,#2522,.T.);
#1509=EDGE_CURVE('',#2121,#2122,#202,.T.);
#1510=EDGE_CURVE('',#2122,#2120,#2523,.T.);
#1511=EDGE_CURVE('',#2123,#2124,#203,.T.);
#1512=EDGE_CURVE('',#2123,#2125,#2524,.T.);
#1513=EDGE_CURVE('',#2125,#2126,#204,.T.);
#1514=EDGE_CURVE('',#2126,#2124,#2525,.T.);
#1515=EDGE_CURVE('',#2127,#2128,#2526,.T.);
#1516=EDGE_CURVE('',#2129,#2127,#2527,.T.);
#1517=EDGE_CURVE('',#2130,#2129,#2528,.T.);
#1518=EDGE_CURVE('',#2131,#2130,#2529,.T.);
#1519=EDGE_CURVE('',#2132,#2131,#2530,.T.);
#1520=EDGE_CURVE('',#2133,#2132,#2531,.T.);
#1521=EDGE_CURVE('',#2134,#2133,#2532,.T.);
#1522=EDGE_CURVE('',#2135,#2134,#2533,.T.);
#1523=EDGE_CURVE('',#2136,#2135,#2534,.T.);
#1524=EDGE_CURVE('',#2137,#2136,#2535,.T.);
#1525=EDGE_CURVE('',#2128,#2137,#2536,.T.);
#1526=EDGE_CURVE('',#2138,#2139,#2537,.T.);
#1527=EDGE_CURVE('',#2140,#2138,#2538,.T.);
#1528=EDGE_CURVE('',#2141,#2140,#2539,.T.);
#1529=EDGE_CURVE('',#2142,#2141,#2540,.T.);
#1530=EDGE_CURVE('',#2143,#2142,#2541,.T.);
#1531=EDGE_CURVE('',#2144,#2143,#2542,.T.);
#1532=EDGE_CURVE('',#2145,#2144,#2543,.T.);
#1533=EDGE_CURVE('',#2146,#2145,#2544,.T.);
#1534=EDGE_CURVE('',#2147,#2146,#2545,.T.);
#1535=EDGE_CURVE('',#2148,#2147,#2546,.T.);
#1536=EDGE_CURVE('',#2149,#2148,#2547,.T.);
#1537=EDGE_CURVE('',#2150,#2149,#2548,.T.);
#1538=EDGE_CURVE('',#2151,#2150,#2549,.T.);
#1539=EDGE_CURVE('',#2152,#2151,#2550,.T.);
#1540=EDGE_CURVE('',#2153,#2152,#2551,.T.);
#1541=EDGE_CURVE('',#2154,#2153,#2552,.T.);
#1542=EDGE_CURVE('',#2139,#2154,#2553,.T.);
#1543=EDGE_CURVE('',#2155,#2156,#2554,.T.);
#1544=EDGE_CURVE('',#2157,#2155,#2555,.T.);
#1545=EDGE_CURVE('',#2158,#2157,#2556,.T.);
#1546=EDGE_CURVE('',#2159,#2158,#2557,.T.);
#1547=EDGE_CURVE('',#2160,#2159,#2558,.T.);
#1548=EDGE_CURVE('',#2161,#2160,#2559,.T.);
#1549=EDGE_CURVE('',#2162,#2161,#2560,.T.);
#1550=EDGE_CURVE('',#2163,#2162,#2561,.T.);
#1551=EDGE_CURVE('',#2164,#2163,#2562,.T.);
#1552=EDGE_CURVE('',#2156,#2164,#2563,.T.);
#1553=EDGE_CURVE('',#2165,#2166,#2564,.T.);
#1554=EDGE_CURVE('',#2167,#2165,#2565,.T.);
#1555=EDGE_CURVE('',#2168,#2167,#2566,.T.);
#1556=EDGE_CURVE('',#2169,#2168,#2567,.T.);
#1557=EDGE_CURVE('',#2170,#2169,#2568,.T.);
#1558=EDGE_CURVE('',#2166,#2170,#2569,.T.);
#1559=EDGE_CURVE('',#2171,#2172,#2570,.T.);
#1560=EDGE_CURVE('',#2172,#2173,#2571,.T.);
#1561=EDGE_CURVE('',#2173,#2174,#2572,.T.);
#1562=EDGE_CURVE('',#2174,#2175,#2573,.T.);
#1563=EDGE_CURVE('',#2175,#2176,#2574,.T.);
#1564=EDGE_CURVE('',#2176,#2177,#2575,.T.);
#1565=EDGE_CURVE('',#2177,#2178,#2576,.T.);
#1566=EDGE_CURVE('',#2178,#2179,#2577,.T.);
#1567=EDGE_CURVE('',#2179,#2180,#2578,.T.);
#1568=EDGE_CURVE('',#2180,#2171,#2579,.T.);
#1569=EDGE_CURVE('',#2181,#2182,#2580,.T.);
#1570=EDGE_CURVE('',#2182,#2183,#2581,.T.);
#1571=EDGE_CURVE('',#2184,#2183,#2582,.T.);
#1572=EDGE_CURVE('',#2185,#2184,#2583,.T.);
#1573=EDGE_CURVE('',#2185,#2186,#2584,.T.);
#1574=EDGE_CURVE('',#2187,#2186,#2585,.T.);
#1575=EDGE_CURVE('',#2187,#2188,#2586,.T.);
#1576=EDGE_CURVE('',#2188,#2189,#2587,.T.);
#1577=EDGE_CURVE('',#2190,#2189,#2588,.T.);
#1578=EDGE_CURVE('',#2191,#2190,#2589,.T.);
#1579=EDGE_CURVE('',#2191,#2181,#2590,.T.);
#1580=EDGE_CURVE('',#2192,#2193,#2591,.T.);
#1581=EDGE_CURVE('',#2192,#2194,#2592,.T.);
#1582=EDGE_CURVE('',#2195,#2194,#205,.T.);
#1583=EDGE_CURVE('',#2196,#2195,#2593,.T.);
#1584=EDGE_CURVE('',#2196,#2197,#2594,.T.);
#1585=EDGE_CURVE('',#2197,#2198,#2595,.T.);
#1586=EDGE_CURVE('',#2193,#2198,#2596,.T.);
#1587=EDGE_CURVE('',#2199,#2199,#206,.T.);
#1588=EDGE_CURVE('',#2200,#2200,#207,.T.);
#1589=EDGE_CURVE('',#2201,#2201,#208,.T.);
#1590=EDGE_CURVE('',#2202,#2203,#2597,.T.);
#1591=EDGE_CURVE('',#2204,#2202,#2598,.T.);
#1592=EDGE_CURVE('',#2205,#2204,#2599,.T.);
#1593=EDGE_CURVE('',#2206,#2205,#2600,.T.);
#1594=EDGE_CURVE('',#2207,#2206,#2601,.T.);
#1595=EDGE_CURVE('',#2208,#2207,#2602,.T.);
#1596=EDGE_CURVE('',#2209,#2208,#2603,.T.);
#1597=EDGE_CURVE('',#2210,#2209,#2604,.T.);
#1598=EDGE_CURVE('',#2211,#2210,#2605,.T.);
#1599=EDGE_CURVE('',#2212,#2211,#2606,.T.);
#1600=EDGE_CURVE('',#2213,#2212,#2607,.T.);
#1601=EDGE_CURVE('',#2203,#2213,#2608,.T.);
#1602=EDGE_CURVE('',#2214,#2215,#2609,.T.);
#1603=EDGE_CURVE('',#2215,#2216,#2610,.T.);
#1604=EDGE_CURVE('',#2216,#2217,#2611,.T.);
#1605=EDGE_CURVE('',#2217,#2218,#2612,.T.);
#1606=EDGE_CURVE('',#2218,#2219,#2613,.T.);
#1607=EDGE_CURVE('',#2219,#2220,#2614,.T.);
#1608=EDGE_CURVE('',#2220,#2221,#2615,.T.);
#1609=EDGE_CURVE('',#2221,#2222,#2616,.T.);
#1610=EDGE_CURVE('',#2222,#2214,#2617,.T.);
#1611=EDGE_CURVE('',#2223,#2224,#2618,.T.);
#1612=EDGE_CURVE('',#2224,#2225,#2619,.T.);
#1613=EDGE_CURVE('',#2225,#2226,#2620,.T.);
#1614=EDGE_CURVE('',#2226,#2227,#2621,.T.);
#1615=EDGE_CURVE('',#2227,#2228,#2622,.T.);
#1616=EDGE_CURVE('',#2228,#2229,#2623,.T.);
#1617=EDGE_CURVE('',#2229,#2230,#2624,.T.);
#1618=EDGE_CURVE('',#2230,#2231,#2625,.T.);
#1619=EDGE_CURVE('',#2231,#2232,#2626,.T.);
#1620=EDGE_CURVE('',#2232,#2223,#2627,.T.);
#1621=EDGE_CURVE('',#2233,#2234,#209,.F.);
#1622=EDGE_CURVE('',#2233,#2234,#2628,.T.);
#1623=EDGE_CURVE('',#2104,#2235,#2629,.F.);
#1624=EDGE_CURVE('',#2103,#2236,#2630,.T.);
#1625=EDGE_CURVE('',#2236,#2235,#2631,.T.);
#1626=EDGE_CURVE('',#2237,#2238,#2632,.T.);
#1627=EDGE_CURVE('',#2237,#2239,#2633,.T.);
#1628=EDGE_CURVE('',#2239,#2240,#2634,.T.);
#1629=EDGE_CURVE('',#2238,#2240,#2635,.T.);
#1630=EDGE_CURVE('',#2241,#2241,#210,.F.);
#1631=EDGE_CURVE('',#2242,#2242,#211,.F.);
#1632=EDGE_CURVE('',#2243,#2243,#212,.F.);
#1633=EDGE_CURVE('',#2244,#2244,#213,.F.);
#1634=EDGE_CURVE('',#2245,#2246,#2636,.T.);
#1635=EDGE_CURVE('',#2245,#2247,#2637,.T.);
#1636=EDGE_CURVE('',#2248,#2247,#2638,.T.);
#1637=EDGE_CURVE('',#2248,#2249,#2639,.T.);
#1638=EDGE_CURVE('',#2250,#2249,#2640,.T.);
#1639=EDGE_CURVE('',#2246,#2250,#2641,.T.);
#1640=EDGE_CURVE('',#2251,#2252,#214,.T.);
#1641=EDGE_CURVE('',#2251,#2235,#2642,.T.);
#1642=EDGE_CURVE('',#2236,#2253,#2643,.T.);
#1643=EDGE_CURVE('',#2254,#2253,#2644,.T.);
#1644=EDGE_CURVE('',#2254,#2255,#2645,.T.);
#1645=EDGE_CURVE('',#2256,#2255,#2646,.T.);
#1646=EDGE_CURVE('',#2256,#2257,#2647,.F.);
#1647=EDGE_CURVE('',#2258,#2257,#215,.T.);
#1648=EDGE_CURVE('',#2258,#2252,#2648,.T.);
#1649=EDGE_CURVE('',#2259,#2260,#2649,.T.);
#1650=EDGE_CURVE('',#2259,#2261,#2650,.T.);
#1651=EDGE_CURVE('',#2261,#2262,#2651,.T.);
#1652=EDGE_CURVE('',#2260,#2262,#2652,.T.);
#1653=EDGE_CURVE('',#2246,#2263,#2653,.T.);
#1654=EDGE_CURVE('',#2263,#2264,#2654,.T.);
#1655=EDGE_CURVE('',#2264,#2265,#2655,.T.);
#1656=EDGE_CURVE('',#2245,#2265,#2656,.T.);
#1657=EDGE_CURVE('',#2266,#2267,#2657,.T.);
#1658=EDGE_CURVE('',#2266,#2268,#2658,.T.);
#1659=EDGE_CURVE('',#2268,#2269,#2659,.T.);
#1660=EDGE_CURVE('',#2270,#2269,#2660,.T.);
#1661=EDGE_CURVE('',#2247,#2270,#2661,.T.);
#1662=EDGE_CURVE('',#2271,#2265,#2662,.T.);
#1663=EDGE_CURVE('',#2271,#2267,#2663,.T.);
#1664=EDGE_CURVE('',#2272,#2273,#2664,.T.);
#1665=EDGE_CURVE('',#2272,#2274,#2665,.T.);
#1666=EDGE_CURVE('',#2274,#2275,#2666,.T.);
#1667=EDGE_CURVE('',#2275,#2092,#2667,.T.);
#1668=EDGE_CURVE('',#2192,#2091,#2668,.T.);
#1669=EDGE_CURVE('',#2273,#2193,#2669,.T.);
#1670=EDGE_CURVE('',#2276,#2277,#2670,.T.);
#1671=EDGE_CURVE('',#2278,#2276,#2671,.T.);
#1672=EDGE_CURVE('',#2278,#2279,#2672,.T.);
#1673=EDGE_CURVE('',#2279,#2277,#216,.T.);
#1674=EDGE_CURVE('',#2280,#2281,#2673,.T.);
#1675=EDGE_CURVE('',#2280,#2272,#2674,.T.);
#1676=EDGE_CURVE('',#2273,#2281,#2675,.T.);
#1677=EDGE_CURVE('',#2276,#2282,#2676,.T.);
#1678=EDGE_CURVE('',#2282,#2278,#2677,.T.);
#1679=EDGE_CURVE('',#2283,#2266,#2678,.T.);
#1680=EDGE_CURVE('',#2283,#2284,#2679,.T.);
#1681=EDGE_CURVE('',#2268,#2284,#2680,.T.);
#1682=EDGE_CURVE('',#2285,#2269,#2681,.T.);
#1683=EDGE_CURVE('',#2286,#2285,#2682,.T.);
#1684=EDGE_CURVE('',#2286,#2287,#2683,.T.);
#1685=EDGE_CURVE('',#2288,#2287,#2684,.T.);
#1686=EDGE_CURVE('',#2288,#2270,#2685,.T.);
#1687=EDGE_CURVE('',#2289,#2289,#217,.T.);
#1688=EDGE_CURVE('',#2290,#2290,#218,.T.);
#1689=EDGE_CURVE('',#2291,#2291,#219,.T.);
#1690=EDGE_CURVE('',#2285,#2198,#2686,.T.);
#1691=EDGE_CURVE('',#2197,#2286,#2687,.T.);
#1692=EDGE_CURVE('',#2292,#2263,#2688,.T.);
#1693=EDGE_CURVE('',#2250,#2094,#2689,.T.);
#1694=EDGE_CURVE('',#2093,#2293,#2690,.T.);
#1695=EDGE_CURVE('',#2293,#2294,#2691,.T.);
#1696=EDGE_CURVE('',#2294,#2280,#2692,.T.);
#1697=EDGE_CURVE('',#2281,#2284,#2693,.T.);
#1698=EDGE_CURVE('',#2292,#2283,#2694,.T.);
#1699=EDGE_CURVE('',#2295,#2260,#2695,.T.);
#1700=EDGE_CURVE('',#2296,#2262,#2696,.T.);
#1701=EDGE_CURVE('',#2297,#2296,#2697,.T.);
#1702=EDGE_CURVE('',#2298,#2297,#220,.T.);
#1703=EDGE_CURVE('',#2298,#2295,#2698,.T.);
#1704=EDGE_CURVE('',#2089,#2196,#2699,.T.);
#1705=EDGE_CURVE('',#2088,#2299,#2700,.F.);
#1706=EDGE_CURVE('',#2300,#2299,#2701,.T.);
#1707=EDGE_CURVE('',#2300,#2301,#221,.T.);
#1708=EDGE_CURVE('',#2301,#2302,#2702,.T.);
#1709=EDGE_CURVE('',#2302,#2082,#2703,.T.);
#1710=EDGE_CURVE('',#2249,#2287,#2704,.T.);
#1711=EDGE_CURVE('',#2293,#2275,#2705,.T.);
#1712=EDGE_CURVE('',#2274,#2294,#2706,.T.);
#1713=EDGE_CURVE('',#2090,#2194,#2707,.T.);
#1714=EDGE_CURVE('',#2090,#2195,#2708,.T.);
#1715=EDGE_CURVE('',#2303,#2279,#2709,.T.);
#1716=EDGE_CURVE('',#2303,#2277,#2710,.T.);
#1717=EDGE_CURVE('',#2288,#2279,#2711,.T.);
#1718=EDGE_CURVE('',#2303,#2248,#2712,.T.);
#1719=EDGE_CURVE('',#2282,#2303,#2713,.T.);
#1720=EDGE_CURVE('',#2267,#2292,#2714,.T.);
#1721=EDGE_CURVE('',#2264,#2271,#2715,.T.);
#1722=EDGE_CURVE('',#2233,#2304,#2716,.T.);
#1723=EDGE_CURVE('',#2233,#2300,#2717,.T.);
#1724=EDGE_CURVE('',#2299,#2304,#2718,.F.);
#1725=EDGE_CURVE('',#2234,#2301,#2719,.T.);
#1726=EDGE_CURVE('',#2234,#2305,#2720,.T.);
#1727=EDGE_CURVE('',#2305,#2302,#2721,.T.);
#1728=EDGE_CURVE('',#2306,#2261,#2722,.T.);
#1729=EDGE_CURVE('',#2306,#2296,#2723,.T.);
#1730=EDGE_CURVE('',#2307,#2306,#2724,.T.);
#1731=EDGE_CURVE('',#2307,#2297,#2725,.T.);
#1732=EDGE_CURVE('',#2308,#2307,#222,.F.);
#1733=EDGE_CURVE('',#2308,#2298,#2726,.T.);
#1734=EDGE_CURVE('',#2308,#2309,#2727,.T.);
#1735=EDGE_CURVE('',#2309,#2295,#2728,.T.);
#1736=EDGE_CURVE('',#2309,#2259,#2729,.T.);
#1737=EDGE_CURVE('',#2304,#2086,#2730,.T.);
#1738=EDGE_CURVE('',#2304,#2087,#2731,.F.);
#1739=EDGE_CURVE('',#2083,#2305,#2732,.T.);
#1740=EDGE_CURVE('',#2101,#2254,#2733,.T.);
#1741=EDGE_CURVE('',#2099,#2255,#2734,.T.);
#1742=EDGE_CURVE('',#2102,#2253,#2735,.T.);
#1743=EDGE_CURVE('',#2100,#2256,#2736,.T.);
#1744=EDGE_CURVE('',#2108,#2257,#2737,.T.);
#1745=EDGE_CURVE('',#2107,#2258,#2738,.T.);
#1746=EDGE_CURVE('',#2106,#2252,#2739,.F.);
#1747=EDGE_CURVE('',#2105,#2251,#2740,.T.);
#1748=EDGE_CURVE('',#2098,#2240,#2741,.T.);
#1749=EDGE_CURVE('',#2095,#2239,#2742,.T.);
#1750=EDGE_CURVE('',#2097,#2238,#2743,.T.);
#1751=EDGE_CURVE('',#2096,#2237,#2744,.T.);
#1752=EDGE_CURVE('',#2304,#2085,#2745,.T.);
#1753=EDGE_CURVE('',#2305,#2084,#2746,.T.);
#1754=EDGE_CURVE('',#2310,#2182,#2747,.T.);
#1755=EDGE_CURVE('',#2311,#2310,#2748,.T.);
#1756=EDGE_CURVE('',#2311,#2183,#2749,.T.);
#1757=EDGE_CURVE('',#2312,#2181,#2750,.T.);
#1758=EDGE_CURVE('',#2310,#2312,#2751,.T.);
#1759=EDGE_CURVE('',#2313,#2191,#2752,.T.);
#1760=EDGE_CURVE('',#2312,#2313,#2753,.T.);
#1761=EDGE_CURVE('',#2314,#2190,#2754,.T.);
#1762=EDGE_CURVE('',#2314,#2313,#2755,.T.);
#1763=EDGE_CURVE('',#2315,#2189,#2756,.T.);
#1764=EDGE_CURVE('',#2315,#2314,#2757,.T.);
#1765=EDGE_CURVE('',#2316,#2188,#2758,.T.);
#1766=EDGE_CURVE('',#2315,#2316,#2759,.T.);
#1767=EDGE_CURVE('',#2317,#2187,#2760,.T.);
#1768=EDGE_CURVE('',#2316,#2317,#2761,.T.);
#1769=EDGE_CURVE('',#2318,#2186,#2762,.T.);
#1770=EDGE_CURVE('',#2318,#2317,#2763,.T.);
#1771=EDGE_CURVE('',#2319,#2185,#2764,.T.);
#1772=EDGE_CURVE('',#2318,#2319,#2765,.T.);
#1773=EDGE_CURVE('',#2320,#2184,#2766,.T.);
#1774=EDGE_CURVE('',#2320,#2319,#2767,.T.);
#1775=EDGE_CURVE('',#2311,#2320,#2768,.T.);
#1776=EDGE_CURVE('',#2321,#2172,#2769,.T.);
#1777=EDGE_CURVE('',#2322,#2321,#2770,.T.);
#1778=EDGE_CURVE('',#2322,#2173,#2771,.T.);
#1779=EDGE_CURVE('',#2323,#2171,#2772,.T.);
#1780=EDGE_CURVE('',#2321,#2323,#2773,.T.);
#1781=EDGE_CURVE('',#2324,#2180,#2774,.T.);
#1782=EDGE_CURVE('',#2323,#2324,#2775,.T.);
#1783=EDGE_CURVE('',#2325,#2179,#2776,.T.);
#1784=EDGE_CURVE('',#2324,#2325,#2777,.T.);
#1785=EDGE_CURVE('',#2326,#2178,#2778,.T.);
#1786=EDGE_CURVE('',#2325,#2326,#2779,.T.);
#1787=EDGE_CURVE('',#2327,#2177,#2780,.T.);
#1788=EDGE_CURVE('',#2326,#2327,#2781,.T.);
#1789=EDGE_CURVE('',#2328,#2176,#2782,.T.);
#1790=EDGE_CURVE('',#2327,#2328,#2783,.T.);
#1791=EDGE_CURVE('',#2329,#2175,#2784,.T.);
#1792=EDGE_CURVE('',#2328,#2329,#2785,.T.);
#1793=EDGE_CURVE('',#2330,#2174,#2786,.T.);
#1794=EDGE_CURVE('',#2329,#2330,#2787,.T.);
#1795=EDGE_CURVE('',#2331,#2332,#2788,.T.);
#1796=EDGE_CURVE('',#2333,#2331,#2789,.T.);
#1797=EDGE_CURVE('',#2334,#2333,#2790,.T.);
#1798=EDGE_CURVE('',#2334,#2332,#2791,.T.);
#1799=EDGE_CURVE('',#2335,#2331,#2792,.T.);
#1800=EDGE_CURVE('',#2336,#2335,#2793,.T.);
#1801=EDGE_CURVE('',#2333,#2336,#2794,.T.);
#1802=EDGE_CURVE('',#2337,#2335,#2795,.T.);
#1803=EDGE_CURVE('',#2338,#2337,#2796,.T.);
#1804=EDGE_CURVE('',#2336,#2338,#2797,.T.);
#1805=EDGE_CURVE('',#2332,#2337,#2798,.T.);
#1806=EDGE_CURVE('',#2338,#2334,#2799,.T.);
#1807=EDGE_CURVE('',#2330,#2322,#2800,.T.);
#1808=EDGE_CURVE('',#2339,#2202,#2801,.T.);
#1809=EDGE_CURVE('',#2340,#2203,#2802,.T.);
#1810=EDGE_CURVE('',#2340,#2339,#2803,.T.);
#1811=EDGE_CURVE('',#2341,#2213,#2804,.T.);
#1812=EDGE_CURVE('',#2341,#2340,#2805,.T.);
#1813=EDGE_CURVE('',#2342,#2212,#2806,.T.);
#1814=EDGE_CURVE('',#2342,#2341,#2807,.T.);
#1815=EDGE_CURVE('',#2343,#2211,#2808,.T.);
#1816=EDGE_CURVE('',#2343,#2342,#2809,.T.);
#1817=EDGE_CURVE('',#2344,#2210,#2810,.T.);
#1818=EDGE_CURVE('',#2344,#2343,#2811,.T.);
#1819=EDGE_CURVE('',#2345,#2209,#2812,.T.);
#1820=EDGE_CURVE('',#2345,#2344,#2813,.T.);
#1821=EDGE_CURVE('',#2346,#2208,#2814,.T.);
#1822=EDGE_CURVE('',#2346,#2345,#2815,.T.);
#1823=EDGE_CURVE('',#2347,#2207,#2816,.T.);
#1824=EDGE_CURVE('',#2347,#2346,#2817,.T.);
#1825=EDGE_CURVE('',#2348,#2206,#2818,.T.);
#1826=EDGE_CURVE('',#2348,#2347,#2819,.T.);
#1827=EDGE_CURVE('',#2349,#2205,#2820,.T.);
#1828=EDGE_CURVE('',#2349,#2348,#2821,.T.);
#1829=EDGE_CURVE('',#2350,#2204,#2822,.T.);
#1830=EDGE_CURVE('',#2350,#2349,#2823,.T.);
#1831=EDGE_CURVE('',#2339,#2350,#2824,.T.);
#1832=EDGE_CURVE('',#2351,#2352,#2825,.T.);
#1833=EDGE_CURVE('',#2353,#2351,#2826,.T.);
#1834=EDGE_CURVE('',#2354,#2353,#2827,.T.);
#1835=EDGE_CURVE('',#2354,#2352,#2828,.T.);
#1836=EDGE_CURVE('',#2355,#2351,#2829,.T.);
#1837=EDGE_CURVE('',#2356,#2355,#2830,.T.);
#1838=EDGE_CURVE('',#2353,#2356,#2831,.T.);
#1839=EDGE_CURVE('',#2357,#2355,#2832,.T.);
#1840=EDGE_CURVE('',#2358,#2357,#2833,.T.);
#1841=EDGE_CURVE('',#2356,#2358,#2834,.T.);
#1842=EDGE_CURVE('',#2359,#2357,#2835,.T.);
#1843=EDGE_CURVE('',#2360,#2359,#2836,.T.);
#1844=EDGE_CURVE('',#2358,#2360,#2837,.T.);
#1845=EDGE_CURVE('',#2361,#2215,#2838,.T.);
#1846=EDGE_CURVE('',#2362,#2361,#2839,.T.);
#1847=EDGE_CURVE('',#2362,#2216,#2840,.T.);
#1848=EDGE_CURVE('',#2363,#2214,#2841,.T.);
#1849=EDGE_CURVE('',#2361,#2363,#2842,.T.);
#1850=EDGE_CURVE('',#2364,#2222,#2843,.T.);
#1851=EDGE_CURVE('',#2363,#2364,#2844,.T.);
#1852=EDGE_CURVE('',#2365,#2221,#2845,.T.);
#1853=EDGE_CURVE('',#2364,#2365,#2846,.T.);
#1854=EDGE_CURVE('',#2366,#2220,#2847,.T.);
#1855=EDGE_CURVE('',#2365,#2366,#2848,.T.);
#1856=EDGE_CURVE('',#2367,#2219,#2849,.T.);
#1857=EDGE_CURVE('',#2366,#2367,#2850,.T.);
#1858=EDGE_CURVE('',#2368,#2218,#2851,.T.);
#1859=EDGE_CURVE('',#2367,#2368,#2852,.T.);
#1860=EDGE_CURVE('',#2369,#2217,#2853,.T.);
#1861=EDGE_CURVE('',#2368,#2369,#2854,.T.);
#1862=EDGE_CURVE('',#2369,#2362,#2855,.T.);
#1863=EDGE_CURVE('',#2352,#2359,#2856,.T.);
#1864=EDGE_CURVE('',#2360,#2354,#2857,.T.);
#1865=EDGE_CURVE('',#2370,#2165,#2858,.T.);
#1866=EDGE_CURVE('',#2371,#2166,#2859,.T.);
#1867=EDGE_CURVE('',#2371,#2370,#2860,.T.);
#1868=EDGE_CURVE('',#2372,#2170,#2861,.T.);
#1869=EDGE_CURVE('',#2372,#2371,#2862,.T.);
#1870=EDGE_CURVE('',#2373,#2169,#2863,.T.);
#1871=EDGE_CURVE('',#2373,#2372,#2864,.T.);
#1872=EDGE_CURVE('',#2374,#2168,#2865,.T.);
#1873=EDGE_CURVE('',#2374,#2373,#2866,.T.);
#1874=EDGE_CURVE('',#2375,#2167,#2867,.T.);
#1875=EDGE_CURVE('',#2375,#2374,#2868,.T.);
#1876=EDGE_CURVE('',#2370,#2375,#2869,.T.);
#1877=EDGE_CURVE('',#2376,#2377,#2870,.T.);
#1878=EDGE_CURVE('',#2378,#2376,#2871,.T.);
#1879=EDGE_CURVE('',#2379,#2378,#2872,.T.);
#1880=EDGE_CURVE('',#2379,#2377,#2873,.T.);
#1881=EDGE_CURVE('',#2380,#2376,#2874,.T.);
#1882=EDGE_CURVE('',#2381,#2380,#2875,.T.);
#1883=EDGE_CURVE('',#2378,#2381,#2876,.T.);
#1884=EDGE_CURVE('',#2382,#2380,#2877,.T.);
#1885=EDGE_CURVE('',#2383,#2382,#2878,.T.);
#1886=EDGE_CURVE('',#2381,#2383,#2879,.T.);
#1887=EDGE_CURVE('',#2384,#2155,#2880,.T.);
#1888=EDGE_CURVE('',#2385,#2156,#2881,.T.);
#1889=EDGE_CURVE('',#2385,#2384,#2882,.T.);
#1890=EDGE_CURVE('',#2386,#2164,#2883,.T.);
#1891=EDGE_CURVE('',#2386,#2385,#2884,.T.);
#1892=EDGE_CURVE('',#2387,#2163,#2885,.T.);
#1893=EDGE_CURVE('',#2387,#2386,#2886,.T.);
#1894=EDGE_CURVE('',#2388,#2162,#2887,.T.);
#1895=EDGE_CURVE('',#2388,#2387,#2888,.T.);
#1896=EDGE_CURVE('',#2389,#2161,#2889,.T.);
#1897=EDGE_CURVE('',#2389,#2388,#2890,.T.);
#1898=EDGE_CURVE('',#2390,#2160,#2891,.T.);
#1899=EDGE_CURVE('',#2390,#2389,#2892,.T.);
#1900=EDGE_CURVE('',#2391,#2159,#2893,.T.);
#1901=EDGE_CURVE('',#2391,#2390,#2894,.T.);
#1902=EDGE_CURVE('',#2392,#2158,#2895,.T.);
#1903=EDGE_CURVE('',#2392,#2391,#2896,.T.);
#1904=EDGE_CURVE('',#2393,#2157,#2897,.T.);
#1905=EDGE_CURVE('',#2393,#2392,#2898,.T.);
#1906=EDGE_CURVE('',#2384,#2393,#2899,.T.);
#1907=EDGE_CURVE('',#2377,#2382,#2900,.T.);
#1908=EDGE_CURVE('',#2383,#2379,#2901,.T.);
#1909=EDGE_CURVE('',#2394,#2138,#2902,.T.);
#1910=EDGE_CURVE('',#2395,#2139,#2903,.T.);
#1911=EDGE_CURVE('',#2395,#2394,#2904,.T.);
#1912=EDGE_CURVE('',#2396,#2154,#2905,.T.);
#1913=EDGE_CURVE('',#2396,#2395,#2906,.T.);
#1914=EDGE_CURVE('',#2397,#2153,#2907,.T.);
#1915=EDGE_CURVE('',#2397,#2396,#2908,.T.);
#1916=EDGE_CURVE('',#2398,#2152,#2909,.T.);
#1917=EDGE_CURVE('',#2398,#2397,#2910,.T.);
#1918=EDGE_CURVE('',#2399,#2151,#2911,.T.);
#1919=EDGE_CURVE('',#2399,#2398,#2912,.T.);
#1920=EDGE_CURVE('',#2400,#2150,#2913,.T.);
#1921=EDGE_CURVE('',#2400,#2399,#2914,.T.);
#1922=EDGE_CURVE('',#2401,#2149,#2915,.T.);
#1923=EDGE_CURVE('',#2401,#2400,#2916,.T.);
#1924=EDGE_CURVE('',#2402,#2148,#2917,.T.);
#1925=EDGE_CURVE('',#2402,#2401,#2918,.T.);
#1926=EDGE_CURVE('',#2403,#2147,#2919,.T.);
#1927=EDGE_CURVE('',#2403,#2402,#2920,.T.);
#1928=EDGE_CURVE('',#2404,#2146,#2921,.T.);
#1929=EDGE_CURVE('',#2404,#2403,#2922,.T.);
#1930=EDGE_CURVE('',#2405,#2145,#2923,.T.);
#1931=EDGE_CURVE('',#2405,#2404,#2924,.T.);
#1932=EDGE_CURVE('',#2406,#2144,#2925,.T.);
#1933=EDGE_CURVE('',#2406,#2405,#2926,.T.);
#1934=EDGE_CURVE('',#2407,#2143,#2927,.T.);
#1935=EDGE_CURVE('',#2407,#2406,#2928,.T.);
#1936=EDGE_CURVE('',#2408,#2142,#2929,.T.);
#1937=EDGE_CURVE('',#2408,#2407,#2930,.T.);
#1938=EDGE_CURVE('',#2409,#2141,#2931,.T.);
#1939=EDGE_CURVE('',#2409,#2408,#2932,.T.);
#1940=EDGE_CURVE('',#2410,#2140,#2933,.T.);
#1941=EDGE_CURVE('',#2410,#2409,#2934,.T.);
#1942=EDGE_CURVE('',#2394,#2410,#2935,.T.);
#1943=EDGE_CURVE('',#2411,#2224,#2936,.T.);
#1944=EDGE_CURVE('',#2412,#2411,#2937,.T.);
#1945=EDGE_CURVE('',#2412,#2225,#2938,.T.);
#1946=EDGE_CURVE('',#2413,#2223,#2939,.T.);
#1947=EDGE_CURVE('',#2411,#2413,#2940,.T.);
#1948=EDGE_CURVE('',#2414,#2232,#2941,.T.);
#1949=EDGE_CURVE('',#2413,#2414,#2942,.T.);
#1950=EDGE_CURVE('',#2415,#2231,#2943,.T.);
#1951=EDGE_CURVE('',#2414,#2415,#2944,.T.);
#1952=EDGE_CURVE('',#2416,#2230,#2945,.T.);
#1953=EDGE_CURVE('',#2415,#2416,#2946,.T.);
#1954=EDGE_CURVE('',#2417,#2229,#2947,.T.);
#1955=EDGE_CURVE('',#2416,#2417,#2948,.T.);
#1956=EDGE_CURVE('',#2418,#2228,#2949,.T.);
#1957=EDGE_CURVE('',#2417,#2418,#2950,.T.);
#1958=EDGE_CURVE('',#2419,#2227,#2951,.T.);
#1959=EDGE_CURVE('',#2418,#2419,#2952,.T.);
#1960=EDGE_CURVE('',#2420,#2226,#2953,.T.);
#1961=EDGE_CURVE('',#2419,#2420,#2954,.T.);
#1962=EDGE_CURVE('',#2421,#2422,#2955,.T.);
#1963=EDGE_CURVE('',#2423,#2421,#2956,.T.);
#1964=EDGE_CURVE('',#2424,#2423,#2957,.T.);
#1965=EDGE_CURVE('',#2424,#2422,#2958,.T.);
#1966=EDGE_CURVE('',#2425,#2421,#2959,.T.);
#1967=EDGE_CURVE('',#2426,#2425,#2960,.T.);
#1968=EDGE_CURVE('',#2423,#2426,#2961,.T.);
#1969=EDGE_CURVE('',#2427,#2425,#2962,.T.);
#1970=EDGE_CURVE('',#2428,#2427,#2963,.T.);
#1971=EDGE_CURVE('',#2426,#2428,#2964,.T.);
#1972=EDGE_CURVE('',#2422,#2427,#2965,.T.);
#1973=EDGE_CURVE('',#2428,#2424,#2966,.T.);
#1974=EDGE_CURVE('',#2420,#2412,#2967,.T.);
#1975=EDGE_CURVE('',#2429,#2127,#2968,.T.);
#1976=EDGE_CURVE('',#2430,#2128,#2969,.T.);
#1977=EDGE_CURVE('',#2430,#2429,#2970,.T.);
#1978=EDGE_CURVE('',#2431,#2137,#2971,.T.);
#1979=EDGE_CURVE('',#2431,#2430,#2972,.T.);
#1980=EDGE_CURVE('',#2432,#2136,#2973,.T.);
#1981=EDGE_CURVE('',#2432,#2431,#2974,.T.);
#1982=EDGE_CURVE('',#2433,#2135,#2975,.T.);
#1983=EDGE_CURVE('',#2433,#2432,#2976,.T.);
#1984=EDGE_CURVE('',#2434,#2134,#2977,.T.);
#1985=EDGE_CURVE('',#2434,#2433,#2978,.T.);
#1986=EDGE_CURVE('',#2435,#2133,#2979,.T.);
#1987=EDGE_CURVE('',#2435,#2434,#2980,.T.);
#1988=EDGE_CURVE('',#2436,#2132,#2981,.T.);
#1989=EDGE_CURVE('',#2436,#2435,#2982,.T.);
#1990=EDGE_CURVE('',#2437,#2131,#2983,.T.);
#1991=EDGE_CURVE('',#2437,#2436,#2984,.T.);
#1992=EDGE_CURVE('',#2438,#2130,#2985,.T.);
#1993=EDGE_CURVE('',#2438,#2437,#2986,.T.);
#1994=EDGE_CURVE('',#2439,#2129,#2987,.T.);
#1995=EDGE_CURVE('',#2439,#2438,#2988,.T.);
#1996=EDGE_CURVE('',#2429,#2439,#2989,.T.);
#1997=EDGE_CURVE('',#2440,#2114,#2990,.T.);
#1998=EDGE_CURVE('',#2441,#2440,#2991,.T.);
#1999=EDGE_CURVE('',#2441,#2113,#2992,.T.);
#2000=EDGE_CURVE('',#2442,#2115,#2993,.T.);
#2001=EDGE_CURVE('',#2440,#2442,#2994,.T.);
#2002=EDGE_CURVE('',#2442,#2441,#2995,.T.);
#2003=EDGE_CURVE('',#2443,#2080,#2996,.T.);
#2004=EDGE_CURVE('',#2444,#2443,#2997,.T.);
#2005=EDGE_CURVE('',#2444,#2079,#2998,.T.);
#2006=EDGE_CURVE('',#2445,#2081,#2999,.T.);
#2007=EDGE_CURVE('',#2443,#2445,#3000,.T.);
#2008=EDGE_CURVE('',#2445,#2444,#3001,.T.);
#2009=EDGE_CURVE('',#2446,#2117,#3002,.T.);
#2010=EDGE_CURVE('',#2447,#2446,#3003,.T.);
#2011=EDGE_CURVE('',#2447,#2116,#3004,.T.);
#2012=EDGE_CURVE('',#2448,#2118,#3005,.T.);
#2013=EDGE_CURVE('',#2446,#2448,#3006,.T.);
#2014=EDGE_CURVE('',#2448,#2447,#3007,.T.);
#2015=EDGE_CURVE('',#2449,#2075,#3008,.T.);
#2016=EDGE_CURVE('',#2449,#2450,#3009,.T.);
#2017=EDGE_CURVE('',#2450,#2077,#3010,.T.);
#2018=EDGE_CURVE('',#2451,#2076,#3011,.T.);
#2019=EDGE_CURVE('',#2449,#2451,#3012,.T.);
#2020=EDGE_CURVE('',#2452,#2078,#3013,.T.);
#2021=EDGE_CURVE('',#2451,#2452,#3014,.T.);
#2022=EDGE_CURVE('',#2450,#2452,#3015,.T.);
#2023=EDGE_CURVE('',#2453,#2071,#3016,.T.);
#2024=EDGE_CURVE('',#2453,#2454,#3017,.T.);
#2025=EDGE_CURVE('',#2454,#2073,#3018,.T.);
#2026=EDGE_CURVE('',#2455,#2072,#3019,.T.);
#2027=EDGE_CURVE('',#2453,#2455,#3020,.T.);
#2028=EDGE_CURVE('',#2456,#2074,#3021,.T.);
#2029=EDGE_CURVE('',#2455,#2456,#3022,.T.);
#2030=EDGE_CURVE('',#2454,#2456,#3023,.T.);
#2031=EDGE_CURVE('',#2457,#2067,#3024,.T.);
#2032=EDGE_CURVE('',#2457,#2458,#3025,.T.);
#2033=EDGE_CURVE('',#2458,#2069,#3026,.T.);
#2034=EDGE_CURVE('',#2459,#2068,#3027,.T.);
#2035=EDGE_CURVE('',#2457,#2459,#3028,.T.);
#2036=EDGE_CURVE('',#2460,#2070,#3029,.T.);
#2037=EDGE_CURVE('',#2459,#2460,#3030,.T.);
#2038=EDGE_CURVE('',#2458,#2460,#3031,.T.);
#2039=EDGE_CURVE('',#2461,#2063,#3032,.T.);
#2040=EDGE_CURVE('',#2461,#2462,#3033,.T.);
#2041=EDGE_CURVE('',#2462,#2065,#3034,.T.);
#2042=EDGE_CURVE('',#2463,#2064,#3035,.T.);
#2043=EDGE_CURVE('',#2461,#2463,#3036,.T.);
#2044=EDGE_CURVE('',#2464,#2066,#3037,.T.);
#2045=EDGE_CURVE('',#2463,#2464,#3038,.T.);
#2046=EDGE_CURVE('',#2462,#2464,#3039,.T.);
#2047=EDGE_CURVE('',#2465,#2119,#3040,.T.);
#2048=EDGE_CURVE('',#2465,#2466,#3041,.T.);
#2049=EDGE_CURVE('',#2466,#2121,#3042,.T.);
#2050=EDGE_CURVE('',#2467,#2120,#3043,.T.);
#2051=EDGE_CURVE('',#2465,#2467,#223,.T.);
#2052=EDGE_CURVE('',#2468,#2122,#3044,.T.);
#2053=EDGE_CURVE('',#2468,#2467,#3045,.T.);
#2054=EDGE_CURVE('',#2466,#2468,#224,.T.);
#2055=EDGE_CURVE('',#2469,#2123,#3046,.T.);
#2056=EDGE_CURVE('',#2469,#2470,#3047,.T.);
#2057=EDGE_CURVE('',#2470,#2125,#3048,.T.);
#2058=EDGE_CURVE('',#2471,#2124,#3049,.T.);
#2059=EDGE_CURVE('',#2469,#2471,#225,.T.);
#2060=EDGE_CURVE('',#2472,#2126,#3050,.T.);
#2061=EDGE_CURVE('',#2472,#2471,#3051,.T.);
#2062=EDGE_CURVE('',#2470,#2472,#226,.T.);
#2063=VERTEX_POINT('',#7028);
#2064=VERTEX_POINT('',#7029);
#2065=VERTEX_POINT('',#7031);
#2066=VERTEX_POINT('',#7033);
#2067=VERTEX_POINT('',#7036);
#2068=VERTEX_POINT('',#7037);
#2069=VERTEX_POINT('',#7039);
#2070=VERTEX_POINT('',#7041);
#2071=VERTEX_POINT('',#7044);
#2072=VERTEX_POINT('',#7045);
#2073=VERTEX_POINT('',#7047);
#2074=VERTEX_POINT('',#7049);
#2075=VERTEX_POINT('',#7052);
#2076=VERTEX_POINT('',#7053);
#2077=VERTEX_POINT('',#7055);
#2078=VERTEX_POINT('',#7057);
#2079=VERTEX_POINT('',#7060);
#2080=VERTEX_POINT('',#7061);
#2081=VERTEX_POINT('',#7063);
#2082=VERTEX_POINT('',#7066);
#2083=VERTEX_POINT('',#7067);
#2084=VERTEX_POINT('',#7069);
#2085=VERTEX_POINT('',#7071);
#2086=VERTEX_POINT('',#7073);
#2087=VERTEX_POINT('',#7075);
#2088=VERTEX_POINT('',#7077);
#2089=VERTEX_POINT('',#7079);
#2090=VERTEX_POINT('',#7081);
#2091=VERTEX_POINT('',#7083);
#2092=VERTEX_POINT('',#7085);
#2093=VERTEX_POINT('',#7087);
#2094=VERTEX_POINT('',#7089);
#2095=VERTEX_POINT('',#7092);
#2096=VERTEX_POINT('',#7093);
#2097=VERTEX_POINT('',#7095);
#2098=VERTEX_POINT('',#7097);
#2099=VERTEX_POINT('',#7100);
#2100=VERTEX_POINT('',#7101);
#2101=VERTEX_POINT('',#7103);
#2102=VERTEX_POINT('',#7105);
#2103=VERTEX_POINT('',#7107);
#2104=VERTEX_POINT('',#7109);
#2105=VERTEX_POINT('',#7111);
#2106=VERTEX_POINT('',#7113);
#2107=VERTEX_POINT('',#7115);
#2108=VERTEX_POINT('',#7117);
#2109=VERTEX_POINT('',#7120);
#2110=VERTEX_POINT('',#7122);
#2111=VERTEX_POINT('',#7124);
#2112=VERTEX_POINT('',#7126);
#2113=VERTEX_POINT('',#7128);
#2114=VERTEX_POINT('',#7129);
#2115=VERTEX_POINT('',#7131);
#2116=VERTEX_POINT('',#7134);
#2117=VERTEX_POINT('',#7135);
#2118=VERTEX_POINT('',#7137);
#2119=VERTEX_POINT('',#7140);
#2120=VERTEX_POINT('',#7141);
#2121=VERTEX_POINT('',#7143);
#2122=VERTEX_POINT('',#7145);
#2123=VERTEX_POINT('',#7148);
#2124=VERTEX_POINT('',#7149);
#2125=VERTEX_POINT('',#7151);
#2126=VERTEX_POINT('',#7153);
#2127=VERTEX_POINT('',#7157);
#2128=VERTEX_POINT('',#7158);
#2129=VERTEX_POINT('',#7160);
#2130=VERTEX_POINT('',#7162);
#2131=VERTEX_POINT('',#7164);
#2132=VERTEX_POINT('',#7166);
#2133=VERTEX_POINT('',#7168);
#2134=VERTEX_POINT('',#7170);
#2135=VERTEX_POINT('',#7172);
#2136=VERTEX_POINT('',#7174);
#2137=VERTEX_POINT('',#7176);
#2138=VERTEX_POINT('',#7179);
#2139=VERTEX_POINT('',#7180);
#2140=VERTEX_POINT('',#7182);
#2141=VERTEX_POINT('',#7184);
#2142=VERTEX_POINT('',#7186);
#2143=VERTEX_POINT('',#7188);
#2144=VERTEX_POINT('',#7190);
#2145=VERTEX_POINT('',#7192);
#2146=VERTEX_POINT('',#7194);
#2147=VERTEX_POINT('',#7196);
#2148=VERTEX_POINT('',#7198);
#2149=VERTEX_POINT('',#7200);
#2150=VERTEX_POINT('',#7202);
#2151=VERTEX_POINT('',#7204);
#2152=VERTEX_POINT('',#7206);
#2153=VERTEX_POINT('',#7208);
#2154=VERTEX_POINT('',#7210);
#2155=VERTEX_POINT('',#7213);
#2156=VERTEX_POINT('',#7214);
#2157=VERTEX_POINT('',#7216);
#2158=VERTEX_POINT('',#7218);
#2159=VERTEX_POINT('',#7220);
#2160=VERTEX_POINT('',#7222);
#2161=VERTEX_POINT('',#7224);
#2162=VERTEX_POINT('',#7226);
#2163=VERTEX_POINT('',#7228);
#2164=VERTEX_POINT('',#7230);
#2165=VERTEX_POINT('',#7233);
#2166=VERTEX_POINT('',#7234);
#2167=VERTEX_POINT('',#7236);
#2168=VERTEX_POINT('',#7238);
#2169=VERTEX_POINT('',#7240);
#2170=VERTEX_POINT('',#7242);
#2171=VERTEX_POINT('',#7245);
#2172=VERTEX_POINT('',#7246);
#2173=VERTEX_POINT('',#7248);
#2174=VERTEX_POINT('',#7250);
#2175=VERTEX_POINT('',#7252);
#2176=VERTEX_POINT('',#7254);
#2177=VERTEX_POINT('',#7256);
#2178=VERTEX_POINT('',#7258);
#2179=VERTEX_POINT('',#7260);
#2180=VERTEX_POINT('',#7262);
#2181=VERTEX_POINT('',#7265);
#2182=VERTEX_POINT('',#7266);
#2183=VERTEX_POINT('',#7268);
#2184=VERTEX_POINT('',#7270);
#2185=VERTEX_POINT('',#7272);
#2186=VERTEX_POINT('',#7274);
#2187=VERTEX_POINT('',#7276);
#2188=VERTEX_POINT('',#7278);
#2189=VERTEX_POINT('',#7280);
#2190=VERTEX_POINT('',#7282);
#2191=VERTEX_POINT('',#7284);
#2192=VERTEX_POINT('',#7287);
#2193=VERTEX_POINT('',#7288);
#2194=VERTEX_POINT('',#7290);
#2195=VERTEX_POINT('',#7292);
#2196=VERTEX_POINT('',#7294);
#2197=VERTEX_POINT('',#7296);
#2198=VERTEX_POINT('',#7298);
#2199=VERTEX_POINT('',#7301);
#2200=VERTEX_POINT('',#7303);
#2201=VERTEX_POINT('',#7305);
#2202=VERTEX_POINT('',#7307);
#2203=VERTEX_POINT('',#7308);
#2204=VERTEX_POINT('',#7310);
#2205=VERTEX_POINT('',#7312);
#2206=VERTEX_POINT('',#7314);
#2207=VERTEX_POINT('',#7316);
#2208=VERTEX_POINT('',#7318);
#2209=VERTEX_POINT('',#7320);
#2210=VERTEX_POINT('',#7322);
#2211=VERTEX_POINT('',#7324);
#2212=VERTEX_POINT('',#7326);
#2213=VERTEX_POINT('',#7328);
#2214=VERTEX_POINT('',#7331);
#2215=VERTEX_POINT('',#7332);
#2216=VERTEX_POINT('',#7334);
#2217=VERTEX_POINT('',#7336);
#2218=VERTEX_POINT('',#7338);
#2219=VERTEX_POINT('',#7340);
#2220=VERTEX_POINT('',#7342);
#2221=VERTEX_POINT('',#7344);
#2222=VERTEX_POINT('',#7346);
#2223=VERTEX_POINT('',#7349);
#2224=VERTEX_POINT('',#7350);
#2225=VERTEX_POINT('',#7352);
#2226=VERTEX_POINT('',#7354);
#2227=VERTEX_POINT('',#7356);
#2228=VERTEX_POINT('',#7358);
#2229=VERTEX_POINT('',#7360);
#2230=VERTEX_POINT('',#7362);
#2231=VERTEX_POINT('',#7364);
#2232=VERTEX_POINT('',#7366);
#2233=VERTEX_POINT('',#7370);
#2234=VERTEX_POINT('',#7371);
#2235=VERTEX_POINT('',#7375);
#2236=VERTEX_POINT('',#7377);
#2237=VERTEX_POINT('',#7381);
#2238=VERTEX_POINT('',#7382);
#2239=VERTEX_POINT('',#7384);
#2240=VERTEX_POINT('',#7386);
#2241=VERTEX_POINT('',#7389);
#2242=VERTEX_POINT('',#7391);
#2243=VERTEX_POINT('',#7393);
#2244=VERTEX_POINT('',#7395);
#2245=VERTEX_POINT('',#7397);
#2246=VERTEX_POINT('',#7398);
#2247=VERTEX_POINT('',#7400);
#2248=VERTEX_POINT('',#7402);
#2249=VERTEX_POINT('',#7404);
#2250=VERTEX_POINT('',#7406);
#2251=VERTEX_POINT('',#7409);
#2252=VERTEX_POINT('',#7410);
#2253=VERTEX_POINT('',#7413);
#2254=VERTEX_POINT('',#7415);
#2255=VERTEX_POINT('',#7417);
#2256=VERTEX_POINT('',#7419);
#2257=VERTEX_POINT('',#7421);
#2258=VERTEX_POINT('',#7423);
#2259=VERTEX_POINT('',#7427);
#2260=VERTEX_POINT('',#7428);
#2261=VERTEX_POINT('',#7430);
#2262=VERTEX_POINT('',#7432);
#2263=VERTEX_POINT('',#7436);
#2264=VERTEX_POINT('',#7438);
#2265=VERTEX_POINT('',#7440);
#2266=VERTEX_POINT('',#7444);
#2267=VERTEX_POINT('',#7445);
#2268=VERTEX_POINT('',#7447);
#2269=VERTEX_POINT('',#7449);
#2270=VERTEX_POINT('',#7451);
#2271=VERTEX_POINT('',#7454);
#2272=VERTEX_POINT('',#7458);
#2273=VERTEX_POINT('',#7459);
#2274=VERTEX_POINT('',#7461);
#2275=VERTEX_POINT('',#7463);
#2276=VERTEX_POINT('',#7469);
#2277=VERTEX_POINT('',#7470);
#2278=VERTEX_POINT('',#7472);
#2279=VERTEX_POINT('',#7474);
#2280=VERTEX_POINT('',#7478);
#2281=VERTEX_POINT('',#7479);
#2282=VERTEX_POINT('',#7484);
#2283=VERTEX_POINT('',#7488);
#2284=VERTEX_POINT('',#7490);
#2285=VERTEX_POINT('',#7494);
#2286=VERTEX_POINT('',#7496);
#2287=VERTEX_POINT('',#7498);
#2288=VERTEX_POINT('',#7500);
#2289=VERTEX_POINT('',#7503);
#2290=VERTEX_POINT('',#7505);
#2291=VERTEX_POINT('',#7507);
#2292=VERTEX_POINT('',#7513);
#2293=VERTEX_POINT('',#7516);
#2294=VERTEX_POINT('',#7518);
#2295=VERTEX_POINT('',#7525);
#2296=VERTEX_POINT('',#7527);
#2297=VERTEX_POINT('',#7529);
#2298=VERTEX_POINT('',#7531);
#2299=VERTEX_POINT('',#7535);
#2300=VERTEX_POINT('',#7537);
#2301=VERTEX_POINT('',#7539);
#2302=VERTEX_POINT('',#7541);
#2303=VERTEX_POINT('',#7552);
#2304=VERTEX_POINT('',#7575);
#2305=VERTEX_POINT('',#7582);
#2306=VERTEX_POINT('',#7586);
#2307=VERTEX_POINT('',#7590);
#2308=VERTEX_POINT('',#7594);
#2309=VERTEX_POINT('',#7598);
#2310=VERTEX_POINT('',#7644);
#2311=VERTEX_POINT('',#7646);
#2312=VERTEX_POINT('',#7650);
#2313=VERTEX_POINT('',#7654);
#2314=VERTEX_POINT('',#7658);
#2315=VERTEX_POINT('',#7662);
#2316=VERTEX_POINT('',#7666);
#2317=VERTEX_POINT('',#7670);
#2318=VERTEX_POINT('',#7674);
#2319=VERTEX_POINT('',#7678);
#2320=VERTEX_POINT('',#7682);
#2321=VERTEX_POINT('',#7689);
#2322=VERTEX_POINT('',#7691);
#2323=VERTEX_POINT('',#7695);
#2324=VERTEX_POINT('',#7699);
#2325=VERTEX_POINT('',#7703);
#2326=VERTEX_POINT('',#7707);
#2327=VERTEX_POINT('',#7711);
#2328=VERTEX_POINT('',#7715);
#2329=VERTEX_POINT('',#7719);
#2330=VERTEX_POINT('',#7723);
#2331=VERTEX_POINT('',#7727);
#2332=VERTEX_POINT('',#7728);
#2333=VERTEX_POINT('',#7730);
#2334=VERTEX_POINT('',#7732);
#2335=VERTEX_POINT('',#7736);
#2336=VERTEX_POINT('',#7738);
#2337=VERTEX_POINT('',#7742);
#2338=VERTEX_POINT('',#7744);
#2339=VERTEX_POINT('',#7755);
#2340=VERTEX_POINT('',#7757);
#2341=VERTEX_POINT('',#7761);
#2342=VERTEX_POINT('',#7765);
#2343=VERTEX_POINT('',#7769);
#2344=VERTEX_POINT('',#7773);
#2345=VERTEX_POINT('',#7777);
#2346=VERTEX_POINT('',#7781);
#2347=VERTEX_POINT('',#7785);
#2348=VERTEX_POINT('',#7789);
#2349=VERTEX_POINT('',#7793);
#2350=VERTEX_POINT('',#7797);
#2351=VERTEX_POINT('',#7804);
#2352=VERTEX_POINT('',#7805);
#2353=VERTEX_POINT('',#7807);
#2354=VERTEX_POINT('',#7809);
#2355=VERTEX_POINT('',#7813);
#2356=VERTEX_POINT('',#7815);
#2357=VERTEX_POINT('',#7819);
#2358=VERTEX_POINT('',#7821);
#2359=VERTEX_POINT('',#7825);
#2360=VERTEX_POINT('',#7827);
#2361=VERTEX_POINT('',#7831);
#2362=VERTEX_POINT('',#7833);
#2363=VERTEX_POINT('',#7837);
#2364=VERTEX_POINT('',#7841);
#2365=VERTEX_POINT('',#7845);
#2366=VERTEX_POINT('',#7849);
#2367=VERTEX_POINT('',#7853);
#2368=VERTEX_POINT('',#7857);
#2369=VERTEX_POINT('',#7861);
#2370=VERTEX_POINT('',#7871);
#2371=VERTEX_POINT('',#7873);
#2372=VERTEX_POINT('',#7877);
#2373=VERTEX_POINT('',#7881);
#2374=VERTEX_POINT('',#7885);
#2375=VERTEX_POINT('',#7889);
#2376=VERTEX_POINT('',#7896);
#2377=VERTEX_POINT('',#7897);
#2378=VERTEX_POINT('',#7899);
#2379=VERTEX_POINT('',#7901);
#2380=VERTEX_POINT('',#7905);
#2381=VERTEX_POINT('',#7907);
#2382=VERTEX_POINT('',#7911);
#2383=VERTEX_POINT('',#7913);
#2384=VERTEX_POINT('',#7917);
#2385=VERTEX_POINT('',#7919);
#2386=VERTEX_POINT('',#7923);
#2387=VERTEX_POINT('',#7927);
#2388=VERTEX_POINT('',#7931);
#2389=VERTEX_POINT('',#7935);
#2390=VERTEX_POINT('',#7939);
#2391=VERTEX_POINT('',#7943);
#2392=VERTEX_POINT('',#7947);
#2393=VERTEX_POINT('',#7951);
#2394=VERTEX_POINT('',#7961);
#2395=VERTEX_POINT('',#7963);
#2396=VERTEX_POINT('',#7967);
#2397=VERTEX_POINT('',#7971);
#2398=VERTEX_POINT('',#7975);
#2399=VERTEX_POINT('',#7979);
#2400=VERTEX_POINT('',#7983);
#2401=VERTEX_POINT('',#7987);
#2402=VERTEX_POINT('',#7991);
#2403=VERTEX_POINT('',#7995);
#2404=VERTEX_POINT('',#7999);
#2405=VERTEX_POINT('',#8003);
#2406=VERTEX_POINT('',#8007);
#2407=VERTEX_POINT('',#8011);
#2408=VERTEX_POINT('',#8015);
#2409=VERTEX_POINT('',#8019);
#2410=VERTEX_POINT('',#8023);
#2411=VERTEX_POINT('',#8030);
#2412=VERTEX_POINT('',#8032);
#2413=VERTEX_POINT('',#8036);
#2414=VERTEX_POINT('',#8040);
#2415=VERTEX_POINT('',#8044);
#2416=VERTEX_POINT('',#8048);
#2417=VERTEX_POINT('',#8052);
#2418=VERTEX_POINT('',#8056);
#2419=VERTEX_POINT('',#8060);
#2420=VERTEX_POINT('',#8064);
#2421=VERTEX_POINT('',#8068);
#2422=VERTEX_POINT('',#8069);
#2423=VERTEX_POINT('',#8071);
#2424=VERTEX_POINT('',#8073);
#2425=VERTEX_POINT('',#8077);
#2426=VERTEX_POINT('',#8079);
#2427=VERTEX_POINT('',#8083);
#2428=VERTEX_POINT('',#8085);
#2429=VERTEX_POINT('',#8096);
#2430=VERTEX_POINT('',#8098);
#2431=VERTEX_POINT('',#8102);
#2432=VERTEX_POINT('',#8106);
#2433=VERTEX_POINT('',#8110);
#2434=VERTEX_POINT('',#8114);
#2435=VERTEX_POINT('',#8118);
#2436=VERTEX_POINT('',#8122);
#2437=VERTEX_POINT('',#8126);
#2438=VERTEX_POINT('',#8130);
#2439=VERTEX_POINT('',#8134);
#2440=VERTEX_POINT('',#8143);
#2441=VERTEX_POINT('',#8145);
#2442=VERTEX_POINT('',#8149);
#2443=VERTEX_POINT('',#8156);
#2444=VERTEX_POINT('',#8158);
#2445=VERTEX_POINT('',#8162);
#2446=VERTEX_POINT('',#8169);
#2447=VERTEX_POINT('',#8171);
#2448=VERTEX_POINT('',#8175);
#2449=VERTEX_POINT('',#8182);
#2450=VERTEX_POINT('',#8184);
#2451=VERTEX_POINT('',#8188);
#2452=VERTEX_POINT('',#8192);
#2453=VERTEX_POINT('',#8199);
#2454=VERTEX_POINT('',#8201);
#2455=VERTEX_POINT('',#8205);
#2456=VERTEX_POINT('',#8209);
#2457=VERTEX_POINT('',#8216);
#2458=VERTEX_POINT('',#8218);
#2459=VERTEX_POINT('',#8222);
#2460=VERTEX_POINT('',#8226);
#2461=VERTEX_POINT('',#8233);
#2462=VERTEX_POINT('',#8235);
#2463=VERTEX_POINT('',#8239);
#2464=VERTEX_POINT('',#8243);
#2465=VERTEX_POINT('',#8250);
#2466=VERTEX_POINT('',#8252);
#2467=VERTEX_POINT('',#8256);
#2468=VERTEX_POINT('',#8260);
#2469=VERTEX_POINT('',#8267);
#2470=VERTEX_POINT('',#8269);
#2471=VERTEX_POINT('',#8273);
#2472=VERTEX_POINT('',#8277);
#2473=LINE('',#7027,#3052);
#2474=LINE('',#7030,#3053);
#2475=LINE('',#7032,#3054);
#2476=LINE('',#7034,#3055);
#2477=LINE('',#7035,#3056);
#2478=LINE('',#7038,#3057);
#2479=LINE('',#7040,#3058);
#2480=LINE('',#7042,#3059);
#2481=LINE('',#7043,#3060);
#2482=LINE('',#7046,#3061);
#2483=LINE('',#7048,#3062);
#2484=LINE('',#7050,#3063);
#2485=LINE('',#7051,#3064);
#2486=LINE('',#7054,#3065);
#2487=LINE('',#7056,#3066);
#2488=LINE('',#7058,#3067);
#2489=LINE('',#7059,#3068);
#2490=LINE('',#7062,#3069);
#2491=LINE('',#7064,#3070);
#2492=LINE('',#7065,#3071);
#2493=LINE('',#7070,#3072);
#2494=LINE('',#7072,#3073);
#2495=LINE('',#7074,#3074);
#2496=LINE('',#7076,#3075);
#2497=LINE('',#7078,#3076);
#2498=LINE('',#7080,#3077);
#2499=LINE('',#7082,#3078);
#2500=LINE('',#7084,#3079);
#2501=LINE('',#7086,#3080);
#2502=LINE('',#7088,#3081);
#2503=LINE('',#7090,#3082);
#2504=LINE('',#7091,#3083);
#2505=LINE('',#7094,#3084);
#2506=LINE('',#7096,#3085);
#2507=LINE('',#7098,#3086);
#2508=LINE('',#7099,#3087);
#2509=LINE('',#7102,#3088);
#2510=LINE('',#7104,#3089);
#2511=LINE('',#7106,#3090);
#2512=LINE('',#7108,#3091);
#2513=LINE('',#7110,#3092);
#2514=LINE('',#7114,#3093);
#2515=LINE('',#7118,#3094);
#2516=LINE('',#7127,#3095);
#2517=LINE('',#7130,#3096);
#2518=LINE('',#7132,#3097);
#2519=LINE('',#7133,#3098);
#2520=LINE('',#7136,#3099);
#2521=LINE('',#7138,#3100);
#2522=LINE('',#7142,#3101);
#2523=LINE('',#7146,#3102);
#2524=LINE('',#7150,#3103);
#2525=LINE('',#7154,#3104);
#2526=LINE('',#7156,#3105);
#2527=LINE('',#7159,#3106);
#2528=LINE('',#7161,#3107);
#2529=LINE('',#7163,#3108);
#2530=LINE('',#7165,#3109);
#2531=LINE('',#7167,#3110);
#2532=LINE('',#7169,#3111);
#2533=LINE('',#7171,#3112);
#2534=LINE('',#7173,#3113);
#2535=LINE('',#7175,#3114);
#2536=LINE('',#7177,#3115);
#2537=LINE('',#7178,#3116);
#2538=LINE('',#7181,#3117);
#2539=LINE('',#7183,#3118);
#2540=LINE('',#7185,#3119);
#2541=LINE('',#7187,#3120);
#2542=LINE('',#7189,#3121);
#2543=LINE('',#7191,#3122);
#2544=LINE('',#7193,#3123);
#2545=LINE('',#7195,#3124);
#2546=LINE('',#7197,#3125);
#2547=LINE('',#7199,#3126);
#2548=LINE('',#7201,#3127);
#2549=LINE('',#7203,#3128);
#2550=LINE('',#7205,#3129);
#2551=LINE('',#7207,#3130);
#2552=LINE('',#7209,#3131);
#2553=LINE('',#7211,#3132);
#2554=LINE('',#7212,#3133);
#2555=LINE('',#7215,#3134);
#2556=LINE('',#7217,#3135);
#2557=LINE('',#7219,#3136);
#2558=LINE('',#7221,#3137);
#2559=LINE('',#7223,#3138);
#2560=LINE('',#7225,#3139);
#2561=LINE('',#7227,#3140);
#2562=LINE('',#7229,#3141);
#2563=LINE('',#7231,#3142);
#2564=LINE('',#7232,#3143);
#2565=LINE('',#7235,#3144);
#2566=LINE('',#7237,#3145);
#2567=LINE('',#7239,#3146);
#2568=LINE('',#7241,#3147);
#2569=LINE('',#7243,#3148);
#2570=LINE('',#7244,#3149);
#2571=LINE('',#7247,#3150);
#2572=LINE('',#7249,#3151);
#2573=LINE('',#7251,#3152);
#2574=LINE('',#7253,#3153);
#2575=LINE('',#7255,#3154);
#2576=LINE('',#7257,#3155);
#2577=LINE('',#7259,#3156);
#2578=LINE('',#7261,#3157);
#2579=LINE('',#7263,#3158);
#2580=LINE('',#7264,#3159);
#2581=LINE('',#7267,#3160);
#2582=LINE('',#7269,#3161);
#2583=LINE('',#7271,#3162);
#2584=LINE('',#7273,#3163);
#2585=LINE('',#7275,#3164);
#2586=LINE('',#7277,#3165);
#2587=LINE('',#7279,#3166);
#2588=LINE('',#7281,#3167);
#2589=LINE('',#7283,#3168);
#2590=LINE('',#7285,#3169);
#2591=LINE('',#7286,#3170);
#2592=LINE('',#7289,#3171);
#2593=LINE('',#7293,#3172);
#2594=LINE('',#7295,#3173);
#2595=LINE('',#7297,#3174);
#2596=LINE('',#7299,#3175);
#2597=LINE('',#7306,#3176);
#2598=LINE('',#7309,#3177);
#2599=LINE('',#7311,#3178);
#2600=LINE('',#7313,#3179);
#2601=LINE('',#7315,#3180);
#2602=LINE('',#7317,#3181);
#2603=LINE('',#7319,#3182);
#2604=LINE('',#7321,#3183);
#2605=LINE('',#7323,#3184);
#2606=LINE('',#7325,#3185);
#2607=LINE('',#7327,#3186);
#2608=LINE('',#7329,#3187);
#2609=LINE('',#7330,#3188);
#2610=LINE('',#7333,#3189);
#2611=LINE('',#7335,#3190);
#2612=LINE('',#7337,#3191);
#2613=LINE('',#7339,#3192);
#2614=LINE('',#7341,#3193);
#2615=LINE('',#7343,#3194);
#2616=LINE('',#7345,#3195);
#2617=LINE('',#7347,#3196);
#2618=LINE('',#7348,#3197);
#2619=LINE('',#7351,#3198);
#2620=LINE('',#7353,#3199);
#2621=LINE('',#7355,#3200);
#2622=LINE('',#7357,#3201);
#2623=LINE('',#7359,#3202);
#2624=LINE('',#7361,#3203);
#2625=LINE('',#7363,#3204);
#2626=LINE('',#7365,#3205);
#2627=LINE('',#7367,#3206);
#2628=LINE('',#7372,#3207);
#2629=LINE('',#7374,#3208);
#2630=LINE('',#7376,#3209);
#2631=LINE('',#7378,#3210);
#2632=LINE('',#7380,#3211);
#2633=LINE('',#7383,#3212);
#2634=LINE('',#7385,#3213);
#2635=LINE('',#7387,#3214);
#2636=LINE('',#7396,#3215);
#2637=LINE('',#7399,#3216);
#2638=LINE('',#7401,#3217);
#2639=LINE('',#7403,#3218);
#2640=LINE('',#7405,#3219);
#2641=LINE('',#7407,#3220);
#2642=LINE('',#7411,#3221);
#2643=LINE('',#7412,#3222);
#2644=LINE('',#7414,#3223);
#2645=LINE('',#7416,#3224);
#2646=LINE('',#7418,#3225);
#2647=LINE('',#7420,#3226);
#2648=LINE('',#7424,#3227);
#2649=LINE('',#7426,#3228);
#2650=LINE('',#7429,#3229);
#2651=LINE('',#7431,#3230);
#2652=LINE('',#7433,#3231);
#2653=LINE('',#7435,#3232);
#2654=LINE('',#7437,#3233);
#2655=LINE('',#7439,#3234);
#2656=LINE('',#7441,#3235);
#2657=LINE('',#7443,#3236);
#2658=LINE('',#7446,#3237);
#2659=LINE('',#7448,#3238);
#2660=LINE('',#7450,#3239);
#2661=LINE('',#7452,#3240);
#2662=LINE('',#7453,#3241);
#2663=LINE('',#7455,#3242);
#2664=LINE('',#7457,#3243);
#2665=LINE('',#7460,#3244);
#2666=LINE('',#7462,#3245);
#2667=LINE('',#7464,#3246);
#2668=LINE('',#7465,#3247);
#2669=LINE('',#7466,#3248);
#2670=LINE('',#7468,#3249);
#2671=LINE('',#7471,#3250);
#2672=LINE('',#7473,#3251);
#2673=LINE('',#7477,#3252);
#2674=LINE('',#7480,#3253);
#2675=LINE('',#7481,#3254);
#2676=LINE('',#7483,#3255);
#2677=LINE('',#7485,#3256);
#2678=LINE('',#7487,#3257);
#2679=LINE('',#7489,#3258);
#2680=LINE('',#7491,#3259);
#2681=LINE('',#7493,#3260);
#2682=LINE('',#7495,#3261);
#2683=LINE('',#7497,#3262);
#2684=LINE('',#7499,#3263);
#2685=LINE('',#7501,#3264);
#2686=LINE('',#7509,#3265);
#2687=LINE('',#7510,#3266);
#2688=LINE('',#7512,#3267);
#2689=LINE('',#7514,#3268);
#2690=LINE('',#7515,#3269);
#2691=LINE('',#7517,#3270);
#2692=LINE('',#7519,#3271);
#2693=LINE('',#7520,#3272);
#2694=LINE('',#7521,#3273);
#2695=LINE('',#7524,#3274);
#2696=LINE('',#7526,#3275);
#2697=LINE('',#7528,#3276);
#2698=LINE('',#7532,#3277);
#2699=LINE('',#7533,#3278);
#2700=LINE('',#7534,#3279);
#2701=LINE('',#7536,#3280);
#2702=LINE('',#7540,#3281);
#2703=LINE('',#7542,#3282);
#2704=LINE('',#7543,#3283);
#2705=LINE('',#7545,#3284);
#2706=LINE('',#7546,#3285);
#2707=LINE('',#7548,#3286);
#2708=LINE('',#7549,#3287);
#2709=LINE('',#7551,#3288);
#2710=LINE('',#7553,#3289);
#2711=LINE('',#7555,#3290);
#2712=LINE('',#7556,#3291);
#2713=LINE('',#7559,#3292);
#2714=LINE('',#7563,#3293);
#2715=LINE('',#7565,#3294);
#2716=LINE('',#7574,#3295);
#2717=LINE('',#7576,#3296);
#2718=LINE('',#7577,#3297);
#2719=LINE('',#7579,#3298);
#2720=LINE('',#7581,#3299);
#2721=LINE('',#7583,#3300);
#2722=LINE('',#7585,#3301);
#2723=LINE('',#7587,#3302);
#2724=LINE('',#7589,#3303);
#2725=LINE('',#7591,#3304);
#2726=LINE('',#7595,#3305);
#2727=LINE('',#7597,#3306);
#2728=LINE('',#7599,#3307);
#2729=LINE('',#7601,#3308);
#2730=LINE('',#7603,#3309);
#2731=LINE('',#7604,#3310);
#2732=LINE('',#7606,#3311);
#2733=LINE('',#7609,#3312);
#2734=LINE('',#7610,#3313);
#2735=LINE('',#7612,#3314);
#2736=LINE('',#7615,#3315);
#2737=LINE('',#7617,#3316);
#2738=LINE('',#7619,#3317);
#2739=LINE('',#7621,#3318);
#2740=LINE('',#7623,#3319);
#2741=LINE('',#7626,#3320);
#2742=LINE('',#7627,#3321);
#2743=LINE('',#7629,#3322);
#2744=LINE('',#7631,#3323);
#2745=LINE('',#7635,#3324);
#2746=LINE('',#7636,#3325);
#2747=LINE('',#7643,#3326);
#2748=LINE('',#7645,#3327);
#2749=LINE('',#7647,#3328);
#2750=LINE('',#7649,#3329);
#2751=LINE('',#7651,#3330);
#2752=LINE('',#7653,#3331);
#2753=LINE('',#7655,#3332);
#2754=LINE('',#7657,#3333);
#2755=LINE('',#7659,#3334);
#2756=LINE('',#7661,#3335);
#2757=LINE('',#7663,#3336);
#2758=LINE('',#7665,#3337);
#2759=LINE('',#7667,#3338);
#2760=LINE('',#7669,#3339);
#2761=LINE('',#7671,#3340);
#2762=LINE('',#7673,#3341);
#2763=LINE('',#7675,#3342);
#2764=LINE('',#7677,#3343);
#2765=LINE('',#7679,#3344);
#2766=LINE('',#7681,#3345);
#2767=LINE('',#7683,#3346);
#2768=LINE('',#7685,#3347);
#2769=LINE('',#7688,#3348);
#2770=LINE('',#7690,#3349);
#2771=LINE('',#7692,#3350);
#2772=LINE('',#7694,#3351);
#2773=LINE('',#7696,#3352);
#2774=LINE('',#7698,#3353);
#2775=LINE('',#7700,#3354);
#2776=LINE('',#7702,#3355);
#2777=LINE('',#7704,#3356);
#2778=LINE('',#7706,#3357);
#2779=LINE('',#7708,#3358);
#2780=LINE('',#7710,#3359);
#2781=LINE('',#7712,#3360);
#2782=LINE('',#7714,#3361);
#2783=LINE('',#7716,#3362);
#2784=LINE('',#7718,#3363);
#2785=LINE('',#7720,#3364);
#2786=LINE('',#7722,#3365);
#2787=LINE('',#7724,#3366);
#2788=LINE('',#7726,#3367);
#2789=LINE('',#7729,#3368);
#2790=LINE('',#7731,#3369);
#2791=LINE('',#7733,#3370);
#2792=LINE('',#7735,#3371);
#2793=LINE('',#7737,#3372);
#2794=LINE('',#7739,#3373);
#2795=LINE('',#7741,#3374);
#2796=LINE('',#7743,#3375);
#2797=LINE('',#7745,#3376);
#2798=LINE('',#7747,#3377);
#2799=LINE('',#7748,#3378);
#2800=LINE('',#7750,#3379);
#2801=LINE('',#7754,#3380);
#2802=LINE('',#7756,#3381);
#2803=LINE('',#7758,#3382);
#2804=LINE('',#7760,#3383);
#2805=LINE('',#7762,#3384);
#2806=LINE('',#7764,#3385);
#2807=LINE('',#7766,#3386);
#2808=LINE('',#7768,#3387);
#2809=LINE('',#7770,#3388);
#2810=LINE('',#7772,#3389);
#2811=LINE('',#7774,#3390);
#2812=LINE('',#7776,#3391);
#2813=LINE('',#7778,#3392);
#2814=LINE('',#7780,#3393);
#2815=LINE('',#7782,#3394);
#2816=LINE('',#7784,#3395);
#2817=LINE('',#7786,#3396);
#2818=LINE('',#7788,#3397);
#2819=LINE('',#7790,#3398);
#2820=LINE('',#7792,#3399);
#2821=LINE('',#7794,#3400);
#2822=LINE('',#7796,#3401);
#2823=LINE('',#7798,#3402);
#2824=LINE('',#7800,#3403);
#2825=LINE('',#7803,#3404);
#2826=LINE('',#7806,#3405);
#2827=LINE('',#7808,#3406);
#2828=LINE('',#7810,#3407);
#2829=LINE('',#7812,#3408);
#2830=LINE('',#7814,#3409);
#2831=LINE('',#7816,#3410);
#2832=LINE('',#7818,#3411);
#2833=LINE('',#7820,#3412);
#2834=LINE('',#7822,#3413);
#2835=LINE('',#7824,#3414);
#2836=LINE('',#7826,#3415);
#2837=LINE('',#7828,#3416);
#2838=LINE('',#7830,#3417);
#2839=LINE('',#7832,#3418);
#2840=LINE('',#7834,#3419);
#2841=LINE('',#7836,#3420);
#2842=LINE('',#7838,#3421);
#2843=LINE('',#7840,#3422);
#2844=LINE('',#7842,#3423);
#2845=LINE('',#7844,#3424);
#2846=LINE('',#7846,#3425);
#2847=LINE('',#7848,#3426);
#2848=LINE('',#7850,#3427);
#2849=LINE('',#7852,#3428);
#2850=LINE('',#7854,#3429);
#2851=LINE('',#7856,#3430);
#2852=LINE('',#7858,#3431);
#2853=LINE('',#7860,#3432);
#2854=LINE('',#7862,#3433);
#2855=LINE('',#7864,#3434);
#2856=LINE('',#7866,#3435);
#2857=LINE('',#7867,#3436);
#2858=LINE('',#7870,#3437);
#2859=LINE('',#7872,#3438);
#2860=LINE('',#7874,#3439);
#2861=LINE('',#7876,#3440);
#2862=LINE('',#7878,#3441);
#2863=LINE('',#7880,#3442);
#2864=LINE('',#7882,#3443);
#2865=LINE('',#7884,#3444);
#2866=LINE('',#7886,#3445);
#2867=LINE('',#7888,#3446);
#2868=LINE('',#7890,#3447);
#2869=LINE('',#7892,#3448);
#2870=LINE('',#7895,#3449);
#2871=LINE('',#7898,#3450);
#2872=LINE('',#7900,#3451);
#2873=LINE('',#7902,#3452);
#2874=LINE('',#7904,#3453);
#2875=LINE('',#7906,#3454);
#2876=LINE('',#7908,#3455);
#2877=LINE('',#7910,#3456);
#2878=LINE('',#7912,#3457);
#2879=LINE('',#7914,#3458);
#2880=LINE('',#7916,#3459);
#2881=LINE('',#7918,#3460);
#2882=LINE('',#7920,#3461);
#2883=LINE('',#7922,#3462);
#2884=LINE('',#7924,#3463);
#2885=LINE('',#7926,#3464);
#2886=LINE('',#7928,#3465);
#2887=LINE('',#7930,#3466);
#2888=LINE('',#7932,#3467);
#2889=LINE('',#7934,#3468);
#2890=LINE('',#7936,#3469);
#2891=LINE('',#7938,#3470);
#2892=LINE('',#7940,#3471);
#2893=LINE('',#7942,#3472);
#2894=LINE('',#7944,#3473);
#2895=LINE('',#7946,#3474);
#2896=LINE('',#7948,#3475);
#2897=LINE('',#7950,#3476);
#2898=LINE('',#7952,#3477);
#2899=LINE('',#7954,#3478);
#2900=LINE('',#7956,#3479);
#2901=LINE('',#7957,#3480);
#2902=LINE('',#7960,#3481);
#2903=LINE('',#7962,#3482);
#2904=LINE('',#7964,#3483);
#2905=LINE('',#7966,#3484);
#2906=LINE('',#7968,#3485);
#2907=LINE('',#7970,#3486);
#2908=LINE('',#7972,#3487);
#2909=LINE('',#7974,#3488);
#2910=LINE('',#7976,#3489);
#2911=LINE('',#7978,#3490);
#2912=LINE('',#7980,#3491);
#2913=LINE('',#7982,#3492);
#2914=LINE('',#7984,#3493);
#2915=LINE('',#7986,#3494);
#2916=LINE('',#7988,#3495);
#2917=LINE('',#7990,#3496);
#2918=LINE('',#7992,#3497);
#2919=LINE('',#7994,#3498);
#2920=LINE('',#7996,#3499);
#2921=LINE('',#7998,#3500);
#2922=LINE('',#8000,#3501);
#2923=LINE('',#8002,#3502);
#2924=LINE('',#8004,#3503);
#2925=LINE('',#8006,#3504);
#2926=LINE('',#8008,#3505);
#2927=LINE('',#8010,#3506);
#2928=LINE('',#8012,#3507);
#2929=LINE('',#8014,#3508);
#2930=LINE('',#8016,#3509);
#2931=LINE('',#8018,#3510);
#2932=LINE('',#8020,#3511);
#2933=LINE('',#8022,#3512);
#2934=LINE('',#8024,#3513);
#2935=LINE('',#8026,#3514);
#2936=LINE('',#8029,#3515);
#2937=LINE('',#8031,#3516);
#2938=LINE('',#8033,#3517);
#2939=LINE('',#8035,#3518);
#2940=LINE('',#8037,#3519);
#2941=LINE('',#8039,#3520);
#2942=LINE('',#8041,#3521);
#2943=LINE('',#8043,#3522);
#2944=LINE('',#8045,#3523);
#2945=LINE('',#8047,#3524);
#2946=LINE('',#8049,#3525);
#2947=LINE('',#8051,#3526);
#2948=LINE('',#8053,#3527);
#2949=LINE('',#8055,#3528);
#2950=LINE('',#8057,#3529);
#2951=LINE('',#8059,#3530);
#2952=LINE('',#8061,#3531);
#2953=LINE('',#8063,#3532);
#2954=LINE('',#8065,#3533);
#2955=LINE('',#8067,#3534);
#2956=LINE('',#8070,#3535);
#2957=LINE('',#8072,#3536);
#2958=LINE('',#8074,#3537);
#2959=LINE('',#8076,#3538);
#2960=LINE('',#8078,#3539);
#2961=LINE('',#8080,#3540);
#2962=LINE('',#8082,#3541);
#2963=LINE('',#8084,#3542);
#2964=LINE('',#8086,#3543);
#2965=LINE('',#8088,#3544);
#2966=LINE('',#8089,#3545);
#2967=LINE('',#8091,#3546);
#2968=LINE('',#8095,#3547);
#2969=LINE('',#8097,#3548);
#2970=LINE('',#8099,#3549);
#2971=LINE('',#8101,#3550);
#2972=LINE('',#8103,#3551);
#2973=LINE('',#8105,#3552);
#2974=LINE('',#8107,#3553);
#2975=LINE('',#8109,#3554);
#2976=LINE('',#8111,#3555);
#2977=LINE('',#8113,#3556);
#2978=LINE('',#8115,#3557);
#2979=LINE('',#8117,#3558);
#2980=LINE('',#8119,#3559);
#2981=LINE('',#8121,#3560);
#2982=LINE('',#8123,#3561);
#2983=LINE('',#8125,#3562);
#2984=LINE('',#8127,#3563);
#2985=LINE('',#8129,#3564);
#2986=LINE('',#8131,#3565);
#2987=LINE('',#8133,#3566);
#2988=LINE('',#8135,#3567);
#2989=LINE('',#8137,#3568);
#2990=LINE('',#8142,#3569);
#2991=LINE('',#8144,#3570);
#2992=LINE('',#8146,#3571);
#2993=LINE('',#8148,#3572);
#2994=LINE('',#8150,#3573);
#2995=LINE('',#8152,#3574);
#2996=LINE('',#8155,#3575);
#2997=LINE('',#8157,#3576);
#2998=LINE('',#8159,#3577);
#2999=LINE('',#8161,#3578);
#3000=LINE('',#8163,#3579);
#3001=LINE('',#8165,#3580);
#3002=LINE('',#8168,#3581);
#3003=LINE('',#8170,#3582);
#3004=LINE('',#8172,#3583);
#3005=LINE('',#8174,#3584);
#3006=LINE('',#8176,#3585);
#3007=LINE('',#8178,#3586);
#3008=LINE('',#8181,#3587);
#3009=LINE('',#8183,#3588);
#3010=LINE('',#8185,#3589);
#3011=LINE('',#8187,#3590);
#3012=LINE('',#8189,#3591);
#3013=LINE('',#8191,#3592);
#3014=LINE('',#8193,#3593);
#3015=LINE('',#8195,#3594);
#3016=LINE('',#8198,#3595);
#3017=LINE('',#8200,#3596);
#3018=LINE('',#8202,#3597);
#3019=LINE('',#8204,#3598);
#3020=LINE('',#8206,#3599);
#3021=LINE('',#8208,#3600);
#3022=LINE('',#8210,#3601);
#3023=LINE('',#8212,#3602);
#3024=LINE('',#8215,#3603);
#3025=LINE('',#8217,#3604);
#3026=LINE('',#8219,#3605);
#3027=LINE('',#8221,#3606);
#3028=LINE('',#8223,#3607);
#3029=LINE('',#8225,#3608);
#3030=LINE('',#8227,#3609);
#3031=LINE('',#8229,#3610);
#3032=LINE('',#8232,#3611);
#3033=LINE('',#8234,#3612);
#3034=LINE('',#8236,#3613);
#3035=LINE('',#8238,#3614);
#3036=LINE('',#8240,#3615);
#3037=LINE('',#8242,#3616);
#3038=LINE('',#8244,#3617);
#3039=LINE('',#8246,#3618);
#3040=LINE('',#8249,#3619);
#3041=LINE('',#8251,#3620);
#3042=LINE('',#8253,#3621);
#3043=LINE('',#8255,#3622);
#3044=LINE('',#8259,#3623);
#3045=LINE('',#8261,#3624);
#3046=LINE('',#8266,#3625);
#3047=LINE('',#8268,#3626);
#3048=LINE('',#8270,#3627);
#3049=LINE('',#8272,#3628);
#3050=LINE('',#8276,#3629);
#3051=LINE('',#8278,#3630);
#3052=VECTOR('',#5914,1.);
#3053=VECTOR('',#5915,1.);
#3054=VECTOR('',#5916,1.);
#3055=VECTOR('',#5917,1.);
#3056=VECTOR('',#5918,1.);
#3057=VECTOR('',#5919,1.);
#3058=VECTOR('',#5920,1.);
#3059=VECTOR('',#5921,1.);
#3060=VECTOR('',#5922,1.);
#3061=VECTOR('',#5923,1.);
#3062=VECTOR('',#5924,1.);
#3063=VECTOR('',#5925,1.);
#3064=VECTOR('',#5926,1.);
#3065=VECTOR('',#5927,1.);
#3066=VECTOR('',#5928,1.);
#3067=VECTOR('',#5929,1.);
#3068=VECTOR('',#5930,1.);
#3069=VECTOR('',#5931,1.);
#3070=VECTOR('',#5932,1.);
#3071=VECTOR('',#5933,1.);
#3072=VECTOR('',#5936,1.);
#3073=VECTOR('',#5937,1.);
#3074=VECTOR('',#5938,1.);
#3075=VECTOR('',#5939,1.);
#3076=VECTOR('',#5940,1.);
#3077=VECTOR('',#5941,1.);
#3078=VECTOR('',#5942,1.);
#3079=VECTOR('',#5943,1.);
#3080=VECTOR('',#5944,1.);
#3081=VECTOR('',#5945,1.);
#3082=VECTOR('',#5946,1.);
#3083=VECTOR('',#5947,1.);
#3084=VECTOR('',#5948,1.);
#3085=VECTOR('',#5949,1.);
#3086=VECTOR('',#5950,1.);
#3087=VECTOR('',#5951,1.);
#3088=VECTOR('',#5952,1.);
#3089=VECTOR('',#5953,1.);
#3090=VECTOR('',#5954,1.);
#3091=VECTOR('',#5955,1.);
#3092=VECTOR('',#5956,1.);
#3093=VECTOR('',#5959,1.);
#3094=VECTOR('',#5962,1.);
#3095=VECTOR('',#5971,1.);
#3096=VECTOR('',#5972,1.);
#3097=VECTOR('',#5973,1.);
#3098=VECTOR('',#5974,1.);
#3099=VECTOR('',#5975,1.);
#3100=VECTOR('',#5976,1.);
#3101=VECTOR('',#5979,1.);
#3102=VECTOR('',#5982,1.);
#3103=VECTOR('',#5985,1.);
#3104=VECTOR('',#5988,1.);
#3105=VECTOR('',#5991,1.);
#3106=VECTOR('',#5992,1.);
#3107=VECTOR('',#5993,1.);
#3108=VECTOR('',#5994,1.);
#3109=VECTOR('',#5995,1.);
#3110=VECTOR('',#5996,1.);
#3111=VECTOR('',#5997,1.);
#3112=VECTOR('',#5998,1.);
#3113=VECTOR('',#5999,1.);
#3114=VECTOR('',#6000,1.);
#3115=VECTOR('',#6001,1.);
#3116=VECTOR('',#6002,1.);
#3117=VECTOR('',#6003,1.);
#3118=VECTOR('',#6004,1.);
#3119=VECTOR('',#6005,1.);
#3120=VECTOR('',#6006,1.);
#3121=VECTOR('',#6007,1.);
#3122=VECTOR('',#6008,1.);
#3123=VECTOR('',#6009,1.);
#3124=VECTOR('',#6010,1.);
#3125=VECTOR('',#6011,1.);
#3126=VECTOR('',#6012,1.);
#3127=VECTOR('',#6013,1.);
#3128=VECTOR('',#6014,1.);
#3129=VECTOR('',#6015,1.);
#3130=VECTOR('',#6016,1.);
#3131=VECTOR('',#6017,1.);
#3132=VECTOR('',#6018,1.);
#3133=VECTOR('',#6019,1.);
#3134=VECTOR('',#6020,1.);
#3135=VECTOR('',#6021,1.);
#3136=VECTOR('',#6022,1.);
#3137=VECTOR('',#6023,1.);
#3138=VECTOR('',#6024,1.);
#3139=VECTOR('',#6025,1.);
#3140=VECTOR('',#6026,1.);
#3141=VECTOR('',#6027,1.);
#3142=VECTOR('',#6028,1.);
#3143=VECTOR('',#6029,1.);
#3144=VECTOR('',#6030,1.);
#3145=VECTOR('',#6031,1.);
#3146=VECTOR('',#6032,1.);
#3147=VECTOR('',#6033,1.);
#3148=VECTOR('',#6034,1.);
#3149=VECTOR('',#6035,1.);
#3150=VECTOR('',#6036,1.);
#3151=VECTOR('',#6037,1.);
#3152=VECTOR('',#6038,1.);
#3153=VECTOR('',#6039,1.);
#3154=VECTOR('',#6040,1.);
#3155=VECTOR('',#6041,1.);
#3156=VECTOR('',#6042,1.);
#3157=VECTOR('',#6043,1.);
#3158=VECTOR('',#6044,1.);
#3159=VECTOR('',#6045,1.);
#3160=VECTOR('',#6046,1.);
#3161=VECTOR('',#6047,1.);
#3162=VECTOR('',#6048,1.);
#3163=VECTOR('',#6049,1.);
#3164=VECTOR('',#6050,1.);
#3165=VECTOR('',#6051,1.);
#3166=VECTOR('',#6052,1.);
#3167=VECTOR('',#6053,1.);
#3168=VECTOR('',#6054,1.);
#3169=VECTOR('',#6055,1.);
#3170=VECTOR('',#6056,1.);
#3171=VECTOR('',#6057,1.);
#3172=VECTOR('',#6060,1.);
#3173=VECTOR('',#6061,1.);
#3174=VECTOR('',#6062,1.);
#3175=VECTOR('',#6063,1.);
#3176=VECTOR('',#6070,1.);
#3177=VECTOR('',#6071,1.);
#3178=VECTOR('',#6072,1.);
#3179=VECTOR('',#6073,1.);
#3180=VECTOR('',#6074,1.);
#3181=VECTOR('',#6075,1.);
#3182=VECTOR('',#6076,1.);
#3183=VECTOR('',#6077,1.);
#3184=VECTOR('',#6078,1.);
#3185=VECTOR('',#6079,1.);
#3186=VECTOR('',#6080,1.);
#3187=VECTOR('',#6081,1.);
#3188=VECTOR('',#6082,1.);
#3189=VECTOR('',#6083,1.);
#3190=VECTOR('',#6084,1.);
#3191=VECTOR('',#6085,1.);
#3192=VECTOR('',#6086,1.);
#3193=VECTOR('',#6087,1.);
#3194=VECTOR('',#6088,1.);
#3195=VECTOR('',#6089,1.);
#3196=VECTOR('',#6090,1.);
#3197=VECTOR('',#6091,1.);
#3198=VECTOR('',#6092,1.);
#3199=VECTOR('',#6093,1.);
#3200=VECTOR('',#6094,1.);
#3201=VECTOR('',#6095,1.);
#3202=VECTOR('',#6096,1.);
#3203=VECTOR('',#6097,1.);
#3204=VECTOR('',#6098,1.);
#3205=VECTOR('',#6099,1.);
#3206=VECTOR('',#6100,1.);
#3207=VECTOR('',#6105,1.);
#3208=VECTOR('',#6108,1.);
#3209=VECTOR('',#6109,1.);
#3210=VECTOR('',#6110,1.);
#3211=VECTOR('',#6113,1.);
#3212=VECTOR('',#6114,1.);
#3213=VECTOR('',#6115,1.);
#3214=VECTOR('',#6116,1.);
#3215=VECTOR('',#6125,1.);
#3216=VECTOR('',#6126,1.);
#3217=VECTOR('',#6127,1.);
#3218=VECTOR('',#6128,1.);
#3219=VECTOR('',#6129,1.);
#3220=VECTOR('',#6130,1.);
#3221=VECTOR('',#6133,1.);
#3222=VECTOR('',#6134,1.);
#3223=VECTOR('',#6135,1.);
#3224=VECTOR('',#6136,1.);
#3225=VECTOR('',#6137,1.);
#3226=VECTOR('',#6138,1.);
#3227=VECTOR('',#6141,1.);
#3228=VECTOR('',#6144,1.);
#3229=VECTOR('',#6145,1.);
#3230=VECTOR('',#6146,1.);
#3231=VECTOR('',#6147,1.);
#3232=VECTOR('',#6150,1.);
#3233=VECTOR('',#6151,1.);
#3234=VECTOR('',#6152,1.);
#3235=VECTOR('',#6153,1.);
#3236=VECTOR('',#6156,1.);
#3237=VECTOR('',#6157,1.);
#3238=VECTOR('',#6158,1.);
#3239=VECTOR('',#6159,1.);
#3240=VECTOR('',#6160,1.);
#3241=VECTOR('',#6161,1.);
#3242=VECTOR('',#6162,1.);
#3243=VECTOR('',#6165,1.);
#3244=VECTOR('',#6166,1.);
#3245=VECTOR('',#6167,1.);
#3246=VECTOR('',#6168,1.);
#3247=VECTOR('',#6169,1.);
#3248=VECTOR('',#6170,1.);
#3249=VECTOR('',#6173,1.);
#3250=VECTOR('',#6174,1.);
#3251=VECTOR('',#6175,1.);
#3252=VECTOR('',#6180,1.);
#3253=VECTOR('',#6181,1.);
#3254=VECTOR('',#6182,1.);
#3255=VECTOR('',#6185,1.);
#3256=VECTOR('',#6186,1.);
#3257=VECTOR('',#6189,1.);
#3258=VECTOR('',#6190,1.);
#3259=VECTOR('',#6191,1.);
#3260=VECTOR('',#6194,1.);
#3261=VECTOR('',#6195,1.);
#3262=VECTOR('',#6196,1.);
#3263=VECTOR('',#6197,1.);
#3264=VECTOR('',#6198,1.);
#3265=VECTOR('',#6207,1.);
#3266=VECTOR('',#6208,1.);
#3267=VECTOR('',#6211,1.);
#3268=VECTOR('',#6212,1.);
#3269=VECTOR('',#6213,1.);
#3270=VECTOR('',#6214,1.);
#3271=VECTOR('',#6215,1.);
#3272=VECTOR('',#6216,1.);
#3273=VECTOR('',#6217,1.);
#3274=VECTOR('',#6222,1.);
#3275=VECTOR('',#6223,1.);
#3276=VECTOR('',#6224,1.);
#3277=VECTOR('',#6227,1.);
#3278=VECTOR('',#6228,1.);
#3279=VECTOR('',#6229,1.);
#3280=VECTOR('',#6230,1.);
#3281=VECTOR('',#6233,1.);
#3282=VECTOR('',#6234,1.);
#3283=VECTOR('',#6235,1.);
#3284=VECTOR('',#6238,1.);
#3285=VECTOR('',#6239,1.);
#3286=VECTOR('',#6242,1.);
#3287=VECTOR('',#6243,1.);
#3288=VECTOR('',#6246,1.);
#3289=VECTOR('',#6247,1.);
#3290=VECTOR('',#6250,1.);
#3291=VECTOR('',#6251,1.);
#3292=VECTOR('',#6256,1.);
#3293=VECTOR('',#6263,1.);
#3294=VECTOR('',#6266,1.);
#3295=VECTOR('',#6283,1.);
#3296=VECTOR('',#6284,1.);
#3297=VECTOR('',#6285,1.);
#3298=VECTOR('',#6288,1.);
#3299=VECTOR('',#6291,1.);
#3300=VECTOR('',#6292,1.);
#3301=VECTOR('',#6295,1.);
#3302=VECTOR('',#6296,1.);
#3303=VECTOR('',#6299,1.);
#3304=VECTOR('',#6300,1.);
#3305=VECTOR('',#6305,1.);
#3306=VECTOR('',#6308,1.);
#3307=VECTOR('',#6309,1.);
#3308=VECTOR('',#6312,1.);
#3309=VECTOR('',#6315,1.);
#3310=VECTOR('',#6316,1.);
#3311=VECTOR('',#6319,1.);
#3312=VECTOR('',#6324,1.);
#3313=VECTOR('',#6325,1.);
#3314=VECTOR('',#6328,1.);
#3315=VECTOR('',#6333,1.);
#3316=VECTOR('',#6336,1.);
#3317=VECTOR('',#6339,1.);
#3318=VECTOR('',#6342,1.);
#3319=VECTOR('',#6345,1.);
#3320=VECTOR('',#6350,1.);
#3321=VECTOR('',#6351,1.);
#3322=VECTOR('',#6354,1.);
#3323=VECTOR('',#6357,1.);
#3324=VECTOR('',#6364,1.);
#3325=VECTOR('',#6365,1.);
#3326=VECTOR('',#6378,1.);
#3327=VECTOR('',#6379,1.);
#3328=VECTOR('',#6380,1.);
#3329=VECTOR('',#6383,1.);
#3330=VECTOR('',#6384,1.);
#3331=VECTOR('',#6387,1.);
#3332=VECTOR('',#6388,1.);
#3333=VECTOR('',#6391,1.);
#3334=VECTOR('',#6392,1.);
#3335=VECTOR('',#6395,1.);
#3336=VECTOR('',#6396,1.);
#3337=VECTOR('',#6399,1.);
#3338=VECTOR('',#6400,1.);
#3339=VECTOR('',#6403,1.);
#3340=VECTOR('',#6404,1.);
#3341=VECTOR('',#6407,1.);
#3342=VECTOR('',#6408,1.);
#3343=VECTOR('',#6411,1.);
#3344=VECTOR('',#6412,1.);
#3345=VECTOR('',#6415,1.);
#3346=VECTOR('',#6416,1.);
#3347=VECTOR('',#6419,1.);
#3348=VECTOR('',#6424,1.);
#3349=VECTOR('',#6425,1.);
#3350=VECTOR('',#6426,1.);
#3351=VECTOR('',#6429,1.);
#3352=VECTOR('',#6430,1.);
#3353=VECTOR('',#6433,1.);
#3354=VECTOR('',#6434,1.);
#3355=VECTOR('',#6437,1.);
#3356=VECTOR('',#6438,1.);
#3357=VECTOR('',#6441,1.);
#3358=VECTOR('',#6442,1.);
#3359=VECTOR('',#6445,1.);
#3360=VECTOR('',#6446,1.);
#3361=VECTOR('',#6449,1.);
#3362=VECTOR('',#6450,1.);
#3363=VECTOR('',#6453,1.);
#3364=VECTOR('',#6454,1.);
#3365=VECTOR('',#6457,1.);
#3366=VECTOR('',#6458,1.);
#3367=VECTOR('',#6461,1.);
#3368=VECTOR('',#6462,1.);
#3369=VECTOR('',#6463,1.);
#3370=VECTOR('',#6464,1.);
#3371=VECTOR('',#6467,1.);
#3372=VECTOR('',#6468,1.);
#3373=VECTOR('',#6469,1.);
#3374=VECTOR('',#6472,1.);
#3375=VECTOR('',#6473,1.);
#3376=VECTOR('',#6474,1.);
#3377=VECTOR('',#6477,1.);
#3378=VECTOR('',#6478,1.);
#3379=VECTOR('',#6481,1.);
#3380=VECTOR('',#6488,1.);
#3381=VECTOR('',#6489,1.);
#3382=VECTOR('',#6490,1.);
#3383=VECTOR('',#6493,1.);
#3384=VECTOR('',#6494,1.);
#3385=VECTOR('',#6497,1.);
#3386=VECTOR('',#6498,1.);
#3387=VECTOR('',#6501,1.);
#3388=VECTOR('',#6502,1.);
#3389=VECTOR('',#6505,1.);
#3390=VECTOR('',#6506,1.);
#3391=VECTOR('',#6509,1.);
#3392=VECTOR('',#6510,1.);
#3393=VECTOR('',#6513,1.);
#3394=VECTOR('',#6514,1.);
#3395=VECTOR('',#6517,1.);
#3396=VECTOR('',#6518,1.);
#3397=VECTOR('',#6521,1.);
#3398=VECTOR('',#6522,1.);
#3399=VECTOR('',#6525,1.);
#3400=VECTOR('',#6526,1.);
#3401=VECTOR('',#6529,1.);
#3402=VECTOR('',#6530,1.);
#3403=VECTOR('',#6533,1.);
#3404=VECTOR('',#6538,1.);
#3405=VECTOR('',#6539,1.);
#3406=VECTOR('',#6540,1.);
#3407=VECTOR('',#6541,1.);
#3408=VECTOR('',#6544,1.);
#3409=VECTOR('',#6545,1.);
#3410=VECTOR('',#6546,1.);
#3411=VECTOR('',#6549,1.);
#3412=VECTOR('',#6550,1.);
#3413=VECTOR('',#6551,1.);
#3414=VECTOR('',#6554,1.);
#3415=VECTOR('',#6555,1.);
#3416=VECTOR('',#6556,1.);
#3417=VECTOR('',#6559,1.);
#3418=VECTOR('',#6560,1.);
#3419=VECTOR('',#6561,1.);
#3420=VECTOR('',#6564,1.);
#3421=VECTOR('',#6565,1.);
#3422=VECTOR('',#6568,1.);
#3423=VECTOR('',#6569,1.);
#3424=VECTOR('',#6572,1.);
#3425=VECTOR('',#6573,1.);
#3426=VECTOR('',#6576,1.);
#3427=VECTOR('',#6577,1.);
#3428=VECTOR('',#6580,1.);
#3429=VECTOR('',#6581,1.);
#3430=VECTOR('',#6584,1.);
#3431=VECTOR('',#6585,1.);
#3432=VECTOR('',#6588,1.);
#3433=VECTOR('',#6589,1.);
#3434=VECTOR('',#6592,1.);
#3435=VECTOR('',#6595,1.);
#3436=VECTOR('',#6596,1.);
#3437=VECTOR('',#6601,1.);
#3438=VECTOR('',#6602,1.);
#3439=VECTOR('',#6603,1.);
#3440=VECTOR('',#6606,1.);
#3441=VECTOR('',#6607,1.);
#3442=VECTOR('',#6610,1.);
#3443=VECTOR('',#6611,1.);
#3444=VECTOR('',#6614,1.);
#3445=VECTOR('',#6615,1.);
#3446=VECTOR('',#6618,1.);
#3447=VECTOR('',#6619,1.);
#3448=VECTOR('',#6622,1.);
#3449=VECTOR('',#6627,1.);
#3450=VECTOR('',#6628,1.);
#3451=VECTOR('',#6629,1.);
#3452=VECTOR('',#6630,1.);
#3453=VECTOR('',#6633,1.);
#3454=VECTOR('',#6634,1.);
#3455=VECTOR('',#6635,1.);
#3456=VECTOR('',#6638,1.);
#3457=VECTOR('',#6639,1.);
#3458=VECTOR('',#6640,1.);
#3459=VECTOR('',#6643,1.);
#3460=VECTOR('',#6644,1.);
#3461=VECTOR('',#6645,1.);
#3462=VECTOR('',#6648,1.);
#3463=VECTOR('',#6649,1.);
#3464=VECTOR('',#6652,1.);
#3465=VECTOR('',#6653,1.);
#3466=VECTOR('',#6656,1.);
#3467=VECTOR('',#6657,1.);
#3468=VECTOR('',#6660,1.);
#3469=VECTOR('',#6661,1.);
#3470=VECTOR('',#6664,1.);
#3471=VECTOR('',#6665,1.);
#3472=VECTOR('',#6668,1.);
#3473=VECTOR('',#6669,1.);
#3474=VECTOR('',#6672,1.);
#3475=VECTOR('',#6673,1.);
#3476=VECTOR('',#6676,1.);
#3477=VECTOR('',#6677,1.);
#3478=VECTOR('',#6680,1.);
#3479=VECTOR('',#6683,1.);
#3480=VECTOR('',#6684,1.);
#3481=VECTOR('',#6689,1.);
#3482=VECTOR('',#6690,1.);
#3483=VECTOR('',#6691,1.);
#3484=VECTOR('',#6694,1.);
#3485=VECTOR('',#6695,1.);
#3486=VECTOR('',#6698,1.);
#3487=VECTOR('',#6699,1.);
#3488=VECTOR('',#6702,1.);
#3489=VECTOR('',#6703,1.);
#3490=VECTOR('',#6706,1.);
#3491=VECTOR('',#6707,1.);
#3492=VECTOR('',#6710,1.);
#3493=VECTOR('',#6711,1.);
#3494=VECTOR('',#6714,1.);
#3495=VECTOR('',#6715,1.);
#3496=VECTOR('',#6718,1.);
#3497=VECTOR('',#6719,1.);
#3498=VECTOR('',#6722,1.);
#3499=VECTOR('',#6723,1.);
#3500=VECTOR('',#6726,1.);
#3501=VECTOR('',#6727,1.);
#3502=VECTOR('',#6730,1.);
#3503=VECTOR('',#6731,1.);
#3504=VECTOR('',#6734,1.);
#3505=VECTOR('',#6735,1.);
#3506=VECTOR('',#6738,1.);
#3507=VECTOR('',#6739,1.);
#3508=VECTOR('',#6742,1.);
#3509=VECTOR('',#6743,1.);
#3510=VECTOR('',#6746,1.);
#3511=VECTOR('',#6747,1.);
#3512=VECTOR('',#6750,1.);
#3513=VECTOR('',#6751,1.);
#3514=VECTOR('',#6754,1.);
#3515=VECTOR('',#6759,1.);
#3516=VECTOR('',#6760,1.);
#3517=VECTOR('',#6761,1.);
#3518=VECTOR('',#6764,1.);
#3519=VECTOR('',#6765,1.);
#3520=VECTOR('',#6768,1.);
#3521=VECTOR('',#6769,1.);
#3522=VECTOR('',#6772,1.);
#3523=VECTOR('',#6773,1.);
#3524=VECTOR('',#6776,1.);
#3525=VECTOR('',#6777,1.);
#3526=VECTOR('',#6780,1.);
#3527=VECTOR('',#6781,1.);
#3528=VECTOR('',#6784,1.);
#3529=VECTOR('',#6785,1.);
#3530=VECTOR('',#6788,1.);
#3531=VECTOR('',#6789,1.);
#3532=VECTOR('',#6792,1.);
#3533=VECTOR('',#6793,1.);
#3534=VECTOR('',#6796,1.);
#3535=VECTOR('',#6797,1.);
#3536=VECTOR('',#6798,1.);
#3537=VECTOR('',#6799,1.);
#3538=VECTOR('',#6802,1.);
#3539=VECTOR('',#6803,1.);
#3540=VECTOR('',#6804,1.);
#3541=VECTOR('',#6807,1.);
#3542=VECTOR('',#6808,1.);
#3543=VECTOR('',#6809,1.);
#3544=VECTOR('',#6812,1.);
#3545=VECTOR('',#6813,1.);
#3546=VECTOR('',#6816,1.);
#3547=VECTOR('',#6823,1.);
#3548=VECTOR('',#6824,1.);
#3549=VECTOR('',#6825,1.);
#3550=VECTOR('',#6828,1.);
#3551=VECTOR('',#6829,1.);
#3552=VECTOR('',#6832,1.);
#3553=VECTOR('',#6833,1.);
#3554=VECTOR('',#6836,1.);
#3555=VECTOR('',#6837,1.);
#3556=VECTOR('',#6840,1.);
#3557=VECTOR('',#6841,1.);
#3558=VECTOR('',#6844,1.);
#3559=VECTOR('',#6845,1.);
#3560=VECTOR('',#6848,1.);
#3561=VECTOR('',#6849,1.);
#3562=VECTOR('',#6852,1.);
#3563=VECTOR('',#6853,1.);
#3564=VECTOR('',#6856,1.);
#3565=VECTOR('',#6857,1.);
#3566=VECTOR('',#6860,1.);
#3567=VECTOR('',#6861,1.);
#3568=VECTOR('',#6864,1.);
#3569=VECTOR('',#6873,1.);
#3570=VECTOR('',#6874,1.);
#3571=VECTOR('',#6875,1.);
#3572=VECTOR('',#6878,1.);
#3573=VECTOR('',#6879,1.);
#3574=VECTOR('',#6882,1.);
#3575=VECTOR('',#6887,1.);
#3576=VECTOR('',#6888,1.);
#3577=VECTOR('',#6889,1.);
#3578=VECTOR('',#6892,1.);
#3579=VECTOR('',#6893,1.);
#3580=VECTOR('',#6896,1.);
#3581=VECTOR('',#6901,1.);
#3582=VECTOR('',#6902,1.);
#3583=VECTOR('',#6903,1.);
#3584=VECTOR('',#6906,1.);
#3585=VECTOR('',#6907,1.);
#3586=VECTOR('',#6910,1.);
#3587=VECTOR('',#6915,1.);
#3588=VECTOR('',#6916,1.);
#3589=VECTOR('',#6917,1.);
#3590=VECTOR('',#6920,1.);
#3591=VECTOR('',#6921,1.);
#3592=VECTOR('',#6924,1.);
#3593=VECTOR('',#6925,1.);
#3594=VECTOR('',#6928,1.);
#3595=VECTOR('',#6933,1.);
#3596=VECTOR('',#6934,1.);
#3597=VECTOR('',#6935,1.);
#3598=VECTOR('',#6938,1.);
#3599=VECTOR('',#6939,1.);
#3600=VECTOR('',#6942,1.);
#3601=VECTOR('',#6943,1.);
#3602=VECTOR('',#6946,1.);
#3603=VECTOR('',#6951,1.);
#3604=VECTOR('',#6952,1.);
#3605=VECTOR('',#6953,1.);
#3606=VECTOR('',#6956,1.);
#3607=VECTOR('',#6957,1.);
#3608=VECTOR('',#6960,1.);
#3609=VECTOR('',#6961,1.);
#3610=VECTOR('',#6964,1.);
#3611=VECTOR('',#6969,1.);
#3612=VECTOR('',#6970,1.);
#3613=VECTOR('',#6971,1.);
#3614=VECTOR('',#6974,1.);
#3615=VECTOR('',#6975,1.);
#3616=VECTOR('',#6978,1.);
#3617=VECTOR('',#6979,1.);
#3618=VECTOR('',#6982,1.);
#3619=VECTOR('',#6987,1.);
#3620=VECTOR('',#6988,1.);
#3621=VECTOR('',#6989,1.);
#3622=VECTOR('',#6992,1.);
#3623=VECTOR('',#6997,1.);
#3624=VECTOR('',#6998,1.);
#3625=VECTOR('',#7007,1.);
#3626=VECTOR('',#7008,1.);
#3627=VECTOR('',#7009,1.);
#3628=VECTOR('',#7012,1.);
#3629=VECTOR('',#7017,1.);
#3630=VECTOR('',#7018,1.);
#3631=EDGE_LOOP('',(#227,#228,#229,#230));
#3632=EDGE_LOOP('',(#231,#232,#233,#234));
#3633=EDGE_LOOP('',(#235,#236,#237,#238));
#3634=EDGE_LOOP('',(#239,#240,#241,#242));
#3635=EDGE_LOOP('',(#243,#244,#245));
#3636=EDGE_LOOP('',(#246,#247,#248,#249,#250,#251,#252,#253,#254,#255,#256,
#257,#258));
#3637=EDGE_LOOP('',(#259,#260,#261,#262));
#3638=EDGE_LOOP('',(#263,#264,#265,#266,#267,#268,#269,#270,#271,#272));
#3639=EDGE_LOOP('',(#273));
#3640=EDGE_LOOP('',(#274));
#3641=EDGE_LOOP('',(#275));
#3642=EDGE_LOOP('',(#276));
#3643=EDGE_LOOP('',(#277,#278,#279));
#3644=EDGE_LOOP('',(#280,#281,#282));
#3645=EDGE_LOOP('',(#283,#284,#285,#286));
#3646=EDGE_LOOP('',(#287,#288,#289,#290));
#3647=EDGE_LOOP('',(#291,#292,#293,#294,#295,#296,#297,#298,#299,#300,#301));
#3648=EDGE_LOOP('',(#302,#303,#304,#305,#306,#307,#308,#309,#310,#311,#312,
#313,#314,#315,#316,#317,#318));
#3649=EDGE_LOOP('',(#319,#320,#321,#322,#323,#324,#325,#326,#327,#328));
#3650=EDGE_LOOP('',(#329,#330,#331,#332,#333,#334));
#3651=EDGE_LOOP('',(#335,#336,#337,#338,#339,#340,#341,#342,#343,#344));
#3652=EDGE_LOOP('',(#345,#346,#347,#348,#349,#350,#351,#352,#353,#354,#355));
#3653=EDGE_LOOP('',(#356,#357,#358,#359,#360,#361,#362));
#3654=EDGE_LOOP('',(#363));
#3655=EDGE_LOOP('',(#364));
#3656=EDGE_LOOP('',(#365));
#3657=EDGE_LOOP('',(#366,#367,#368,#369,#370,#371,#372,#373,#374,#375,#376,
#377));
#3658=EDGE_LOOP('',(#378,#379,#380,#381,#382,#383,#384,#385,#386));
#3659=EDGE_LOOP('',(#387,#388,#389,#390,#391,#392,#393,#394,#395,#396));
#3660=EDGE_LOOP('',(#397,#398));
#3661=EDGE_LOOP('',(#399,#400,#401,#402));
#3662=EDGE_LOOP('',(#403,#404,#405,#406));
#3663=EDGE_LOOP('',(#407));
#3664=EDGE_LOOP('',(#408));
#3665=EDGE_LOOP('',(#409));
#3666=EDGE_LOOP('',(#410));
#3667=EDGE_LOOP('',(#411,#412,#413,#414,#415,#416));
#3668=EDGE_LOOP('',(#417,#418,#419,#420,#421,#422,#423,#424,#425,#426));
#3669=EDGE_LOOP('',(#427,#428,#429,#430));
#3670=EDGE_LOOP('',(#431,#432,#433,#434,#435));
#3671=EDGE_LOOP('',(#436,#437,#438,#439,#440,#441,#442,#443,#444));
#3672=EDGE_LOOP('',(#445,#446,#447,#448,#449,#450,#451,#452));
#3673=EDGE_LOOP('',(#453,#454,#455,#456));
#3674=EDGE_LOOP('',(#457,#458,#459,#460));
#3675=EDGE_LOOP('',(#461,#462,#463));
#3676=EDGE_LOOP('',(#464,#465,#466,#467));
#3677=EDGE_LOOP('',(#468,#469,#470,#471,#472,#473));
#3678=EDGE_LOOP('',(#474));
#3679=EDGE_LOOP('',(#475));
#3680=EDGE_LOOP('',(#476));
#3681=EDGE_LOOP('',(#477,#478,#479,#480));
#3682=EDGE_LOOP('',(#481,#482,#483,#484,#485,#486,#487,#488,#489,#490,#491,
#492));
#3683=EDGE_LOOP('',(#493,#494,#495,#496,#497,#498,#499,#500));
#3684=EDGE_LOOP('',(#501,#502,#503,#504,#505,#506));
#3685=EDGE_LOOP('',(#507,#508,#509,#510,#511,#512,#513,#514,#515,#516,#517,
#518,#519,#520));
#3686=EDGE_LOOP('',(#521,#522,#523,#524));
#3687=EDGE_LOOP('',(#525,#526,#527));
#3688=EDGE_LOOP('',(#528,#529,#530));
#3689=EDGE_LOOP('',(#531,#532,#533,#534,#535,#536));
#3690=EDGE_LOOP('',(#537,#538,#539,#540));
#3691=EDGE_LOOP('',(#541,#542,#543,#544,#545,#546,#547,#548));
#3692=EDGE_LOOP('',(#549,#550,#551,#552));
#3693=EDGE_LOOP('',(#553,#554,#555,#556));
#3694=EDGE_LOOP('',(#557,#558,#559,#560));
#3695=EDGE_LOOP('',(#561,#562,#563));
#3696=EDGE_LOOP('',(#564,#565,#566,#567));
#3697=EDGE_LOOP('',(#568,#569,#570,#571));
#3698=EDGE_LOOP('',(#572,#573,#574,#575,#576));
#3699=EDGE_LOOP('',(#577));
#3700=EDGE_LOOP('',(#578));
#3701=EDGE_LOOP('',(#579));
#3702=EDGE_LOOP('',(#580));
#3703=EDGE_LOOP('',(#581));
#3704=EDGE_LOOP('',(#582));
#3705=EDGE_LOOP('',(#583));
#3706=EDGE_LOOP('',(#584));
#3707=EDGE_LOOP('',(#585,#586,#587,#588));
#3708=EDGE_LOOP('',(#589,#590,#591,#592));
#3709=EDGE_LOOP('',(#593,#594,#595,#596));
#3710=EDGE_LOOP('',(#597,#598,#599,#600));
#3711=EDGE_LOOP('',(#601,#602,#603,#604));
#3712=EDGE_LOOP('',(#605,#606,#607,#608));
#3713=EDGE_LOOP('',(#609,#610,#611,#612));
#3714=EDGE_LOOP('',(#613,#614,#615,#616));
#3715=EDGE_LOOP('',(#617,#618,#619));
#3716=EDGE_LOOP('',(#620,#621,#622,#623));
#3717=EDGE_LOOP('',(#624,#625,#626,#627));
#3718=EDGE_LOOP('',(#628,#629,#630,#631));
#3719=EDGE_LOOP('',(#632,#633,#634,#635));
#3720=EDGE_LOOP('',(#636,#637,#638,#639));
#3721=EDGE_LOOP('',(#640,#641,#642,#643));
#3722=EDGE_LOOP('',(#644,#645,#646,#647));
#3723=EDGE_LOOP('',(#648,#649,#650,#651));
#3724=EDGE_LOOP('',(#652,#653,#654,#655));
#3725=EDGE_LOOP('',(#656,#657,#658,#659));
#3726=EDGE_LOOP('',(#660,#661,#662,#663));
#3727=EDGE_LOOP('',(#664,#665,#666,#667));
#3728=EDGE_LOOP('',(#668,#669,#670,#671));
#3729=EDGE_LOOP('',(#672,#673,#674,#675));
#3730=EDGE_LOOP('',(#676,#677,#678,#679));
#3731=EDGE_LOOP('',(#680,#681,#682,#683,#684,#685));
#3732=EDGE_LOOP('',(#686,#687,#688,#689,#690,#691));
#3733=EDGE_LOOP('',(#692,#693,#694));
#3734=EDGE_LOOP('',(#695,#696,#697));
#3735=EDGE_LOOP('',(#698));
#3736=EDGE_LOOP('',(#699));
#3737=EDGE_LOOP('',(#700));
#3738=EDGE_LOOP('',(#701));
#3739=EDGE_LOOP('',(#702));
#3740=EDGE_LOOP('',(#703));
#3741=EDGE_LOOP('',(#704,#705,#706,#707));
#3742=EDGE_LOOP('',(#708,#709,#710,#711));
#3743=EDGE_LOOP('',(#712,#713,#714,#715));
#3744=EDGE_LOOP('',(#716,#717,#718,#719));
#3745=EDGE_LOOP('',(#720,#721,#722,#723));
#3746=EDGE_LOOP('',(#724,#725,#726,#727));
#3747=EDGE_LOOP('',(#728,#729,#730,#731));
#3748=EDGE_LOOP('',(#732,#733,#734,#735));
#3749=EDGE_LOOP('',(#736,#737,#738,#739));
#3750=EDGE_LOOP('',(#740,#741,#742,#743));
#3751=EDGE_LOOP('',(#744,#745,#746,#747));
#3752=EDGE_LOOP('',(#748,#749,#750,#751,#752,#753,#754,#755,#756,#757,#758));
#3753=EDGE_LOOP('',(#759,#760,#761,#762));
#3754=EDGE_LOOP('',(#763,#764,#765,#766));
#3755=EDGE_LOOP('',(#767,#768,#769,#770));
#3756=EDGE_LOOP('',(#771,#772,#773,#774));
#3757=EDGE_LOOP('',(#775,#776,#777,#778));
#3758=EDGE_LOOP('',(#779,#780,#781,#782));
#3759=EDGE_LOOP('',(#783,#784,#785,#786));
#3760=EDGE_LOOP('',(#787,#788,#789,#790));
#3761=EDGE_LOOP('',(#791,#792,#793,#794));
#3762=EDGE_LOOP('',(#795,#796,#797,#798));
#3763=EDGE_LOOP('',(#799,#800,#801,#802));
#3764=EDGE_LOOP('',(#803,#804,#805,#806));
#3765=EDGE_LOOP('',(#807,#808,#809,#810));
#3766=EDGE_LOOP('',(#811,#812,#813,#814));
#3767=EDGE_LOOP('',(#815,#816,#817,#818));
#3768=EDGE_LOOP('',(#819,#820,#821,#822,#823,#824,#825,#826,#827,#828));
#3769=EDGE_LOOP('',(#829,#830,#831,#832));
#3770=EDGE_LOOP('',(#833,#834,#835,#836));
#3771=EDGE_LOOP('',(#837,#838,#839,#840));
#3772=EDGE_LOOP('',(#841,#842,#843,#844));
#3773=EDGE_LOOP('',(#845,#846,#847,#848));
#3774=EDGE_LOOP('',(#849,#850,#851,#852));
#3775=EDGE_LOOP('',(#853,#854,#855,#856));
#3776=EDGE_LOOP('',(#857,#858,#859,#860));
#3777=EDGE_LOOP('',(#861,#862,#863,#864));
#3778=EDGE_LOOP('',(#865,#866,#867,#868));
#3779=EDGE_LOOP('',(#869,#870,#871,#872));
#3780=EDGE_LOOP('',(#873,#874,#875,#876));
#3781=EDGE_LOOP('',(#877,#878,#879,#880));
#3782=EDGE_LOOP('',(#881,#882,#883,#884,#885,#886,#887,#888,#889,#890,#891,
#892));
#3783=EDGE_LOOP('',(#893,#894,#895,#896));
#3784=EDGE_LOOP('',(#897,#898,#899,#900));
#3785=EDGE_LOOP('',(#901,#902,#903,#904));
#3786=EDGE_LOOP('',(#905,#906,#907,#908));
#3787=EDGE_LOOP('',(#909,#910,#911,#912));
#3788=EDGE_LOOP('',(#913,#914,#915,#916));
#3789=EDGE_LOOP('',(#917,#918,#919,#920));
#3790=EDGE_LOOP('',(#921,#922,#923,#924));
#3791=EDGE_LOOP('',(#925,#926,#927,#928));
#3792=EDGE_LOOP('',(#929,#930,#931,#932));
#3793=EDGE_LOOP('',(#933,#934,#935,#936));
#3794=EDGE_LOOP('',(#937,#938,#939,#940));
#3795=EDGE_LOOP('',(#941,#942,#943,#944));
#3796=EDGE_LOOP('',(#945,#946,#947,#948));
#3797=EDGE_LOOP('',(#949,#950,#951,#952,#953,#954,#955,#956,#957));
#3798=EDGE_LOOP('',(#958,#959,#960,#961,#962));
#3799=EDGE_LOOP('',(#963,#964,#965,#966));
#3800=EDGE_LOOP('',(#967,#968,#969,#970));
#3801=EDGE_LOOP('',(#971,#972,#973,#974));
#3802=EDGE_LOOP('',(#975,#976,#977,#978));
#3803=EDGE_LOOP('',(#979,#980,#981,#982));
#3804=EDGE_LOOP('',(#983,#984,#985,#986));
#3805=EDGE_LOOP('',(#987,#988,#989,#990,#991,#992));
#3806=EDGE_LOOP('',(#993,#994,#995,#996));
#3807=EDGE_LOOP('',(#997,#998,#999,#1000));
#3808=EDGE_LOOP('',(#1001,#1002,#1003,#1004));
#3809=EDGE_LOOP('',(#1005,#1006,#1007,#1008));
#3810=EDGE_LOOP('',(#1009,#1010,#1011,#1012));
#3811=EDGE_LOOP('',(#1013,#1014,#1015,#1016));
#3812=EDGE_LOOP('',(#1017,#1018,#1019,#1020));
#3813=EDGE_LOOP('',(#1021,#1022,#1023,#1024));
#3814=EDGE_LOOP('',(#1025,#1026,#1027,#1028));
#3815=EDGE_LOOP('',(#1029,#1030,#1031,#1032));
#3816=EDGE_LOOP('',(#1033,#1034,#1035,#1036));
#3817=EDGE_LOOP('',(#1037,#1038,#1039,#1040));
#3818=EDGE_LOOP('',(#1041,#1042,#1043,#1044));
#3819=EDGE_LOOP('',(#1045,#1046,#1047,#1048));
#3820=EDGE_LOOP('',(#1049,#1050,#1051,#1052,#1053,#1054,#1055,#1056,#1057,
#1058));
#3821=EDGE_LOOP('',(#1059,#1060,#1061,#1062));
#3822=EDGE_LOOP('',(#1063,#1064,#1065,#1066));
#3823=EDGE_LOOP('',(#1067,#1068,#1069,#1070));
#3824=EDGE_LOOP('',(#1071,#1072,#1073,#1074));
#3825=EDGE_LOOP('',(#1075,#1076,#1077,#1078));
#3826=EDGE_LOOP('',(#1079,#1080,#1081,#1082));
#3827=EDGE_LOOP('',(#1083,#1084,#1085,#1086));
#3828=EDGE_LOOP('',(#1087,#1088,#1089,#1090));
#3829=EDGE_LOOP('',(#1091,#1092,#1093,#1094));
#3830=EDGE_LOOP('',(#1095,#1096,#1097,#1098));
#3831=EDGE_LOOP('',(#1099,#1100,#1101,#1102));
#3832=EDGE_LOOP('',(#1103,#1104,#1105,#1106));
#3833=EDGE_LOOP('',(#1107,#1108,#1109,#1110));
#3834=EDGE_LOOP('',(#1111,#1112,#1113,#1114));
#3835=EDGE_LOOP('',(#1115,#1116,#1117,#1118));
#3836=EDGE_LOOP('',(#1119,#1120,#1121,#1122));
#3837=EDGE_LOOP('',(#1123,#1124,#1125,#1126));
#3838=EDGE_LOOP('',(#1127,#1128,#1129,#1130));
#3839=EDGE_LOOP('',(#1131,#1132,#1133,#1134,#1135,#1136,#1137,#1138,#1139,
#1140,#1141,#1142,#1143,#1144,#1145,#1146,#1147));
#3840=EDGE_LOOP('',(#1148,#1149,#1150,#1151));
#3841=EDGE_LOOP('',(#1152,#1153,#1154,#1155));
#3842=EDGE_LOOP('',(#1156,#1157,#1158,#1159));
#3843=EDGE_LOOP('',(#1160,#1161,#1162,#1163));
#3844=EDGE_LOOP('',(#1164,#1165,#1166,#1167));
#3845=EDGE_LOOP('',(#1168,#1169,#1170,#1171));
#3846=EDGE_LOOP('',(#1172,#1173,#1174,#1175));
#3847=EDGE_LOOP('',(#1176,#1177,#1178,#1179));
#3848=EDGE_LOOP('',(#1180,#1181,#1182,#1183));
#3849=EDGE_LOOP('',(#1184,#1185,#1186,#1187));
#3850=EDGE_LOOP('',(#1188,#1189,#1190,#1191));
#3851=EDGE_LOOP('',(#1192,#1193,#1194,#1195));
#3852=EDGE_LOOP('',(#1196,#1197,#1198,#1199));
#3853=EDGE_LOOP('',(#1200,#1201,#1202,#1203));
#3854=EDGE_LOOP('',(#1204,#1205,#1206,#1207));
#3855=EDGE_LOOP('',(#1208,#1209,#1210,#1211,#1212,#1213,#1214,#1215,#1216,
#1217));
#3856=EDGE_LOOP('',(#1218,#1219,#1220,#1221));
#3857=EDGE_LOOP('',(#1222,#1223,#1224,#1225));
#3858=EDGE_LOOP('',(#1226,#1227,#1228,#1229));
#3859=EDGE_LOOP('',(#1230,#1231,#1232,#1233));
#3860=EDGE_LOOP('',(#1234,#1235,#1236,#1237));
#3861=EDGE_LOOP('',(#1238,#1239,#1240,#1241));
#3862=EDGE_LOOP('',(#1242,#1243,#1244,#1245));
#3863=EDGE_LOOP('',(#1246,#1247,#1248,#1249));
#3864=EDGE_LOOP('',(#1250,#1251,#1252,#1253));
#3865=EDGE_LOOP('',(#1254,#1255,#1256,#1257));
#3866=EDGE_LOOP('',(#1258,#1259,#1260,#1261));
#3867=EDGE_LOOP('',(#1262,#1263,#1264,#1265));
#3868=EDGE_LOOP('',(#1266,#1267,#1268,#1269,#1270,#1271,#1272,#1273,#1274,
#1275,#1276));
#3869=EDGE_LOOP('',(#1277,#1278,#1279,#1280,#1281));
#3870=EDGE_LOOP('',(#1282,#1283,#1284,#1285));
#3871=EDGE_LOOP('',(#1286,#1287,#1288,#1289));
#3872=EDGE_LOOP('',(#1290,#1291,#1292,#1293));
#3873=EDGE_LOOP('',(#1294,#1295,#1296,#1297));
#3874=EDGE_LOOP('',(#1298,#1299,#1300));
#3875=EDGE_LOOP('',(#1301,#1302,#1303,#1304));
#3876=EDGE_LOOP('',(#1305,#1306,#1307,#1308));
#3877=EDGE_LOOP('',(#1309,#1310,#1311,#1312));
#3878=EDGE_LOOP('',(#1313,#1314,#1315));
#3879=EDGE_LOOP('',(#1316,#1317,#1318,#1319));
#3880=EDGE_LOOP('',(#1320,#1321,#1322,#1323));
#3881=EDGE_LOOP('',(#1324,#1325,#1326,#1327));
#3882=EDGE_LOOP('',(#1328,#1329,#1330));
#3883=EDGE_LOOP('',(#1331,#1332,#1333,#1334));
#3884=EDGE_LOOP('',(#1335,#1336,#1337,#1338));
#3885=EDGE_LOOP('',(#1339,#1340,#1341,#1342));
#3886=EDGE_LOOP('',(#1343,#1344,#1345,#1346));
#3887=EDGE_LOOP('',(#1347,#1348,#1349,#1350));
#3888=EDGE_LOOP('',(#1351,#1352,#1353,#1354));
#3889=EDGE_LOOP('',(#1355,#1356,#1357,#1358));
#3890=EDGE_LOOP('',(#1359,#1360,#1361,#1362));
#3891=EDGE_LOOP('',(#1363,#1364,#1365,#1366));
#3892=EDGE_LOOP('',(#1367,#1368,#1369,#1370));
#3893=EDGE_LOOP('',(#1371,#1372,#1373,#1374));
#3894=EDGE_LOOP('',(#1375,#1376,#1377,#1378));
#3895=EDGE_LOOP('',(#1379,#1380,#1381,#1382));
#3896=EDGE_LOOP('',(#1383,#1384,#1385,#1386));
#3897=EDGE_LOOP('',(#1387,#1388,#1389,#1390));
#3898=EDGE_LOOP('',(#1391,#1392,#1393,#1394));
#3899=EDGE_LOOP('',(#1395,#1396,#1397,#1398));
#3900=EDGE_LOOP('',(#1399,#1400,#1401,#1402));
#3901=EDGE_LOOP('',(#1403,#1404,#1405,#1406));
#3902=EDGE_LOOP('',(#1407,#1408,#1409,#1410));
#3903=EDGE_LOOP('',(#1411,#1412,#1413,#1414));
#3904=EDGE_LOOP('',(#1415,#1416,#1417,#1418));
#3905=EDGE_LOOP('',(#1419,#1420,#1421,#1422));
#3906=EDGE_LOOP('',(#1423,#1424,#1425,#1426));
#3907=EDGE_LOOP('',(#1427,#1428,#1429,#1430));
#3908=EDGE_LOOP('',(#1431,#1432,#1433,#1434));
#3909=EDGE_LOOP('',(#1435,#1436,#1437,#1438));
#3910=EDGE_LOOP('',(#1439,#1440,#1441,#1442));
#3911=EDGE_LOOP('',(#1443,#1444,#1445,#1446));
#3912=EDGE_LOOP('',(#1447,#1448,#1449,#1450));
#3913=FACE_BOUND('',#3631,.T.);
#3914=FACE_BOUND('',#3632,.T.);
#3915=FACE_BOUND('',#3633,.T.);
#3916=FACE_BOUND('',#3634,.T.);
#3917=FACE_BOUND('',#3635,.T.);
#3918=FACE_BOUND('',#3636,.T.);
#3919=FACE_BOUND('',#3637,.T.);
#3920=FACE_BOUND('',#3638,.T.);
#3921=FACE_BOUND('',#3639,.T.);
#3922=FACE_BOUND('',#3640,.T.);
#3923=FACE_BOUND('',#3641,.T.);
#3924=FACE_BOUND('',#3642,.T.);
#3925=FACE_BOUND('',#3643,.T.);
#3926=FACE_BOUND('',#3644,.T.);
#3927=FACE_BOUND('',#3645,.T.);
#3928=FACE_BOUND('',#3646,.T.);
#3929=FACE_BOUND('',#3647,.T.);
#3930=FACE_BOUND('',#3648,.T.);
#3931=FACE_BOUND('',#3649,.T.);
#3932=FACE_BOUND('',#3650,.T.);
#3933=FACE_BOUND('',#3651,.T.);
#3934=FACE_BOUND('',#3652,.T.);
#3935=FACE_BOUND('',#3653,.T.);
#3936=FACE_BOUND('',#3654,.T.);
#3937=FACE_BOUND('',#3655,.T.);
#3938=FACE_BOUND('',#3656,.T.);
#3939=FACE_BOUND('',#3657,.T.);
#3940=FACE_BOUND('',#3658,.T.);
#3941=FACE_BOUND('',#3659,.T.);
#3942=FACE_BOUND('',#3660,.T.);
#3943=FACE_BOUND('',#3661,.T.);
#3944=FACE_BOUND('',#3662,.T.);
#3945=FACE_BOUND('',#3663,.T.);
#3946=FACE_BOUND('',#3664,.T.);
#3947=FACE_BOUND('',#3665,.T.);
#3948=FACE_BOUND('',#3666,.T.);
#3949=FACE_BOUND('',#3667,.T.);
#3950=FACE_BOUND('',#3668,.T.);
#3951=FACE_BOUND('',#3669,.T.);
#3952=FACE_BOUND('',#3670,.T.);
#3953=FACE_BOUND('',#3671,.T.);
#3954=FACE_BOUND('',#3672,.T.);
#3955=FACE_BOUND('',#3673,.T.);
#3956=FACE_BOUND('',#3674,.T.);
#3957=FACE_BOUND('',#3675,.T.);
#3958=FACE_BOUND('',#3676,.T.);
#3959=FACE_BOUND('',#3677,.T.);
#3960=FACE_BOUND('',#3678,.T.);
#3961=FACE_BOUND('',#3679,.T.);
#3962=FACE_BOUND('',#3680,.T.);
#3963=FACE_BOUND('',#3681,.T.);
#3964=FACE_BOUND('',#3682,.T.);
#3965=FACE_BOUND('',#3683,.T.);
#3966=FACE_BOUND('',#3684,.T.);
#3967=FACE_BOUND('',#3685,.T.);
#3968=FACE_BOUND('',#3686,.T.);
#3969=FACE_BOUND('',#3687,.T.);
#3970=FACE_BOUND('',#3688,.T.);
#3971=FACE_BOUND('',#3689,.T.);
#3972=FACE_BOUND('',#3690,.T.);
#3973=FACE_BOUND('',#3691,.T.);
#3974=FACE_BOUND('',#3692,.T.);
#3975=FACE_BOUND('',#3693,.T.);
#3976=FACE_BOUND('',#3694,.T.);
#3977=FACE_BOUND('',#3695,.T.);
#3978=FACE_BOUND('',#3696,.T.);
#3979=FACE_BOUND('',#3697,.T.);
#3980=FACE_BOUND('',#3698,.T.);
#3981=FACE_BOUND('',#3699,.T.);
#3982=FACE_BOUND('',#3700,.T.);
#3983=FACE_BOUND('',#3701,.T.);
#3984=FACE_BOUND('',#3702,.T.);
#3985=FACE_BOUND('',#3703,.T.);
#3986=FACE_BOUND('',#3704,.T.);
#3987=FACE_BOUND('',#3705,.T.);
#3988=FACE_BOUND('',#3706,.T.);
#3989=FACE_BOUND('',#3707,.T.);
#3990=FACE_BOUND('',#3708,.T.);
#3991=FACE_BOUND('',#3709,.T.);
#3992=FACE_BOUND('',#3710,.T.);
#3993=FACE_BOUND('',#3711,.T.);
#3994=FACE_BOUND('',#3712,.T.);
#3995=FACE_BOUND('',#3713,.T.);
#3996=FACE_BOUND('',#3714,.T.);
#3997=FACE_BOUND('',#3715,.T.);
#3998=FACE_BOUND('',#3716,.T.);
#3999=FACE_BOUND('',#3717,.T.);
#4000=FACE_BOUND('',#3718,.T.);
#4001=FACE_BOUND('',#3719,.T.);
#4002=FACE_BOUND('',#3720,.T.);
#4003=FACE_BOUND('',#3721,.T.);
#4004=FACE_BOUND('',#3722,.T.);
#4005=FACE_BOUND('',#3723,.T.);
#4006=FACE_BOUND('',#3724,.T.);
#4007=FACE_BOUND('',#3725,.T.);
#4008=FACE_BOUND('',#3726,.T.);
#4009=FACE_BOUND('',#3727,.T.);
#4010=FACE_BOUND('',#3728,.T.);
#4011=FACE_BOUND('',#3729,.T.);
#4012=FACE_BOUND('',#3730,.T.);
#4013=FACE_BOUND('',#3731,.T.);
#4014=FACE_BOUND('',#3732,.T.);
#4015=FACE_BOUND('',#3733,.T.);
#4016=FACE_BOUND('',#3734,.T.);
#4017=FACE_BOUND('',#3735,.T.);
#4018=FACE_BOUND('',#3736,.T.);
#4019=FACE_BOUND('',#3737,.T.);
#4020=FACE_BOUND('',#3738,.T.);
#4021=FACE_BOUND('',#3739,.T.);
#4022=FACE_BOUND('',#3740,.T.);
#4023=FACE_BOUND('',#3741,.T.);
#4024=FACE_BOUND('',#3742,.T.);
#4025=FACE_BOUND('',#3743,.T.);
#4026=FACE_BOUND('',#3744,.T.);
#4027=FACE_BOUND('',#3745,.T.);
#4028=FACE_BOUND('',#3746,.T.);
#4029=FACE_BOUND('',#3747,.T.);
#4030=FACE_BOUND('',#3748,.T.);
#4031=FACE_BOUND('',#3749,.T.);
#4032=FACE_BOUND('',#3750,.T.);
#4033=FACE_BOUND('',#3751,.T.);
#4034=FACE_BOUND('',#3752,.T.);
#4035=FACE_BOUND('',#3753,.T.);
#4036=FACE_BOUND('',#3754,.T.);
#4037=FACE_BOUND('',#3755,.T.);
#4038=FACE_BOUND('',#3756,.T.);
#4039=FACE_BOUND('',#3757,.T.);
#4040=FACE_BOUND('',#3758,.T.);
#4041=FACE_BOUND('',#3759,.T.);
#4042=FACE_BOUND('',#3760,.T.);
#4043=FACE_BOUND('',#3761,.T.);
#4044=FACE_BOUND('',#3762,.T.);
#4045=FACE_BOUND('',#3763,.T.);
#4046=FACE_BOUND('',#3764,.T.);
#4047=FACE_BOUND('',#3765,.T.);
#4048=FACE_BOUND('',#3766,.T.);
#4049=FACE_BOUND('',#3767,.T.);
#4050=FACE_BOUND('',#3768,.T.);
#4051=FACE_BOUND('',#3769,.T.);
#4052=FACE_BOUND('',#3770,.T.);
#4053=FACE_BOUND('',#3771,.T.);
#4054=FACE_BOUND('',#3772,.T.);
#4055=FACE_BOUND('',#3773,.T.);
#4056=FACE_BOUND('',#3774,.T.);
#4057=FACE_BOUND('',#3775,.T.);
#4058=FACE_BOUND('',#3776,.T.);
#4059=FACE_BOUND('',#3777,.T.);
#4060=FACE_BOUND('',#3778,.T.);
#4061=FACE_BOUND('',#3779,.T.);
#4062=FACE_BOUND('',#3780,.T.);
#4063=FACE_BOUND('',#3781,.T.);
#4064=FACE_BOUND('',#3782,.T.);
#4065=FACE_BOUND('',#3783,.T.);
#4066=FACE_BOUND('',#3784,.T.);
#4067=FACE_BOUND('',#3785,.T.);
#4068=FACE_BOUND('',#3786,.T.);
#4069=FACE_BOUND('',#3787,.T.);
#4070=FACE_BOUND('',#3788,.T.);
#4071=FACE_BOUND('',#3789,.T.);
#4072=FACE_BOUND('',#3790,.T.);
#4073=FACE_BOUND('',#3791,.T.);
#4074=FACE_BOUND('',#3792,.T.);
#4075=FACE_BOUND('',#3793,.T.);
#4076=FACE_BOUND('',#3794,.T.);
#4077=FACE_BOUND('',#3795,.T.);
#4078=FACE_BOUND('',#3796,.T.);
#4079=FACE_BOUND('',#3797,.T.);
#4080=FACE_BOUND('',#3798,.T.);
#4081=FACE_BOUND('',#3799,.T.);
#4082=FACE_BOUND('',#3800,.T.);
#4083=FACE_BOUND('',#3801,.T.);
#4084=FACE_BOUND('',#3802,.T.);
#4085=FACE_BOUND('',#3803,.T.);
#4086=FACE_BOUND('',#3804,.T.);
#4087=FACE_BOUND('',#3805,.T.);
#4088=FACE_BOUND('',#3806,.T.);
#4089=FACE_BOUND('',#3807,.T.);
#4090=FACE_BOUND('',#3808,.T.);
#4091=FACE_BOUND('',#3809,.T.);
#4092=FACE_BOUND('',#3810,.T.);
#4093=FACE_BOUND('',#3811,.T.);
#4094=FACE_BOUND('',#3812,.T.);
#4095=FACE_BOUND('',#3813,.T.);
#4096=FACE_BOUND('',#3814,.T.);
#4097=FACE_BOUND('',#3815,.T.);
#4098=FACE_BOUND('',#3816,.T.);
#4099=FACE_BOUND('',#3817,.T.);
#4100=FACE_BOUND('',#3818,.T.);
#4101=FACE_BOUND('',#3819,.T.);
#4102=FACE_BOUND('',#3820,.T.);
#4103=FACE_BOUND('',#3821,.T.);
#4104=FACE_BOUND('',#3822,.T.);
#4105=FACE_BOUND('',#3823,.T.);
#4106=FACE_BOUND('',#3824,.T.);
#4107=FACE_BOUND('',#3825,.T.);
#4108=FACE_BOUND('',#3826,.T.);
#4109=FACE_BOUND('',#3827,.T.);
#4110=FACE_BOUND('',#3828,.T.);
#4111=FACE_BOUND('',#3829,.T.);
#4112=FACE_BOUND('',#3830,.T.);
#4113=FACE_BOUND('',#3831,.T.);
#4114=FACE_BOUND('',#3832,.T.);
#4115=FACE_BOUND('',#3833,.T.);
#4116=FACE_BOUND('',#3834,.T.);
#4117=FACE_BOUND('',#3835,.T.);
#4118=FACE_BOUND('',#3836,.T.);
#4119=FACE_BOUND('',#3837,.T.);
#4120=FACE_BOUND('',#3838,.T.);
#4121=FACE_BOUND('',#3839,.T.);
#4122=FACE_BOUND('',#3840,.T.);
#4123=FACE_BOUND('',#3841,.T.);
#4124=FACE_BOUND('',#3842,.T.);
#4125=FACE_BOUND('',#3843,.T.);
#4126=FACE_BOUND('',#3844,.T.);
#4127=FACE_BOUND('',#3845,.T.);
#4128=FACE_BOUND('',#3846,.T.);
#4129=FACE_BOUND('',#3847,.T.);
#4130=FACE_BOUND('',#3848,.T.);
#4131=FACE_BOUND('',#3849,.T.);
#4132=FACE_BOUND('',#3850,.T.);
#4133=FACE_BOUND('',#3851,.T.);
#4134=FACE_BOUND('',#3852,.T.);
#4135=FACE_BOUND('',#3853,.T.);
#4136=FACE_BOUND('',#3854,.T.);
#4137=FACE_BOUND('',#3855,.T.);
#4138=FACE_BOUND('',#3856,.T.);
#4139=FACE_BOUND('',#3857,.T.);
#4140=FACE_BOUND('',#3858,.T.);
#4141=FACE_BOUND('',#3859,.T.);
#4142=FACE_BOUND('',#3860,.T.);
#4143=FACE_BOUND('',#3861,.T.);
#4144=FACE_BOUND('',#3862,.T.);
#4145=FACE_BOUND('',#3863,.T.);
#4146=FACE_BOUND('',#3864,.T.);
#4147=FACE_BOUND('',#3865,.T.);
#4148=FACE_BOUND('',#3866,.T.);
#4149=FACE_BOUND('',#3867,.T.);
#4150=FACE_BOUND('',#3868,.T.);
#4151=FACE_BOUND('',#3869,.T.);
#4152=FACE_BOUND('',#3870,.T.);
#4153=FACE_BOUND('',#3871,.T.);
#4154=FACE_BOUND('',#3872,.T.);
#4155=FACE_BOUND('',#3873,.T.);
#4156=FACE_BOUND('',#3874,.T.);
#4157=FACE_BOUND('',#3875,.T.);
#4158=FACE_BOUND('',#3876,.T.);
#4159=FACE_BOUND('',#3877,.T.);
#4160=FACE_BOUND('',#3878,.T.);
#4161=FACE_BOUND('',#3879,.T.);
#4162=FACE_BOUND('',#3880,.T.);
#4163=FACE_BOUND('',#3881,.T.);
#4164=FACE_BOUND('',#3882,.T.);
#4165=FACE_BOUND('',#3883,.T.);
#4166=FACE_BOUND('',#3884,.T.);
#4167=FACE_BOUND('',#3885,.T.);
#4168=FACE_BOUND('',#3886,.T.);
#4169=FACE_BOUND('',#3887,.T.);
#4170=FACE_BOUND('',#3888,.T.);
#4171=FACE_BOUND('',#3889,.T.);
#4172=FACE_BOUND('',#3890,.T.);
#4173=FACE_BOUND('',#3891,.T.);
#4174=FACE_BOUND('',#3892,.T.);
#4175=FACE_BOUND('',#3893,.T.);
#4176=FACE_BOUND('',#3894,.T.);
#4177=FACE_BOUND('',#3895,.T.);
#4178=FACE_BOUND('',#3896,.T.);
#4179=FACE_BOUND('',#3897,.T.);
#4180=FACE_BOUND('',#3898,.T.);
#4181=FACE_BOUND('',#3899,.T.);
#4182=FACE_BOUND('',#3900,.T.);
#4183=FACE_BOUND('',#3901,.T.);
#4184=FACE_BOUND('',#3902,.T.);
#4185=FACE_BOUND('',#3903,.T.);
#4186=FACE_BOUND('',#3904,.T.);
#4187=FACE_BOUND('',#3905,.T.);
#4188=FACE_BOUND('',#3906,.T.);
#4189=FACE_BOUND('',#3907,.T.);
#4190=FACE_BOUND('',#3908,.T.);
#4191=FACE_BOUND('',#3909,.T.);
#4192=FACE_BOUND('',#3910,.T.);
#4193=FACE_BOUND('',#3911,.T.);
#4194=FACE_BOUND('',#3912,.T.);
#4195=PLANE('',#5643);
#4196=PLANE('',#5655);
#4197=PLANE('',#5660);
#4198=PLANE('',#5662);
#4199=PLANE('',#5663);
#4200=PLANE('',#5670);
#4201=PLANE('',#5671);
#4202=PLANE('',#5672);
#4203=PLANE('',#5673);
#4204=PLANE('',#5674);
#4205=PLANE('',#5676);
#4206=PLANE('',#5677);
#4207=PLANE('',#5678);
#4208=PLANE('',#5679);
#4209=PLANE('',#5683);
#4210=PLANE('',#5684);
#4211=PLANE('',#5685);
#4212=PLANE('',#5686);
#4213=PLANE('',#5689);
#4214=PLANE('',#5692);
#4215=PLANE('',#5693);
#4216=PLANE('',#5694);
#4217=PLANE('',#5695);
#4218=PLANE('',#5696);
#4219=PLANE('',#5697);
#4220=PLANE('',#5698);
#4221=PLANE('',#5699);
#4222=PLANE('',#5700);
#4223=PLANE('',#5701);
#4224=PLANE('',#5706);
#4225=PLANE('',#5708);
#4226=PLANE('',#5709);
#4227=PLANE('',#5710);
#4228=PLANE('',#5713);
#4229=PLANE('',#5714);
#4230=PLANE('',#5715);
#4231=PLANE('',#5716);
#4232=PLANE('',#5717);
#4233=PLANE('',#5718);
#4234=PLANE('',#5719);
#4235=PLANE('',#5720);
#4236=PLANE('',#5721);
#4237=PLANE('',#5722);
#4238=PLANE('',#5724);
#4239=PLANE('',#5725);
#4240=PLANE('',#5727);
#4241=PLANE('',#5728);
#4242=PLANE('',#5729);
#4243=PLANE('',#5730);
#4244=PLANE('',#5731);
#4245=PLANE('',#5732);
#4246=PLANE('',#5733);
#4247=PLANE('',#5738);
#4248=PLANE('',#5739);
#4249=PLANE('',#5740);
#4250=PLANE('',#5741);
#4251=PLANE('',#5742);
#4252=PLANE('',#5743);
#4253=PLANE('',#5744);
#4254=PLANE('',#5745);
#4255=PLANE('',#5746);
#4256=PLANE('',#5747);
#4257=PLANE('',#5748);
#4258=PLANE('',#5749);
#4259=PLANE('',#5750);
#4260=PLANE('',#5751);
#4261=PLANE('',#5752);
#4262=PLANE('',#5753);
#4263=PLANE('',#5754);
#4264=PLANE('',#5755);
#4265=PLANE('',#5756);
#4266=PLANE('',#5757);
#4267=PLANE('',#5758);
#4268=PLANE('',#5759);
#4269=PLANE('',#5760);
#4270=PLANE('',#5761);
#4271=PLANE('',#5762);
#4272=PLANE('',#5763);
#4273=PLANE('',#5764);
#4274=PLANE('',#5765);
#4275=PLANE('',#5766);
#4276=PLANE('',#5767);
#4277=PLANE('',#5768);
#4278=PLANE('',#5769);
#4279=PLANE('',#5770);
#4280=PLANE('',#5771);
#4281=PLANE('',#5772);
#4282=PLANE('',#5773);
#4283=PLANE('',#5774);
#4284=PLANE('',#5775);
#4285=PLANE('',#5776);
#4286=PLANE('',#5777);
#4287=PLANE('',#5778);
#4288=PLANE('',#5779);
#4289=PLANE('',#5780);
#4290=PLANE('',#5781);
#4291=PLANE('',#5782);
#4292=PLANE('',#5783);
#4293=PLANE('',#5784);
#4294=PLANE('',#5785);
#4295=PLANE('',#5786);
#4296=PLANE('',#5787);
#4297=PLANE('',#5788);
#4298=PLANE('',#5789);
#4299=PLANE('',#5790);
#4300=PLANE('',#5791);
#4301=PLANE('',#5792);
#4302=PLANE('',#5793);
#4303=PLANE('',#5794);
#4304=PLANE('',#5795);
#4305=PLANE('',#5796);
#4306=PLANE('',#5797);
#4307=PLANE('',#5798);
#4308=PLANE('',#5799);
#4309=PLANE('',#5800);
#4310=PLANE('',#5801);
#4311=PLANE('',#5802);
#4312=PLANE('',#5803);
#4313=PLANE('',#5804);
#4314=PLANE('',#5805);
#4315=PLANE('',#5806);
#4316=PLANE('',#5807);
#4317=PLANE('',#5808);
#4318=PLANE('',#5809);
#4319=PLANE('',#5810);
#4320=PLANE('',#5811);
#4321=PLANE('',#5812);
#4322=PLANE('',#5813);
#4323=PLANE('',#5814);
#4324=PLANE('',#5815);
#4325=PLANE('',#5816);
#4326=PLANE('',#5817);
#4327=PLANE('',#5818);
#4328=PLANE('',#5819);
#4329=PLANE('',#5820);
#4330=PLANE('',#5821);
#4331=PLANE('',#5822);
#4332=PLANE('',#5823);
#4333=PLANE('',#5824);
#4334=PLANE('',#5825);
#4335=PLANE('',#5826);
#4336=PLANE('',#5827);
#4337=PLANE('',#5828);
#4338=PLANE('',#5829);
#4339=PLANE('',#5830);
#4340=PLANE('',#5831);
#4341=PLANE('',#5832);
#4342=PLANE('',#5833);
#4343=PLANE('',#5834);
#4344=PLANE('',#5835);
#4345=PLANE('',#5836);
#4346=PLANE('',#5837);
#4347=PLANE('',#5838);
#4348=PLANE('',#5839);
#4349=PLANE('',#5840);
#4350=PLANE('',#5841);
#4351=PLANE('',#5842);
#4352=PLANE('',#5843);
#4353=PLANE('',#5844);
#4354=PLANE('',#5845);
#4355=PLANE('',#5846);
#4356=PLANE('',#5847);
#4357=PLANE('',#5848);
#4358=PLANE('',#5849);
#4359=PLANE('',#5850);
#4360=PLANE('',#5851);
#4361=PLANE('',#5852);
#4362=PLANE('',#5853);
#4363=PLANE('',#5854);
#4364=PLANE('',#5855);
#4365=PLANE('',#5856);
#4366=PLANE('',#5857);
#4367=PLANE('',#5858);
#4368=PLANE('',#5859);
#4369=PLANE('',#5860);
#4370=PLANE('',#5861);
#4371=PLANE('',#5862);
#4372=PLANE('',#5863);
#4373=PLANE('',#5864);
#4374=PLANE('',#5865);
#4375=PLANE('',#5866);
#4376=PLANE('',#5867);
#4377=PLANE('',#5868);
#4378=PLANE('',#5869);
#4379=PLANE('',#5870);
#4380=PLANE('',#5871);
#4381=PLANE('',#5872);
#4382=PLANE('',#5873);
#4383=PLANE('',#5874);
#4384=PLANE('',#5875);
#4385=PLANE('',#5876);
#4386=PLANE('',#5877);
#4387=PLANE('',#5878);
#4388=PLANE('',#5879);
#4389=PLANE('',#5880);
#4390=PLANE('',#5881);
#4391=PLANE('',#5882);
#4392=PLANE('',#5883);
#4393=PLANE('',#5884);
#4394=PLANE('',#5885);
#4395=PLANE('',#5886);
#4396=PLANE('',#5887);
#4397=PLANE('',#5888);
#4398=PLANE('',#5889);
#4399=PLANE('',#5890);
#4400=PLANE('',#5891);
#4401=PLANE('',#5892);
#4402=PLANE('',#5893);
#4403=PLANE('',#5894);
#4404=PLANE('',#5895);
#4405=PLANE('',#5896);
#4406=PLANE('',#5899);
#4407=PLANE('',#5902);
#4408=PLANE('',#5903);
#4409=PLANE('',#5906);
#4410=PLANE('',#5909);
#4411=ADVANCED_FACE('',(#3913,#3914,#3915,#3916,#3917,#3918,#3919,#3920,
#3921,#3922,#3923,#3924,#3925,#3926,#3927,#3928),#4195,.F.);
#4412=ADVANCED_FACE('',(#3929,#3930,#3931,#3932,#3933,#3934,#3935,#3936,
#3937,#3938,#3939,#3940,#3941),#4196,.T.);
#4413=ADVANCED_FACE('',(#3942),#4197,.T.);
#4414=ADVANCED_FACE('',(#3943),#4198,.F.);
#4415=ADVANCED_FACE('',(#3944,#3945,#3946,#3947,#3948,#3949,#3950),#4199,
 .T.);
#4416=ADVANCED_FACE('',(#3951),#4200,.F.);
#4417=ADVANCED_FACE('',(#3952),#4201,.F.);
#4418=ADVANCED_FACE('',(#3953),#4202,.F.);
#4419=ADVANCED_FACE('',(#3954),#4203,.T.);
#4420=ADVANCED_FACE('',(#3955),#4204,.T.);
#4421=ADVANCED_FACE('',(#3956),#4205,.F.);
#4422=ADVANCED_FACE('',(#3957),#4206,.T.);
#4423=ADVANCED_FACE('',(#3958),#4207,.T.);
#4424=ADVANCED_FACE('',(#3959,#3960,#3961,#3962),#4208,.T.);
#4425=ADVANCED_FACE('',(#3963),#4209,.F.);
#4426=ADVANCED_FACE('',(#3964),#4210,.F.);
#4427=ADVANCED_FACE('',(#3965),#4211,.F.);
#4428=ADVANCED_FACE('',(#3966,#3967),#4212,.F.);
#4429=ADVANCED_FACE('',(#3968),#4213,.T.);
#4430=ADVANCED_FACE('',(#3969),#191,.T.);
#4431=ADVANCED_FACE('',(#3970),#192,.F.);
#4432=ADVANCED_FACE('',(#3971),#4214,.T.);
#4433=ADVANCED_FACE('',(#3972),#4215,.F.);
#4434=ADVANCED_FACE('',(#3973),#4216,.T.);
#4435=ADVANCED_FACE('',(#3974),#4217,.T.);
#4436=ADVANCED_FACE('',(#3975),#4218,.F.);
#4437=ADVANCED_FACE('',(#3976),#4219,.F.);
#4438=ADVANCED_FACE('',(#3977),#4220,.F.);
#4439=ADVANCED_FACE('',(#3978),#4221,.F.);
#4440=ADVANCED_FACE('',(#3979),#4222,.T.);
#4441=ADVANCED_FACE('',(#3980),#4223,.T.);
#4442=ADVANCED_FACE('',(#3981,#3982),#176,.F.);
#4443=ADVANCED_FACE('',(#3983,#3984),#177,.F.);
#4444=ADVANCED_FACE('',(#3985,#3986),#178,.F.);
#4445=ADVANCED_FACE('',(#3987,#3988),#179,.F.);
#4446=ADVANCED_FACE('',(#3989),#4224,.F.);
#4447=ADVANCED_FACE('',(#3990),#180,.T.);
#4448=ADVANCED_FACE('',(#3991),#4225,.T.);
#4449=ADVANCED_FACE('',(#3992),#4226,.F.);
#4450=ADVANCED_FACE('',(#3993),#4227,.F.);
#4451=ADVANCED_FACE('',(#3994),#181,.F.);
#4452=ADVANCED_FACE('',(#3995),#4228,.T.);
#4453=ADVANCED_FACE('',(#3996),#4229,.T.);
#4454=ADVANCED_FACE('',(#3997),#4230,.T.);
#4455=ADVANCED_FACE('',(#3998),#4231,.F.);
#4456=ADVANCED_FACE('',(#3999),#4232,.T.);
#4457=ADVANCED_FACE('',(#4000),#4233,.T.);
#4458=ADVANCED_FACE('',(#4001),#4234,.F.);
#4459=ADVANCED_FACE('',(#4002),#4235,.T.);
#4460=ADVANCED_FACE('',(#4003),#4236,.F.);
#4461=ADVANCED_FACE('',(#4004),#4237,.T.);
#4462=ADVANCED_FACE('',(#4005),#182,.F.);
#4463=ADVANCED_FACE('',(#4006),#4238,.T.);
#4464=ADVANCED_FACE('',(#4007),#4239,.T.);
#4465=ADVANCED_FACE('',(#4008),#183,.F.);
#4466=ADVANCED_FACE('',(#4009),#4240,.T.);
#4467=ADVANCED_FACE('',(#4010),#4241,.F.);
#4468=ADVANCED_FACE('',(#4011),#4242,.T.);
#4469=ADVANCED_FACE('',(#4012),#4243,.F.);
#4470=ADVANCED_FACE('',(#4013),#4244,.F.);
#4471=ADVANCED_FACE('',(#4014),#4245,.T.);
#4472=ADVANCED_FACE('',(#4015),#4246,.T.);
#4473=ADVANCED_FACE('',(#4016),#193,.T.);
#4474=ADVANCED_FACE('',(#4017,#4018),#184,.F.);
#4475=ADVANCED_FACE('',(#4019,#4020),#185,.F.);
#4476=ADVANCED_FACE('',(#4021,#4022),#186,.F.);
#4477=ADVANCED_FACE('',(#4023),#4247,.F.);
#4478=ADVANCED_FACE('',(#4024),#4248,.F.);
#4479=ADVANCED_FACE('',(#4025),#4249,.F.);
#4480=ADVANCED_FACE('',(#4026),#4250,.T.);
#4481=ADVANCED_FACE('',(#4027),#4251,.T.);
#4482=ADVANCED_FACE('',(#4028),#4252,.F.);
#4483=ADVANCED_FACE('',(#4029),#4253,.F.);
#4484=ADVANCED_FACE('',(#4030),#4254,.T.);
#4485=ADVANCED_FACE('',(#4031),#4255,.F.);
#4486=ADVANCED_FACE('',(#4032),#4256,.T.);
#4487=ADVANCED_FACE('',(#4033),#4257,.T.);
#4488=ADVANCED_FACE('',(#4034),#4258,.T.);
#4489=ADVANCED_FACE('',(#4035),#4259,.F.);
#4490=ADVANCED_FACE('',(#4036),#4260,.F.);
#4491=ADVANCED_FACE('',(#4037),#4261,.F.);
#4492=ADVANCED_FACE('',(#4038),#4262,.F.);
#4493=ADVANCED_FACE('',(#4039),#4263,.F.);
#4494=ADVANCED_FACE('',(#4040),#4264,.F.);
#4495=ADVANCED_FACE('',(#4041),#4265,.F.);
#4496=ADVANCED_FACE('',(#4042),#4266,.F.);
#4497=ADVANCED_FACE('',(#4043),#4267,.F.);
#4498=ADVANCED_FACE('',(#4044),#4268,.F.);
#4499=ADVANCED_FACE('',(#4045),#4269,.F.);
#4500=ADVANCED_FACE('',(#4046),#4270,.F.);
#4501=ADVANCED_FACE('',(#4047),#4271,.F.);
#4502=ADVANCED_FACE('',(#4048),#4272,.F.);
#4503=ADVANCED_FACE('',(#4049,#4050),#4273,.T.);
#4504=ADVANCED_FACE('',(#4051),#4274,.T.);
#4505=ADVANCED_FACE('',(#4052),#4275,.T.);
#4506=ADVANCED_FACE('',(#4053),#4276,.T.);
#4507=ADVANCED_FACE('',(#4054),#4277,.T.);
#4508=ADVANCED_FACE('',(#4055),#4278,.T.);
#4509=ADVANCED_FACE('',(#4056),#4279,.T.);
#4510=ADVANCED_FACE('',(#4057),#4280,.T.);
#4511=ADVANCED_FACE('',(#4058),#4281,.T.);
#4512=ADVANCED_FACE('',(#4059),#4282,.T.);
#4513=ADVANCED_FACE('',(#4060),#4283,.T.);
#4514=ADVANCED_FACE('',(#4061),#4284,.T.);
#4515=ADVANCED_FACE('',(#4062),#4285,.T.);
#4516=ADVANCED_FACE('',(#4063),#4286,.T.);
#4517=ADVANCED_FACE('',(#4064),#4287,.T.);
#4518=ADVANCED_FACE('',(#4065),#4288,.F.);
#4519=ADVANCED_FACE('',(#4066),#4289,.F.);
#4520=ADVANCED_FACE('',(#4067),#4290,.F.);
#4521=ADVANCED_FACE('',(#4068),#4291,.F.);
#4522=ADVANCED_FACE('',(#4069),#4292,.F.);
#4523=ADVANCED_FACE('',(#4070),#4293,.F.);
#4524=ADVANCED_FACE('',(#4071),#4294,.F.);
#4525=ADVANCED_FACE('',(#4072),#4295,.F.);
#4526=ADVANCED_FACE('',(#4073),#4296,.F.);
#4527=ADVANCED_FACE('',(#4074),#4297,.F.);
#4528=ADVANCED_FACE('',(#4075),#4298,.F.);
#4529=ADVANCED_FACE('',(#4076),#4299,.F.);
#4530=ADVANCED_FACE('',(#4077),#4300,.F.);
#4531=ADVANCED_FACE('',(#4078),#4301,.F.);
#4532=ADVANCED_FACE('',(#4079,#4080),#4302,.T.);
#4533=ADVANCED_FACE('',(#4081),#4303,.T.);
#4534=ADVANCED_FACE('',(#4082),#4304,.T.);
#4535=ADVANCED_FACE('',(#4083),#4305,.T.);
#4536=ADVANCED_FACE('',(#4084),#4306,.T.);
#4537=ADVANCED_FACE('',(#4085),#4307,.T.);
#4538=ADVANCED_FACE('',(#4086),#4308,.T.);
#4539=ADVANCED_FACE('',(#4087),#4309,.T.);
#4540=ADVANCED_FACE('',(#4088),#4310,.F.);
#4541=ADVANCED_FACE('',(#4089),#4311,.F.);
#4542=ADVANCED_FACE('',(#4090),#4312,.F.);
#4543=ADVANCED_FACE('',(#4091),#4313,.T.);
#4544=ADVANCED_FACE('',(#4092),#4314,.T.);
#4545=ADVANCED_FACE('',(#4093),#4315,.T.);
#4546=ADVANCED_FACE('',(#4094),#4316,.T.);
#4547=ADVANCED_FACE('',(#4095),#4317,.T.);
#4548=ADVANCED_FACE('',(#4096),#4318,.T.);
#4549=ADVANCED_FACE('',(#4097),#4319,.T.);
#4550=ADVANCED_FACE('',(#4098),#4320,.T.);
#4551=ADVANCED_FACE('',(#4099),#4321,.T.);
#4552=ADVANCED_FACE('',(#4100),#4322,.T.);
#4553=ADVANCED_FACE('',(#4101),#4323,.F.);
#4554=ADVANCED_FACE('',(#4102,#4103),#4324,.T.);
#4555=ADVANCED_FACE('',(#4104),#4325,.T.);
#4556=ADVANCED_FACE('',(#4105),#4326,.T.);
#4557=ADVANCED_FACE('',(#4106),#4327,.T.);
#4558=ADVANCED_FACE('',(#4107),#4328,.T.);
#4559=ADVANCED_FACE('',(#4108),#4329,.T.);
#4560=ADVANCED_FACE('',(#4109),#4330,.T.);
#4561=ADVANCED_FACE('',(#4110),#4331,.T.);
#4562=ADVANCED_FACE('',(#4111),#4332,.T.);
#4563=ADVANCED_FACE('',(#4112),#4333,.T.);
#4564=ADVANCED_FACE('',(#4113),#4334,.T.);
#4565=ADVANCED_FACE('',(#4114),#4335,.T.);
#4566=ADVANCED_FACE('',(#4115),#4336,.T.);
#4567=ADVANCED_FACE('',(#4116),#4337,.T.);
#4568=ADVANCED_FACE('',(#4117),#4338,.T.);
#4569=ADVANCED_FACE('',(#4118),#4339,.T.);
#4570=ADVANCED_FACE('',(#4119),#4340,.T.);
#4571=ADVANCED_FACE('',(#4120),#4341,.T.);
#4572=ADVANCED_FACE('',(#4121),#4342,.T.);
#4573=ADVANCED_FACE('',(#4122),#4343,.F.);
#4574=ADVANCED_FACE('',(#4123),#4344,.F.);
#4575=ADVANCED_FACE('',(#4124),#4345,.F.);
#4576=ADVANCED_FACE('',(#4125),#4346,.F.);
#4577=ADVANCED_FACE('',(#4126),#4347,.F.);
#4578=ADVANCED_FACE('',(#4127),#4348,.F.);
#4579=ADVANCED_FACE('',(#4128),#4349,.F.);
#4580=ADVANCED_FACE('',(#4129),#4350,.F.);
#4581=ADVANCED_FACE('',(#4130),#4351,.F.);
#4582=ADVANCED_FACE('',(#4131),#4352,.F.);
#4583=ADVANCED_FACE('',(#4132),#4353,.F.);
#4584=ADVANCED_FACE('',(#4133),#4354,.F.);
#4585=ADVANCED_FACE('',(#4134),#4355,.F.);
#4586=ADVANCED_FACE('',(#4135),#4356,.F.);
#4587=ADVANCED_FACE('',(#4136,#4137),#4357,.T.);
#4588=ADVANCED_FACE('',(#4138),#4358,.T.);
#4589=ADVANCED_FACE('',(#4139),#4359,.T.);
#4590=ADVANCED_FACE('',(#4140),#4360,.T.);
#4591=ADVANCED_FACE('',(#4141),#4361,.T.);
#4592=ADVANCED_FACE('',(#4142),#4362,.T.);
#4593=ADVANCED_FACE('',(#4143),#4363,.T.);
#4594=ADVANCED_FACE('',(#4144),#4364,.T.);
#4595=ADVANCED_FACE('',(#4145),#4365,.T.);
#4596=ADVANCED_FACE('',(#4146),#4366,.T.);
#4597=ADVANCED_FACE('',(#4147),#4367,.T.);
#4598=ADVANCED_FACE('',(#4148),#4368,.T.);
#4599=ADVANCED_FACE('',(#4149),#4369,.T.);
#4600=ADVANCED_FACE('',(#4150),#4370,.T.);
#4601=ADVANCED_FACE('',(#4151),#4371,.T.);
#4602=ADVANCED_FACE('',(#4152),#4372,.T.);
#4603=ADVANCED_FACE('',(#4153),#4373,.F.);
#4604=ADVANCED_FACE('',(#4154),#4374,.F.);
#4605=ADVANCED_FACE('',(#4155),#4375,.F.);
#4606=ADVANCED_FACE('',(#4156),#4376,.T.);
#4607=ADVANCED_FACE('',(#4157),#4377,.F.);
#4608=ADVANCED_FACE('',(#4158),#4378,.F.);
#4609=ADVANCED_FACE('',(#4159),#4379,.F.);
#4610=ADVANCED_FACE('',(#4160),#4380,.T.);
#4611=ADVANCED_FACE('',(#4161),#4381,.F.);
#4612=ADVANCED_FACE('',(#4162),#4382,.F.);
#4613=ADVANCED_FACE('',(#4163),#4383,.F.);
#4614=ADVANCED_FACE('',(#4164),#4384,.T.);
#4615=ADVANCED_FACE('',(#4165),#4385,.T.);
#4616=ADVANCED_FACE('',(#4166),#4386,.F.);
#4617=ADVANCED_FACE('',(#4167),#4387,.F.);
#4618=ADVANCED_FACE('',(#4168),#4388,.T.);
#4619=ADVANCED_FACE('',(#4169),#4389,.T.);
#4620=ADVANCED_FACE('',(#4170),#4390,.T.);
#4621=ADVANCED_FACE('',(#4171),#4391,.F.);
#4622=ADVANCED_FACE('',(#4172),#4392,.F.);
#4623=ADVANCED_FACE('',(#4173),#4393,.T.);
#4624=ADVANCED_FACE('',(#4174),#4394,.T.);
#4625=ADVANCED_FACE('',(#4175),#4395,.T.);
#4626=ADVANCED_FACE('',(#4176),#4396,.F.);
#4627=ADVANCED_FACE('',(#4177),#4397,.F.);
#4628=ADVANCED_FACE('',(#4178),#4398,.T.);
#4629=ADVANCED_FACE('',(#4179),#4399,.T.);
#4630=ADVANCED_FACE('',(#4180),#4400,.T.);
#4631=ADVANCED_FACE('',(#4181),#4401,.F.);
#4632=ADVANCED_FACE('',(#4182),#4402,.F.);
#4633=ADVANCED_FACE('',(#4183),#4403,.T.);
#4634=ADVANCED_FACE('',(#4184),#4404,.T.);
#4635=ADVANCED_FACE('',(#4185),#4405,.T.);
#4636=ADVANCED_FACE('',(#4186),#187,.T.);
#4637=ADVANCED_FACE('',(#4187),#4406,.T.);
#4638=ADVANCED_FACE('',(#4188),#188,.F.);
#4639=ADVANCED_FACE('',(#4189),#4407,.T.);
#4640=ADVANCED_FACE('',(#4190),#4408,.T.);
#4641=ADVANCED_FACE('',(#4191),#189,.T.);
#4642=ADVANCED_FACE('',(#4192),#4409,.T.);
#4643=ADVANCED_FACE('',(#4193),#190,.F.);
#4644=ADVANCED_FACE('',(#4194),#4410,.T.);
#4645=CLOSED_SHELL('',(#4411,#4412,#4413,#4414,#4415,#4416,#4417,#4418,
#4419,#4420,#4421,#4422,#4423,#4424,#4425,#4426,#4427,#4428,#4429,#4430,
#4431,#4432,#4433,#4434,#4435,#4436,#4437,#4438,#4439,#4440,#4441,#4442,
#4443,#4444,#4445,#4446,#4447,#4448,#4449,#4450,#4451,#4452,#4453,#4454,
#4455,#4456,#4457,#4458,#4459,#4460,#4461,#4462,#4463,#4464,#4465,#4466,
#4467,#4468,#4469,#4470,#4471,#4472,#4473,#4474,#4475,#4476,#4477,#4478,
#4479,#4480,#4481,#4482,#4483,#4484,#4485,#4486,#4487,#4488,#4489,#4490,
#4491,#4492,#4493,#4494,#4495,#4496,#4497,#4498,#4499,#4500,#4501,#4502,
#4503,#4504,#4505,#4506,#4507,#4508,#4509,#4510,#4511,#4512,#4513,#4514,
#4515,#4516,#4517,#4518,#4519,#4520,#4521,#4522,#4523,#4524,#4525,#4526,
#4527,#4528,#4529,#4530,#4531,#4532,#4533,#4534,#4535,#4536,#4537,#4538,
#4539,#4540,#4541,#4542,#4543,#4544,#4545,#4546,#4547,#4548,#4549,#4550,
#4551,#4552,#4553,#4554,#4555,#4556,#4557,#4558,#4559,#4560,#4561,#4562,
#4563,#4564,#4565,#4566,#4567,#4568,#4569,#4570,#4571,#4572,#4573,#4574,
#4575,#4576,#4577,#4578,#4579,#4580,#4581,#4582,#4583,#4584,#4585,#4586,
#4587,#4588,#4589,#4590,#4591,#4592,#4593,#4594,#4595,#4596,#4597,#4598,
#4599,#4600,#4601,#4602,#4603,#4604,#4605,#4606,#4607,#4608,#4609,#4610,
#4611,#4612,#4613,#4614,#4615,#4616,#4617,#4618,#4619,#4620,#4621,#4622,
#4623,#4624,#4625,#4626,#4627,#4628,#4629,#4630,#4631,#4632,#4633,#4634,
#4635,#4636,#4637,#4638,#4639,#4640,#4641,#4642,#4643,#4644));
#4646=STYLED_ITEM('',(#4647),#5639);
#4647=PRESENTATION_STYLE_ASSIGNMENT((#4812));
#4648=PRESENTATION_STYLE_ASSIGNMENT((#4813));
#4649=PRESENTATION_STYLE_ASSIGNMENT((#4814));
#4650=PRESENTATION_STYLE_ASSIGNMENT((#4815));
#4651=PRESENTATION_STYLE_ASSIGNMENT((#4816));
#4652=PRESENTATION_STYLE_ASSIGNMENT((#4817));
#4653=PRESENTATION_STYLE_ASSIGNMENT((#4818));
#4654=PRESENTATION_STYLE_ASSIGNMENT((#4819));
#4655=PRESENTATION_STYLE_ASSIGNMENT((#4820));
#4656=PRESENTATION_STYLE_ASSIGNMENT((#4821));
#4657=PRESENTATION_STYLE_ASSIGNMENT((#4822));
#4658=PRESENTATION_STYLE_ASSIGNMENT((#4823));
#4659=PRESENTATION_STYLE_ASSIGNMENT((#4824));
#4660=PRESENTATION_STYLE_ASSIGNMENT((#4825));
#4661=PRESENTATION_STYLE_ASSIGNMENT((#4826));
#4662=PRESENTATION_STYLE_ASSIGNMENT((#4827));
#4663=PRESENTATION_STYLE_ASSIGNMENT((#4828));
#4664=PRESENTATION_STYLE_ASSIGNMENT((#4829));
#4665=PRESENTATION_STYLE_ASSIGNMENT((#4830));
#4666=PRESENTATION_STYLE_ASSIGNMENT((#4831));
#4667=PRESENTATION_STYLE_ASSIGNMENT((#4832));
#4668=PRESENTATION_STYLE_ASSIGNMENT((#4833));
#4669=PRESENTATION_STYLE_ASSIGNMENT((#4834));
#4670=PRESENTATION_STYLE_ASSIGNMENT((#4835));
#4671=PRESENTATION_STYLE_ASSIGNMENT((#4836));
#4672=PRESENTATION_STYLE_ASSIGNMENT((#4837));
#4673=PRESENTATION_STYLE_ASSIGNMENT((#4838));
#4674=PRESENTATION_STYLE_ASSIGNMENT((#4839));
#4675=PRESENTATION_STYLE_ASSIGNMENT((#4840));
#4676=PRESENTATION_STYLE_ASSIGNMENT((#4841));
#4677=PRESENTATION_STYLE_ASSIGNMENT((#4842));
#4678=PRESENTATION_STYLE_ASSIGNMENT((#4843));
#4679=PRESENTATION_STYLE_ASSIGNMENT((#4844));
#4680=PRESENTATION_STYLE_ASSIGNMENT((#4845));
#4681=PRESENTATION_STYLE_ASSIGNMENT((#4846));
#4682=PRESENTATION_STYLE_ASSIGNMENT((#4847));
#4683=PRESENTATION_STYLE_ASSIGNMENT((#4848));
#4684=PRESENTATION_STYLE_ASSIGNMENT((#4849));
#4685=PRESENTATION_STYLE_ASSIGNMENT((#4850));
#4686=PRESENTATION_STYLE_ASSIGNMENT((#4851));
#4687=PRESENTATION_STYLE_ASSIGNMENT((#4852));
#4688=PRESENTATION_STYLE_ASSIGNMENT((#4853));
#4689=PRESENTATION_STYLE_ASSIGNMENT((#4854));
#4690=PRESENTATION_STYLE_ASSIGNMENT((#4855));
#4691=PRESENTATION_STYLE_ASSIGNMENT((#4856));
#4692=PRESENTATION_STYLE_ASSIGNMENT((#4857));
#4693=PRESENTATION_STYLE_ASSIGNMENT((#4858));
#4694=PRESENTATION_STYLE_ASSIGNMENT((#4859));
#4695=PRESENTATION_STYLE_ASSIGNMENT((#4860));
#4696=PRESENTATION_STYLE_ASSIGNMENT((#4861));
#4697=PRESENTATION_STYLE_ASSIGNMENT((#4862));
#4698=PRESENTATION_STYLE_ASSIGNMENT((#4863));
#4699=PRESENTATION_STYLE_ASSIGNMENT((#4864));
#4700=PRESENTATION_STYLE_ASSIGNMENT((#4865));
#4701=PRESENTATION_STYLE_ASSIGNMENT((#4866));
#4702=PRESENTATION_STYLE_ASSIGNMENT((#4867));
#4703=PRESENTATION_STYLE_ASSIGNMENT((#4868));
#4704=PRESENTATION_STYLE_ASSIGNMENT((#4869));
#4705=PRESENTATION_STYLE_ASSIGNMENT((#4870));
#4706=PRESENTATION_STYLE_ASSIGNMENT((#4871));
#4707=PRESENTATION_STYLE_ASSIGNMENT((#4872));
#4708=PRESENTATION_STYLE_ASSIGNMENT((#4873));
#4709=PRESENTATION_STYLE_ASSIGNMENT((#4874));
#4710=PRESENTATION_STYLE_ASSIGNMENT((#4875));
#4711=PRESENTATION_STYLE_ASSIGNMENT((#4876));
#4712=PRESENTATION_STYLE_ASSIGNMENT((#4877));
#4713=PRESENTATION_STYLE_ASSIGNMENT((#4878));
#4714=PRESENTATION_STYLE_ASSIGNMENT((#4879));
#4715=PRESENTATION_STYLE_ASSIGNMENT((#4880));
#4716=PRESENTATION_STYLE_ASSIGNMENT((#4881));
#4717=PRESENTATION_STYLE_ASSIGNMENT((#4882));
#4718=PRESENTATION_STYLE_ASSIGNMENT((#4883));
#4719=PRESENTATION_STYLE_ASSIGNMENT((#4884));
#4720=PRESENTATION_STYLE_ASSIGNMENT((#4885));
#4721=PRESENTATION_STYLE_ASSIGNMENT((#4886));
#4722=PRESENTATION_STYLE_ASSIGNMENT((#4887));
#4723=PRESENTATION_STYLE_ASSIGNMENT((#4888));
#4724=PRESENTATION_STYLE_ASSIGNMENT((#4889));
#4725=PRESENTATION_STYLE_ASSIGNMENT((#4890));
#4726=PRESENTATION_STYLE_ASSIGNMENT((#4891));
#4727=PRESENTATION_STYLE_ASSIGNMENT((#4892));
#4728=PRESENTATION_STYLE_ASSIGNMENT((#4893));
#4729=PRESENTATION_STYLE_ASSIGNMENT((#4894));
#4730=PRESENTATION_STYLE_ASSIGNMENT((#4895));
#4731=PRESENTATION_STYLE_ASSIGNMENT((#4896));
#4732=PRESENTATION_STYLE_ASSIGNMENT((#4897));
#4733=PRESENTATION_STYLE_ASSIGNMENT((#4898));
#4734=PRESENTATION_STYLE_ASSIGNMENT((#4899));
#4735=PRESENTATION_STYLE_ASSIGNMENT((#4900));
#4736=PRESENTATION_STYLE_ASSIGNMENT((#4901));
#4737=PRESENTATION_STYLE_ASSIGNMENT((#4902));
#4738=PRESENTATION_STYLE_ASSIGNMENT((#4903));
#4739=PRESENTATION_STYLE_ASSIGNMENT((#4904));
#4740=PRESENTATION_STYLE_ASSIGNMENT((#4905));
#4741=PRESENTATION_STYLE_ASSIGNMENT((#4906));
#4742=PRESENTATION_STYLE_ASSIGNMENT((#4907));
#4743=PRESENTATION_STYLE_ASSIGNMENT((#4908));
#4744=PRESENTATION_STYLE_ASSIGNMENT((#4909));
#4745=PRESENTATION_STYLE_ASSIGNMENT((#4910));
#4746=PRESENTATION_STYLE_ASSIGNMENT((#4911));
#4747=PRESENTATION_STYLE_ASSIGNMENT((#4912));
#4748=PRESENTATION_STYLE_ASSIGNMENT((#4913));
#4749=PRESENTATION_STYLE_ASSIGNMENT((#4914));
#4750=PRESENTATION_STYLE_ASSIGNMENT((#4915));
#4751=PRESENTATION_STYLE_ASSIGNMENT((#4916));
#4752=PRESENTATION_STYLE_ASSIGNMENT((#4917));
#4753=PRESENTATION_STYLE_ASSIGNMENT((#4918));
#4754=PRESENTATION_STYLE_ASSIGNMENT((#4919));
#4755=PRESENTATION_STYLE_ASSIGNMENT((#4920));
#4756=PRESENTATION_STYLE_ASSIGNMENT((#4921));
#4757=PRESENTATION_STYLE_ASSIGNMENT((#4922));
#4758=PRESENTATION_STYLE_ASSIGNMENT((#4923));
#4759=PRESENTATION_STYLE_ASSIGNMENT((#4924));
#4760=PRESENTATION_STYLE_ASSIGNMENT((#4925));
#4761=PRESENTATION_STYLE_ASSIGNMENT((#4926));
#4762=PRESENTATION_STYLE_ASSIGNMENT((#4927));
#4763=PRESENTATION_STYLE_ASSIGNMENT((#4928));
#4764=PRESENTATION_STYLE_ASSIGNMENT((#4929));
#4765=PRESENTATION_STYLE_ASSIGNMENT((#4930));
#4766=PRESENTATION_STYLE_ASSIGNMENT((#4931));
#4767=PRESENTATION_STYLE_ASSIGNMENT((#4932));
#4768=PRESENTATION_STYLE_ASSIGNMENT((#4933));
#4769=PRESENTATION_STYLE_ASSIGNMENT((#4934));
#4770=PRESENTATION_STYLE_ASSIGNMENT((#4935));
#4771=PRESENTATION_STYLE_ASSIGNMENT((#4936));
#4772=PRESENTATION_STYLE_ASSIGNMENT((#4937));
#4773=PRESENTATION_STYLE_ASSIGNMENT((#4938));
#4774=PRESENTATION_STYLE_ASSIGNMENT((#4939));
#4775=PRESENTATION_STYLE_ASSIGNMENT((#4940));
#4776=PRESENTATION_STYLE_ASSIGNMENT((#4941));
#4777=PRESENTATION_STYLE_ASSIGNMENT((#4942));
#4778=PRESENTATION_STYLE_ASSIGNMENT((#4943));
#4779=PRESENTATION_STYLE_ASSIGNMENT((#4944));
#4780=PRESENTATION_STYLE_ASSIGNMENT((#4945));
#4781=PRESENTATION_STYLE_ASSIGNMENT((#4946));
#4782=PRESENTATION_STYLE_ASSIGNMENT((#4947));
#4783=PRESENTATION_STYLE_ASSIGNMENT((#4948));
#4784=PRESENTATION_STYLE_ASSIGNMENT((#4949));
#4785=PRESENTATION_STYLE_ASSIGNMENT((#4950));
#4786=PRESENTATION_STYLE_ASSIGNMENT((#4951));
#4787=PRESENTATION_STYLE_ASSIGNMENT((#4952));
#4788=PRESENTATION_STYLE_ASSIGNMENT((#4953));
#4789=PRESENTATION_STYLE_ASSIGNMENT((#4954));
#4790=PRESENTATION_STYLE_ASSIGNMENT((#4955));
#4791=PRESENTATION_STYLE_ASSIGNMENT((#4956));
#4792=PRESENTATION_STYLE_ASSIGNMENT((#4957));
#4793=PRESENTATION_STYLE_ASSIGNMENT((#4958));
#4794=PRESENTATION_STYLE_ASSIGNMENT((#4959));
#4795=PRESENTATION_STYLE_ASSIGNMENT((#4960));
#4796=PRESENTATION_STYLE_ASSIGNMENT((#4961));
#4797=PRESENTATION_STYLE_ASSIGNMENT((#4962));
#4798=PRESENTATION_STYLE_ASSIGNMENT((#4963));
#4799=PRESENTATION_STYLE_ASSIGNMENT((#4964));
#4800=PRESENTATION_STYLE_ASSIGNMENT((#4965));
#4801=PRESENTATION_STYLE_ASSIGNMENT((#4966));
#4802=PRESENTATION_STYLE_ASSIGNMENT((#4967));
#4803=PRESENTATION_STYLE_ASSIGNMENT((#4968));
#4804=PRESENTATION_STYLE_ASSIGNMENT((#4969));
#4805=PRESENTATION_STYLE_ASSIGNMENT((#4970));
#4806=PRESENTATION_STYLE_ASSIGNMENT((#4971));
#4807=PRESENTATION_STYLE_ASSIGNMENT((#4972));
#4808=PRESENTATION_STYLE_ASSIGNMENT((#4973));
#4809=PRESENTATION_STYLE_ASSIGNMENT((#4974));
#4810=PRESENTATION_STYLE_ASSIGNMENT((#4975));
#4811=PRESENTATION_STYLE_ASSIGNMENT((#4976));
#4812=SURFACE_STYLE_USAGE(.BOTH.,#4977);
#4813=SURFACE_STYLE_USAGE(.BOTH.,#4978);
#4814=SURFACE_STYLE_USAGE(.BOTH.,#4979);
#4815=SURFACE_STYLE_USAGE(.BOTH.,#4980);
#4816=SURFACE_STYLE_USAGE(.BOTH.,#4981);
#4817=SURFACE_STYLE_USAGE(.BOTH.,#4982);
#4818=SURFACE_STYLE_USAGE(.BOTH.,#4983);
#4819=SURFACE_STYLE_USAGE(.BOTH.,#4984);
#4820=SURFACE_STYLE_USAGE(.BOTH.,#4985);
#4821=SURFACE_STYLE_USAGE(.BOTH.,#4986);
#4822=SURFACE_STYLE_USAGE(.BOTH.,#4987);
#4823=SURFACE_STYLE_USAGE(.BOTH.,#4988);
#4824=SURFACE_STYLE_USAGE(.BOTH.,#4989);
#4825=SURFACE_STYLE_USAGE(.BOTH.,#4990);
#4826=SURFACE_STYLE_USAGE(.BOTH.,#4991);
#4827=SURFACE_STYLE_USAGE(.BOTH.,#4992);
#4828=SURFACE_STYLE_USAGE(.BOTH.,#4993);
#4829=SURFACE_STYLE_USAGE(.BOTH.,#4994);
#4830=SURFACE_STYLE_USAGE(.BOTH.,#4995);
#4831=SURFACE_STYLE_USAGE(.BOTH.,#4996);
#4832=SURFACE_STYLE_USAGE(.BOTH.,#4997);
#4833=SURFACE_STYLE_USAGE(.BOTH.,#4998);
#4834=SURFACE_STYLE_USAGE(.BOTH.,#4999);
#4835=SURFACE_STYLE_USAGE(.BOTH.,#5000);
#4836=SURFACE_STYLE_USAGE(.BOTH.,#5001);
#4837=SURFACE_STYLE_USAGE(.BOTH.,#5002);
#4838=SURFACE_STYLE_USAGE(.BOTH.,#5003);
#4839=SURFACE_STYLE_USAGE(.BOTH.,#5004);
#4840=SURFACE_STYLE_USAGE(.BOTH.,#5005);
#4841=SURFACE_STYLE_USAGE(.BOTH.,#5006);
#4842=SURFACE_STYLE_USAGE(.BOTH.,#5007);
#4843=SURFACE_STYLE_USAGE(.BOTH.,#5008);
#4844=SURFACE_STYLE_USAGE(.BOTH.,#5009);
#4845=SURFACE_STYLE_USAGE(.BOTH.,#5010);
#4846=SURFACE_STYLE_USAGE(.BOTH.,#5011);
#4847=SURFACE_STYLE_USAGE(.BOTH.,#5012);
#4848=SURFACE_STYLE_USAGE(.BOTH.,#5013);
#4849=SURFACE_STYLE_USAGE(.BOTH.,#5014);
#4850=SURFACE_STYLE_USAGE(.BOTH.,#5015);
#4851=SURFACE_STYLE_USAGE(.BOTH.,#5016);
#4852=SURFACE_STYLE_USAGE(.BOTH.,#5017);
#4853=SURFACE_STYLE_USAGE(.BOTH.,#5018);
#4854=SURFACE_STYLE_USAGE(.BOTH.,#5019);
#4855=SURFACE_STYLE_USAGE(.BOTH.,#5020);
#4856=SURFACE_STYLE_USAGE(.BOTH.,#5021);
#4857=SURFACE_STYLE_USAGE(.BOTH.,#5022);
#4858=SURFACE_STYLE_USAGE(.BOTH.,#5023);
#4859=SURFACE_STYLE_USAGE(.BOTH.,#5024);
#4860=SURFACE_STYLE_USAGE(.BOTH.,#5025);
#4861=SURFACE_STYLE_USAGE(.BOTH.,#5026);
#4862=SURFACE_STYLE_USAGE(.BOTH.,#5027);
#4863=SURFACE_STYLE_USAGE(.BOTH.,#5028);
#4864=SURFACE_STYLE_USAGE(.BOTH.,#5029);
#4865=SURFACE_STYLE_USAGE(.BOTH.,#5030);
#4866=SURFACE_STYLE_USAGE(.BOTH.,#5031);
#4867=SURFACE_STYLE_USAGE(.BOTH.,#5032);
#4868=SURFACE_STYLE_USAGE(.BOTH.,#5033);
#4869=SURFACE_STYLE_USAGE(.BOTH.,#5034);
#4870=SURFACE_STYLE_USAGE(.BOTH.,#5035);
#4871=SURFACE_STYLE_USAGE(.BOTH.,#5036);
#4872=SURFACE_STYLE_USAGE(.BOTH.,#5037);
#4873=SURFACE_STYLE_USAGE(.BOTH.,#5038);
#4874=SURFACE_STYLE_USAGE(.BOTH.,#5039);
#4875=SURFACE_STYLE_USAGE(.BOTH.,#5040);
#4876=SURFACE_STYLE_USAGE(.BOTH.,#5041);
#4877=SURFACE_STYLE_USAGE(.BOTH.,#5042);
#4878=SURFACE_STYLE_USAGE(.BOTH.,#5043);
#4879=SURFACE_STYLE_USAGE(.BOTH.,#5044);
#4880=SURFACE_STYLE_USAGE(.BOTH.,#5045);
#4881=SURFACE_STYLE_USAGE(.BOTH.,#5046);
#4882=SURFACE_STYLE_USAGE(.BOTH.,#5047);
#4883=SURFACE_STYLE_USAGE(.BOTH.,#5048);
#4884=SURFACE_STYLE_USAGE(.BOTH.,#5049);
#4885=SURFACE_STYLE_USAGE(.BOTH.,#5050);
#4886=SURFACE_STYLE_USAGE(.BOTH.,#5051);
#4887=SURFACE_STYLE_USAGE(.BOTH.,#5052);
#4888=SURFACE_STYLE_USAGE(.BOTH.,#5053);
#4889=SURFACE_STYLE_USAGE(.BOTH.,#5054);
#4890=SURFACE_STYLE_USAGE(.BOTH.,#5055);
#4891=SURFACE_STYLE_USAGE(.BOTH.,#5056);
#4892=SURFACE_STYLE_USAGE(.BOTH.,#5057);
#4893=SURFACE_STYLE_USAGE(.BOTH.,#5058);
#4894=SURFACE_STYLE_USAGE(.BOTH.,#5059);
#4895=SURFACE_STYLE_USAGE(.BOTH.,#5060);
#4896=SURFACE_STYLE_USAGE(.BOTH.,#5061);
#4897=SURFACE_STYLE_USAGE(.BOTH.,#5062);
#4898=SURFACE_STYLE_USAGE(.BOTH.,#5063);
#4899=SURFACE_STYLE_USAGE(.BOTH.,#5064);
#4900=SURFACE_STYLE_USAGE(.BOTH.,#5065);
#4901=SURFACE_STYLE_USAGE(.BOTH.,#5066);
#4902=SURFACE_STYLE_USAGE(.BOTH.,#5067);
#4903=SURFACE_STYLE_USAGE(.BOTH.,#5068);
#4904=SURFACE_STYLE_USAGE(.BOTH.,#5069);
#4905=SURFACE_STYLE_USAGE(.BOTH.,#5070);
#4906=SURFACE_STYLE_USAGE(.BOTH.,#5071);
#4907=SURFACE_STYLE_USAGE(.BOTH.,#5072);
#4908=SURFACE_STYLE_USAGE(.BOTH.,#5073);
#4909=SURFACE_STYLE_USAGE(.BOTH.,#5074);
#4910=SURFACE_STYLE_USAGE(.BOTH.,#5075);
#4911=SURFACE_STYLE_USAGE(.BOTH.,#5076);
#4912=SURFACE_STYLE_USAGE(.BOTH.,#5077);
#4913=SURFACE_STYLE_USAGE(.BOTH.,#5078);
#4914=SURFACE_STYLE_USAGE(.BOTH.,#5079);
#4915=SURFACE_STYLE_USAGE(.BOTH.,#5080);
#4916=SURFACE_STYLE_USAGE(.BOTH.,#5081);
#4917=SURFACE_STYLE_USAGE(.BOTH.,#5082);
#4918=SURFACE_STYLE_USAGE(.BOTH.,#5083);
#4919=SURFACE_STYLE_USAGE(.BOTH.,#5084);
#4920=SURFACE_STYLE_USAGE(.BOTH.,#5085);
#4921=SURFACE_STYLE_USAGE(.BOTH.,#5086);
#4922=SURFACE_STYLE_USAGE(.BOTH.,#5087);
#4923=SURFACE_STYLE_USAGE(.BOTH.,#5088);
#4924=SURFACE_STYLE_USAGE(.BOTH.,#5089);
#4925=SURFACE_STYLE_USAGE(.BOTH.,#5090);
#4926=SURFACE_STYLE_USAGE(.BOTH.,#5091);
#4927=SURFACE_STYLE_USAGE(.BOTH.,#5092);
#4928=SURFACE_STYLE_USAGE(.BOTH.,#5093);
#4929=SURFACE_STYLE_USAGE(.BOTH.,#5094);
#4930=SURFACE_STYLE_USAGE(.BOTH.,#5095);
#4931=SURFACE_STYLE_USAGE(.BOTH.,#5096);
#4932=SURFACE_STYLE_USAGE(.BOTH.,#5097);
#4933=SURFACE_STYLE_USAGE(.BOTH.,#5098);
#4934=SURFACE_STYLE_USAGE(.BOTH.,#5099);
#4935=SURFACE_STYLE_USAGE(.BOTH.,#5100);
#4936=SURFACE_STYLE_USAGE(.BOTH.,#5101);
#4937=SURFACE_STYLE_USAGE(.BOTH.,#5102);
#4938=SURFACE_STYLE_USAGE(.BOTH.,#5103);
#4939=SURFACE_STYLE_USAGE(.BOTH.,#5104);
#4940=SURFACE_STYLE_USAGE(.BOTH.,#5105);
#4941=SURFACE_STYLE_USAGE(.BOTH.,#5106);
#4942=SURFACE_STYLE_USAGE(.BOTH.,#5107);
#4943=SURFACE_STYLE_USAGE(.BOTH.,#5108);
#4944=SURFACE_STYLE_USAGE(.BOTH.,#5109);
#4945=SURFACE_STYLE_USAGE(.BOTH.,#5110);
#4946=SURFACE_STYLE_USAGE(.BOTH.,#5111);
#4947=SURFACE_STYLE_USAGE(.BOTH.,#5112);
#4948=SURFACE_STYLE_USAGE(.BOTH.,#5113);
#4949=SURFACE_STYLE_USAGE(.BOTH.,#5114);
#4950=SURFACE_STYLE_USAGE(.BOTH.,#5115);
#4951=SURFACE_STYLE_USAGE(.BOTH.,#5116);
#4952=SURFACE_STYLE_USAGE(.BOTH.,#5117);
#4953=SURFACE_STYLE_USAGE(.BOTH.,#5118);
#4954=SURFACE_STYLE_USAGE(.BOTH.,#5119);
#4955=SURFACE_STYLE_USAGE(.BOTH.,#5120);
#4956=SURFACE_STYLE_USAGE(.BOTH.,#5121);
#4957=SURFACE_STYLE_USAGE(.BOTH.,#5122);
#4958=SURFACE_STYLE_USAGE(.BOTH.,#5123);
#4959=SURFACE_STYLE_USAGE(.BOTH.,#5124);
#4960=SURFACE_STYLE_USAGE(.BOTH.,#5125);
#4961=SURFACE_STYLE_USAGE(.BOTH.,#5126);
#4962=SURFACE_STYLE_USAGE(.BOTH.,#5127);
#4963=SURFACE_STYLE_USAGE(.BOTH.,#5128);
#4964=SURFACE_STYLE_USAGE(.BOTH.,#5129);
#4965=SURFACE_STYLE_USAGE(.BOTH.,#5130);
#4966=SURFACE_STYLE_USAGE(.BOTH.,#5131);
#4967=SURFACE_STYLE_USAGE(.BOTH.,#5132);
#4968=SURFACE_STYLE_USAGE(.BOTH.,#5133);
#4969=SURFACE_STYLE_USAGE(.BOTH.,#5134);
#4970=SURFACE_STYLE_USAGE(.BOTH.,#5135);
#4971=SURFACE_STYLE_USAGE(.BOTH.,#5136);
#4972=SURFACE_STYLE_USAGE(.BOTH.,#5137);
#4973=SURFACE_STYLE_USAGE(.BOTH.,#5138);
#4974=SURFACE_STYLE_USAGE(.BOTH.,#5139);
#4975=SURFACE_STYLE_USAGE(.BOTH.,#5140);
#4976=SURFACE_STYLE_USAGE(.BOTH.,#5141);
#4977=SURFACE_SIDE_STYLE('',(#5142));
#4978=SURFACE_SIDE_STYLE('',(#5143));
#4979=SURFACE_SIDE_STYLE('',(#5144));
#4980=SURFACE_SIDE_STYLE('',(#5145));
#4981=SURFACE_SIDE_STYLE('',(#5146));
#4982=SURFACE_SIDE_STYLE('',(#5147));
#4983=SURFACE_SIDE_STYLE('',(#5148));
#4984=SURFACE_SIDE_STYLE('',(#5149));
#4985=SURFACE_SIDE_STYLE('',(#5150));
#4986=SURFACE_SIDE_STYLE('',(#5151));
#4987=SURFACE_SIDE_STYLE('',(#5152));
#4988=SURFACE_SIDE_STYLE('',(#5153));
#4989=SURFACE_SIDE_STYLE('',(#5154));
#4990=SURFACE_SIDE_STYLE('',(#5155));
#4991=SURFACE_SIDE_STYLE('',(#5156));
#4992=SURFACE_SIDE_STYLE('',(#5157));
#4993=SURFACE_SIDE_STYLE('',(#5158));
#4994=SURFACE_SIDE_STYLE('',(#5159));
#4995=SURFACE_SIDE_STYLE('',(#5160));
#4996=SURFACE_SIDE_STYLE('',(#5161));
#4997=SURFACE_SIDE_STYLE('',(#5162));
#4998=SURFACE_SIDE_STYLE('',(#5163));
#4999=SURFACE_SIDE_STYLE('',(#5164));
#5000=SURFACE_SIDE_STYLE('',(#5165));
#5001=SURFACE_SIDE_STYLE('',(#5166));
#5002=SURFACE_SIDE_STYLE('',(#5167));
#5003=SURFACE_SIDE_STYLE('',(#5168));
#5004=SURFACE_SIDE_STYLE('',(#5169));
#5005=SURFACE_SIDE_STYLE('',(#5170));
#5006=SURFACE_SIDE_STYLE('',(#5171));
#5007=SURFACE_SIDE_STYLE('',(#5172));
#5008=SURFACE_SIDE_STYLE('',(#5173));
#5009=SURFACE_SIDE_STYLE('',(#5174));
#5010=SURFACE_SIDE_STYLE('',(#5175));
#5011=SURFACE_SIDE_STYLE('',(#5176));
#5012=SURFACE_SIDE_STYLE('',(#5177));
#5013=SURFACE_SIDE_STYLE('',(#5178));
#5014=SURFACE_SIDE_STYLE('',(#5179));
#5015=SURFACE_SIDE_STYLE('',(#5180));
#5016=SURFACE_SIDE_STYLE('',(#5181));
#5017=SURFACE_SIDE_STYLE('',(#5182));
#5018=SURFACE_SIDE_STYLE('',(#5183));
#5019=SURFACE_SIDE_STYLE('',(#5184));
#5020=SURFACE_SIDE_STYLE('',(#5185));
#5021=SURFACE_SIDE_STYLE('',(#5186));
#5022=SURFACE_SIDE_STYLE('',(#5187));
#5023=SURFACE_SIDE_STYLE('',(#5188));
#5024=SURFACE_SIDE_STYLE('',(#5189));
#5025=SURFACE_SIDE_STYLE('',(#5190));
#5026=SURFACE_SIDE_STYLE('',(#5191));
#5027=SURFACE_SIDE_STYLE('',(#5192));
#5028=SURFACE_SIDE_STYLE('',(#5193));
#5029=SURFACE_SIDE_STYLE('',(#5194));
#5030=SURFACE_SIDE_STYLE('',(#5195));
#5031=SURFACE_SIDE_STYLE('',(#5196));
#5032=SURFACE_SIDE_STYLE('',(#5197));
#5033=SURFACE_SIDE_STYLE('',(#5198));
#5034=SURFACE_SIDE_STYLE('',(#5199));
#5035=SURFACE_SIDE_STYLE('',(#5200));
#5036=SURFACE_SIDE_STYLE('',(#5201));
#5037=SURFACE_SIDE_STYLE('',(#5202));
#5038=SURFACE_SIDE_STYLE('',(#5203));
#5039=SURFACE_SIDE_STYLE('',(#5204));
#5040=SURFACE_SIDE_STYLE('',(#5205));
#5041=SURFACE_SIDE_STYLE('',(#5206));
#5042=SURFACE_SIDE_STYLE('',(#5207));
#5043=SURFACE_SIDE_STYLE('',(#5208));
#5044=SURFACE_SIDE_STYLE('',(#5209));
#5045=SURFACE_SIDE_STYLE('',(#5210));
#5046=SURFACE_SIDE_STYLE('',(#5211));
#5047=SURFACE_SIDE_STYLE('',(#5212));
#5048=SURFACE_SIDE_STYLE('',(#5213));
#5049=SURFACE_SIDE_STYLE('',(#5214));
#5050=SURFACE_SIDE_STYLE('',(#5215));
#5051=SURFACE_SIDE_STYLE('',(#5216));
#5052=SURFACE_SIDE_STYLE('',(#5217));
#5053=SURFACE_SIDE_STYLE('',(#5218));
#5054=SURFACE_SIDE_STYLE('',(#5219));
#5055=SURFACE_SIDE_STYLE('',(#5220));
#5056=SURFACE_SIDE_STYLE('',(#5221));
#5057=SURFACE_SIDE_STYLE('',(#5222));
#5058=SURFACE_SIDE_STYLE('',(#5223));
#5059=SURFACE_SIDE_STYLE('',(#5224));
#5060=SURFACE_SIDE_STYLE('',(#5225));
#5061=SURFACE_SIDE_STYLE('',(#5226));
#5062=SURFACE_SIDE_STYLE('',(#5227));
#5063=SURFACE_SIDE_STYLE('',(#5228));
#5064=SURFACE_SIDE_STYLE('',(#5229));
#5065=SURFACE_SIDE_STYLE('',(#5230));
#5066=SURFACE_SIDE_STYLE('',(#5231));
#5067=SURFACE_SIDE_STYLE('',(#5232));
#5068=SURFACE_SIDE_STYLE('',(#5233));
#5069=SURFACE_SIDE_STYLE('',(#5234));
#5070=SURFACE_SIDE_STYLE('',(#5235));
#5071=SURFACE_SIDE_STYLE('',(#5236));
#5072=SURFACE_SIDE_STYLE('',(#5237));
#5073=SURFACE_SIDE_STYLE('',(#5238));
#5074=SURFACE_SIDE_STYLE('',(#5239));
#5075=SURFACE_SIDE_STYLE('',(#5240));
#5076=SURFACE_SIDE_STYLE('',(#5241));
#5077=SURFACE_SIDE_STYLE('',(#5242));
#5078=SURFACE_SIDE_STYLE('',(#5243));
#5079=SURFACE_SIDE_STYLE('',(#5244));
#5080=SURFACE_SIDE_STYLE('',(#5245));
#5081=SURFACE_SIDE_STYLE('',(#5246));
#5082=SURFACE_SIDE_STYLE('',(#5247));
#5083=SURFACE_SIDE_STYLE('',(#5248));
#5084=SURFACE_SIDE_STYLE('',(#5249));
#5085=SURFACE_SIDE_STYLE('',(#5250));
#5086=SURFACE_SIDE_STYLE('',(#5251));
#5087=SURFACE_SIDE_STYLE('',(#5252));
#5088=SURFACE_SIDE_STYLE('',(#5253));
#5089=SURFACE_SIDE_STYLE('',(#5254));
#5090=SURFACE_SIDE_STYLE('',(#5255));
#5091=SURFACE_SIDE_STYLE('',(#5256));
#5092=SURFACE_SIDE_STYLE('',(#5257));
#5093=SURFACE_SIDE_STYLE('',(#5258));
#5094=SURFACE_SIDE_STYLE('',(#5259));
#5095=SURFACE_SIDE_STYLE('',(#5260));
#5096=SURFACE_SIDE_STYLE('',(#5261));
#5097=SURFACE_SIDE_STYLE('',(#5262));
#5098=SURFACE_SIDE_STYLE('',(#5263));
#5099=SURFACE_SIDE_STYLE('',(#5264));
#5100=SURFACE_SIDE_STYLE('',(#5265));
#5101=SURFACE_SIDE_STYLE('',(#5266));
#5102=SURFACE_SIDE_STYLE('',(#5267));
#5103=SURFACE_SIDE_STYLE('',(#5268));
#5104=SURFACE_SIDE_STYLE('',(#5269));
#5105=SURFACE_SIDE_STYLE('',(#5270));
#5106=SURFACE_SIDE_STYLE('',(#5271));
#5107=SURFACE_SIDE_STYLE('',(#5272));
#5108=SURFACE_SIDE_STYLE('',(#5273));
#5109=SURFACE_SIDE_STYLE('',(#5274));
#5110=SURFACE_SIDE_STYLE('',(#5275));
#5111=SURFACE_SIDE_STYLE('',(#5276));
#5112=SURFACE_SIDE_STYLE('',(#5277));
#5113=SURFACE_SIDE_STYLE('',(#5278));
#5114=SURFACE_SIDE_STYLE('',(#5279));
#5115=SURFACE_SIDE_STYLE('',(#5280));
#5116=SURFACE_SIDE_STYLE('',(#5281));
#5117=SURFACE_SIDE_STYLE('',(#5282));
#5118=SURFACE_SIDE_STYLE('',(#5283));
#5119=SURFACE_SIDE_STYLE('',(#5284));
#5120=SURFACE_SIDE_STYLE('',(#5285));
#5121=SURFACE_SIDE_STYLE('',(#5286));
#5122=SURFACE_SIDE_STYLE('',(#5287));
#5123=SURFACE_SIDE_STYLE('',(#5288));
#5124=SURFACE_SIDE_STYLE('',(#5289));
#5125=SURFACE_SIDE_STYLE('',(#5290));
#5126=SURFACE_SIDE_STYLE('',(#5291));
#5127=SURFACE_SIDE_STYLE('',(#5292));
#5128=SURFACE_SIDE_STYLE('',(#5293));
#5129=SURFACE_SIDE_STYLE('',(#5294));
#5130=SURFACE_SIDE_STYLE('',(#5295));
#5131=SURFACE_SIDE_STYLE('',(#5296));
#5132=SURFACE_SIDE_STYLE('',(#5297));
#5133=SURFACE_SIDE_STYLE('',(#5298));
#5134=SURFACE_SIDE_STYLE('',(#5299));
#5135=SURFACE_SIDE_STYLE('',(#5300));
#5136=SURFACE_SIDE_STYLE('',(#5301));
#5137=SURFACE_SIDE_STYLE('',(#5302));
#5138=SURFACE_SIDE_STYLE('',(#5303));
#5139=SURFACE_SIDE_STYLE('',(#5304));
#5140=SURFACE_SIDE_STYLE('',(#5305));
#5141=SURFACE_SIDE_STYLE('',(#5306));
#5142=SURFACE_STYLE_FILL_AREA(#5307);
#5143=SURFACE_STYLE_FILL_AREA(#5308);
#5144=SURFACE_STYLE_FILL_AREA(#5309);
#5145=SURFACE_STYLE_FILL_AREA(#5310);
#5146=SURFACE_STYLE_FILL_AREA(#5311);
#5147=SURFACE_STYLE_FILL_AREA(#5312);
#5148=SURFACE_STYLE_FILL_AREA(#5313);
#5149=SURFACE_STYLE_FILL_AREA(#5314);
#5150=SURFACE_STYLE_FILL_AREA(#5315);
#5151=SURFACE_STYLE_FILL_AREA(#5316);
#5152=SURFACE_STYLE_FILL_AREA(#5317);
#5153=SURFACE_STYLE_FILL_AREA(#5318);
#5154=SURFACE_STYLE_FILL_AREA(#5319);
#5155=SURFACE_STYLE_FILL_AREA(#5320);
#5156=SURFACE_STYLE_FILL_AREA(#5321);
#5157=SURFACE_STYLE_FILL_AREA(#5322);
#5158=SURFACE_STYLE_FILL_AREA(#5323);
#5159=SURFACE_STYLE_FILL_AREA(#5324);
#5160=SURFACE_STYLE_FILL_AREA(#5325);
#5161=SURFACE_STYLE_FILL_AREA(#5326);
#5162=SURFACE_STYLE_FILL_AREA(#5327);
#5163=SURFACE_STYLE_FILL_AREA(#5328);
#5164=SURFACE_STYLE_FILL_AREA(#5329);
#5165=SURFACE_STYLE_FILL_AREA(#5330);
#5166=SURFACE_STYLE_FILL_AREA(#5331);
#5167=SURFACE_STYLE_FILL_AREA(#5332);
#5168=SURFACE_STYLE_FILL_AREA(#5333);
#5169=SURFACE_STYLE_FILL_AREA(#5334);
#5170=SURFACE_STYLE_FILL_AREA(#5335);
#5171=SURFACE_STYLE_FILL_AREA(#5336);
#5172=SURFACE_STYLE_FILL_AREA(#5337);
#5173=SURFACE_STYLE_FILL_AREA(#5338);
#5174=SURFACE_STYLE_FILL_AREA(#5339);
#5175=SURFACE_STYLE_FILL_AREA(#5340);
#5176=SURFACE_STYLE_FILL_AREA(#5341);
#5177=SURFACE_STYLE_FILL_AREA(#5342);
#5178=SURFACE_STYLE_FILL_AREA(#5343);
#5179=SURFACE_STYLE_FILL_AREA(#5344);
#5180=SURFACE_STYLE_FILL_AREA(#5345);
#5181=SURFACE_STYLE_FILL_AREA(#5346);
#5182=SURFACE_STYLE_FILL_AREA(#5347);
#5183=SURFACE_STYLE_FILL_AREA(#5348);
#5184=SURFACE_STYLE_FILL_AREA(#5349);
#5185=SURFACE_STYLE_FILL_AREA(#5350);
#5186=SURFACE_STYLE_FILL_AREA(#5351);
#5187=SURFACE_STYLE_FILL_AREA(#5352);
#5188=SURFACE_STYLE_FILL_AREA(#5353);
#5189=SURFACE_STYLE_FILL_AREA(#5354);
#5190=SURFACE_STYLE_FILL_AREA(#5355);
#5191=SURFACE_STYLE_FILL_AREA(#5356);
#5192=SURFACE_STYLE_FILL_AREA(#5357);
#5193=SURFACE_STYLE_FILL_AREA(#5358);
#5194=SURFACE_STYLE_FILL_AREA(#5359);
#5195=SURFACE_STYLE_FILL_AREA(#5360);
#5196=SURFACE_STYLE_FILL_AREA(#5361);
#5197=SURFACE_STYLE_FILL_AREA(#5362);
#5198=SURFACE_STYLE_FILL_AREA(#5363);
#5199=SURFACE_STYLE_FILL_AREA(#5364);
#5200=SURFACE_STYLE_FILL_AREA(#5365);
#5201=SURFACE_STYLE_FILL_AREA(#5366);
#5202=SURFACE_STYLE_FILL_AREA(#5367);
#5203=SURFACE_STYLE_FILL_AREA(#5368);
#5204=SURFACE_STYLE_FILL_AREA(#5369);
#5205=SURFACE_STYLE_FILL_AREA(#5370);
#5206=SURFACE_STYLE_FILL_AREA(#5371);
#5207=SURFACE_STYLE_FILL_AREA(#5372);
#5208=SURFACE_STYLE_FILL_AREA(#5373);
#5209=SURFACE_STYLE_FILL_AREA(#5374);
#5210=SURFACE_STYLE_FILL_AREA(#5375);
#5211=SURFACE_STYLE_FILL_AREA(#5376);
#5212=SURFACE_STYLE_FILL_AREA(#5377);
#5213=SURFACE_STYLE_FILL_AREA(#5378);
#5214=SURFACE_STYLE_FILL_AREA(#5379);
#5215=SURFACE_STYLE_FILL_AREA(#5380);
#5216=SURFACE_STYLE_FILL_AREA(#5381);
#5217=SURFACE_STYLE_FILL_AREA(#5382);
#5218=SURFACE_STYLE_FILL_AREA(#5383);
#5219=SURFACE_STYLE_FILL_AREA(#5384);
#5220=SURFACE_STYLE_FILL_AREA(#5385);
#5221=SURFACE_STYLE_FILL_AREA(#5386);
#5222=SURFACE_STYLE_FILL_AREA(#5387);
#5223=SURFACE_STYLE_FILL_AREA(#5388);
#5224=SURFACE_STYLE_FILL_AREA(#5389);
#5225=SURFACE_STYLE_FILL_AREA(#5390);
#5226=SURFACE_STYLE_FILL_AREA(#5391);
#5227=SURFACE_STYLE_FILL_AREA(#5392);
#5228=SURFACE_STYLE_FILL_AREA(#5393);
#5229=SURFACE_STYLE_FILL_AREA(#5394);
#5230=SURFACE_STYLE_FILL_AREA(#5395);
#5231=SURFACE_STYLE_FILL_AREA(#5396);
#5232=SURFACE_STYLE_FILL_AREA(#5397);
#5233=SURFACE_STYLE_FILL_AREA(#5398);
#5234=SURFACE_STYLE_FILL_AREA(#5399);
#5235=SURFACE_STYLE_FILL_AREA(#5400);
#5236=SURFACE_STYLE_FILL_AREA(#5401);
#5237=SURFACE_STYLE_FILL_AREA(#5402);
#5238=SURFACE_STYLE_FILL_AREA(#5403);
#5239=SURFACE_STYLE_FILL_AREA(#5404);
#5240=SURFACE_STYLE_FILL_AREA(#5405);
#5241=SURFACE_STYLE_FILL_AREA(#5406);
#5242=SURFACE_STYLE_FILL_AREA(#5407);
#5243=SURFACE_STYLE_FILL_AREA(#5408);
#5244=SURFACE_STYLE_FILL_AREA(#5409);
#5245=SURFACE_STYLE_FILL_AREA(#5410);
#5246=SURFACE_STYLE_FILL_AREA(#5411);
#5247=SURFACE_STYLE_FILL_AREA(#5412);
#5248=SURFACE_STYLE_FILL_AREA(#5413);
#5249=SURFACE_STYLE_FILL_AREA(#5414);
#5250=SURFACE_STYLE_FILL_AREA(#5415);
#5251=SURFACE_STYLE_FILL_AREA(#5416);
#5252=SURFACE_STYLE_FILL_AREA(#5417);
#5253=SURFACE_STYLE_FILL_AREA(#5418);
#5254=SURFACE_STYLE_FILL_AREA(#5419);
#5255=SURFACE_STYLE_FILL_AREA(#5420);
#5256=SURFACE_STYLE_FILL_AREA(#5421);
#5257=SURFACE_STYLE_FILL_AREA(#5422);
#5258=SURFACE_STYLE_FILL_AREA(#5423);
#5259=SURFACE_STYLE_FILL_AREA(#5424);
#5260=SURFACE_STYLE_FILL_AREA(#5425);
#5261=SURFACE_STYLE_FILL_AREA(#5426);
#5262=SURFACE_STYLE_FILL_AREA(#5427);
#5263=SURFACE_STYLE_FILL_AREA(#5428);
#5264=SURFACE_STYLE_FILL_AREA(#5429);
#5265=SURFACE_STYLE_FILL_AREA(#5430);
#5266=SURFACE_STYLE_FILL_AREA(#5431);
#5267=SURFACE_STYLE_FILL_AREA(#5432);
#5268=SURFACE_STYLE_FILL_AREA(#5433);
#5269=SURFACE_STYLE_FILL_AREA(#5434);
#5270=SURFACE_STYLE_FILL_AREA(#5435);
#5271=SURFACE_STYLE_FILL_AREA(#5436);
#5272=SURFACE_STYLE_FILL_AREA(#5437);
#5273=SURFACE_STYLE_FILL_AREA(#5438);
#5274=SURFACE_STYLE_FILL_AREA(#5439);
#5275=SURFACE_STYLE_FILL_AREA(#5440);
#5276=SURFACE_STYLE_FILL_AREA(#5441);
#5277=SURFACE_STYLE_FILL_AREA(#5442);
#5278=SURFACE_STYLE_FILL_AREA(#5443);
#5279=SURFACE_STYLE_FILL_AREA(#5444);
#5280=SURFACE_STYLE_FILL_AREA(#5445);
#5281=SURFACE_STYLE_FILL_AREA(#5446);
#5282=SURFACE_STYLE_FILL_AREA(#5447);
#5283=SURFACE_STYLE_FILL_AREA(#5448);
#5284=SURFACE_STYLE_FILL_AREA(#5449);
#5285=SURFACE_STYLE_FILL_AREA(#5450);
#5286=SURFACE_STYLE_FILL_AREA(#5451);
#5287=SURFACE_STYLE_FILL_AREA(#5452);
#5288=SURFACE_STYLE_FILL_AREA(#5453);
#5289=SURFACE_STYLE_FILL_AREA(#5454);
#5290=SURFACE_STYLE_FILL_AREA(#5455);
#5291=SURFACE_STYLE_FILL_AREA(#5456);
#5292=SURFACE_STYLE_FILL_AREA(#5457);
#5293=SURFACE_STYLE_FILL_AREA(#5458);
#5294=SURFACE_STYLE_FILL_AREA(#5459);
#5295=SURFACE_STYLE_FILL_AREA(#5460);
#5296=SURFACE_STYLE_FILL_AREA(#5461);
#5297=SURFACE_STYLE_FILL_AREA(#5462);
#5298=SURFACE_STYLE_FILL_AREA(#5463);
#5299=SURFACE_STYLE_FILL_AREA(#5464);
#5300=SURFACE_STYLE_FILL_AREA(#5465);
#5301=SURFACE_STYLE_FILL_AREA(#5466);
#5302=SURFACE_STYLE_FILL_AREA(#5467);
#5303=SURFACE_STYLE_FILL_AREA(#5468);
#5304=SURFACE_STYLE_FILL_AREA(#5469);
#5305=SURFACE_STYLE_FILL_AREA(#5470);
#5306=SURFACE_STYLE_FILL_AREA(#5471);
#5307=FILL_AREA_STYLE('',(#5472));
#5308=FILL_AREA_STYLE('',(#5473));
#5309=FILL_AREA_STYLE('',(#5474));
#5310=FILL_AREA_STYLE('',(#5475));
#5311=FILL_AREA_STYLE('',(#5476));
#5312=FILL_AREA_STYLE('',(#5477));
#5313=FILL_AREA_STYLE('',(#5478));
#5314=FILL_AREA_STYLE('',(#5479));
#5315=FILL_AREA_STYLE('',(#5480));
#5316=FILL_AREA_STYLE('',(#5481));
#5317=FILL_AREA_STYLE('',(#5482));
#5318=FILL_AREA_STYLE('',(#5483));
#5319=FILL_AREA_STYLE('',(#5484));
#5320=FILL_AREA_STYLE('',(#5485));
#5321=FILL_AREA_STYLE('',(#5486));
#5322=FILL_AREA_STYLE('',(#5487));
#5323=FILL_AREA_STYLE('',(#5488));
#5324=FILL_AREA_STYLE('',(#5489));
#5325=FILL_AREA_STYLE('',(#5490));
#5326=FILL_AREA_STYLE('',(#5491));
#5327=FILL_AREA_STYLE('',(#5492));
#5328=FILL_AREA_STYLE('',(#5493));
#5329=FILL_AREA_STYLE('',(#5494));
#5330=FILL_AREA_STYLE('',(#5495));
#5331=FILL_AREA_STYLE('',(#5496));
#5332=FILL_AREA_STYLE('',(#5497));
#5333=FILL_AREA_STYLE('',(#5498));
#5334=FILL_AREA_STYLE('',(#5499));
#5335=FILL_AREA_STYLE('',(#5500));
#5336=FILL_AREA_STYLE('',(#5501));
#5337=FILL_AREA_STYLE('',(#5502));
#5338=FILL_AREA_STYLE('',(#5503));
#5339=FILL_AREA_STYLE('',(#5504));
#5340=FILL_AREA_STYLE('',(#5505));
#5341=FILL_AREA_STYLE('',(#5506));
#5342=FILL_AREA_STYLE('',(#5507));
#5343=FILL_AREA_STYLE('',(#5508));
#5344=FILL_AREA_STYLE('',(#5509));
#5345=FILL_AREA_STYLE('',(#5510));
#5346=FILL_AREA_STYLE('',(#5511));
#5347=FILL_AREA_STYLE('',(#5512));
#5348=FILL_AREA_STYLE('',(#5513));
#5349=FILL_AREA_STYLE('',(#5514));
#5350=FILL_AREA_STYLE('',(#5515));
#5351=FILL_AREA_STYLE('',(#5516));
#5352=FILL_AREA_STYLE('',(#5517));
#5353=FILL_AREA_STYLE('',(#5518));
#5354=FILL_AREA_STYLE('',(#5519));
#5355=FILL_AREA_STYLE('',(#5520));
#5356=FILL_AREA_STYLE('',(#5521));
#5357=FILL_AREA_STYLE('',(#5522));
#5358=FILL_AREA_STYLE('',(#5523));
#5359=FILL_AREA_STYLE('',(#5524));
#5360=FILL_AREA_STYLE('',(#5525));
#5361=FILL_AREA_STYLE('',(#5526));
#5362=FILL_AREA_STYLE('',(#5527));
#5363=FILL_AREA_STYLE('',(#5528));
#5364=FILL_AREA_STYLE('',(#5529));
#5365=FILL_AREA_STYLE('',(#5530));
#5366=FILL_AREA_STYLE('',(#5531));
#5367=FILL_AREA_STYLE('',(#5532));
#5368=FILL_AREA_STYLE('',(#5533));
#5369=FILL_AREA_STYLE('',(#5534));
#5370=FILL_AREA_STYLE('',(#5535));
#5371=FILL_AREA_STYLE('',(#5536));
#5372=FILL_AREA_STYLE('',(#5537));
#5373=FILL_AREA_STYLE('',(#5538));
#5374=FILL_AREA_STYLE('',(#5539));
#5375=FILL_AREA_STYLE('',(#5540));
#5376=FILL_AREA_STYLE('',(#5541));
#5377=FILL_AREA_STYLE('',(#5542));
#5378=FILL_AREA_STYLE('',(#5543));
#5379=FILL_AREA_STYLE('',(#5544));
#5380=FILL_AREA_STYLE('',(#5545));
#5381=FILL_AREA_STYLE('',(#5546));
#5382=FILL_AREA_STYLE('',(#5547));
#5383=FILL_AREA_STYLE('',(#5548));
#5384=FILL_AREA_STYLE('',(#5549));
#5385=FILL_AREA_STYLE('',(#5550));
#5386=FILL_AREA_STYLE('',(#5551));
#5387=FILL_AREA_STYLE('',(#5552));
#5388=FILL_AREA_STYLE('',(#5553));
#5389=FILL_AREA_STYLE('',(#5554));
#5390=FILL_AREA_STYLE('',(#5555));
#5391=FILL_AREA_STYLE('',(#5556));
#5392=FILL_AREA_STYLE('',(#5557));
#5393=FILL_AREA_STYLE('',(#5558));
#5394=FILL_AREA_STYLE('',(#5559));
#5395=FILL_AREA_STYLE('',(#5560));
#5396=FILL_AREA_STYLE('',(#5561));
#5397=FILL_AREA_STYLE('',(#5562));
#5398=FILL_AREA_STYLE('',(#5563));
#5399=FILL_AREA_STYLE('',(#5564));
#5400=FILL_AREA_STYLE('',(#5565));
#5401=FILL_AREA_STYLE('',(#5566));
#5402=FILL_AREA_STYLE('',(#5567));
#5403=FILL_AREA_STYLE('',(#5568));
#5404=FILL_AREA_STYLE('',(#5569));
#5405=FILL_AREA_STYLE('',(#5570));
#5406=FILL_AREA_STYLE('',(#5571));
#5407=FILL_AREA_STYLE('',(#5572));
#5408=FILL_AREA_STYLE('',(#5573));
#5409=FILL_AREA_STYLE('',(#5574));
#5410=FILL_AREA_STYLE('',(#5575));
#5411=FILL_AREA_STYLE('',(#5576));
#5412=FILL_AREA_STYLE('',(#5577));
#5413=FILL_AREA_STYLE('',(#5578));
#5414=FILL_AREA_STYLE('',(#5579));
#5415=FILL_AREA_STYLE('',(#5580));
#5416=FILL_AREA_STYLE('',(#5581));
#5417=FILL_AREA_STYLE('',(#5582));
#5418=FILL_AREA_STYLE('',(#5583));
#5419=FILL_AREA_STYLE('',(#5584));
#5420=FILL_AREA_STYLE('',(#5585));
#5421=FILL_AREA_STYLE('',(#5586));
#5422=FILL_AREA_STYLE('',(#5587));
#5423=FILL_AREA_STYLE('',(#5588));
#5424=FILL_AREA_STYLE('',(#5589));
#5425=FILL_AREA_STYLE('',(#5590));
#5426=FILL_AREA_STYLE('',(#5591));
#5427=FILL_AREA_STYLE('',(#5592));
#5428=FILL_AREA_STYLE('',(#5593));
#5429=FILL_AREA_STYLE('',(#5594));
#5430=FILL_AREA_STYLE('',(#5595));
#5431=FILL_AREA_STYLE('',(#5596));
#5432=FILL_AREA_STYLE('',(#5597));
#5433=FILL_AREA_STYLE('',(#5598));
#5434=FILL_AREA_STYLE('',(#5599));
#5435=FILL_AREA_STYLE('',(#5600));
#5436=FILL_AREA_STYLE('',(#5601));
#5437=FILL_AREA_STYLE('',(#5602));
#5438=FILL_AREA_STYLE('',(#5603));
#5439=FILL_AREA_STYLE('',(#5604));
#5440=FILL_AREA_STYLE('',(#5605));
#5441=FILL_AREA_STYLE('',(#5606));
#5442=FILL_AREA_STYLE('',(#5607));
#5443=FILL_AREA_STYLE('',(#5608));
#5444=FILL_AREA_STYLE('',(#5609));
#5445=FILL_AREA_STYLE('',(#5610));
#5446=FILL_AREA_STYLE('',(#5611));
#5447=FILL_AREA_STYLE('',(#5612));
#5448=FILL_AREA_STYLE('',(#5613));
#5449=FILL_AREA_STYLE('',(#5614));
#5450=FILL_AREA_STYLE('',(#5615));
#5451=FILL_AREA_STYLE('',(#5616));
#5452=FILL_AREA_STYLE('',(#5617));
#5453=FILL_AREA_STYLE('',(#5618));
#5454=FILL_AREA_STYLE('',(#5619));
#5455=FILL_AREA_STYLE('',(#5620));
#5456=FILL_AREA_STYLE('',(#5621));
#5457=FILL_AREA_STYLE('',(#5622));
#5458=FILL_AREA_STYLE('',(#5623));
#5459=FILL_AREA_STYLE('',(#5624));
#5460=FILL_AREA_STYLE('',(#5625));
#5461=FILL_AREA_STYLE('',(#5626));
#5462=FILL_AREA_STYLE('',(#5627));
#5463=FILL_AREA_STYLE('',(#5628));
#5464=FILL_AREA_STYLE('',(#5629));
#5465=FILL_AREA_STYLE('',(#5630));
#5466=FILL_AREA_STYLE('',(#5631));
#5467=FILL_AREA_STYLE('',(#5632));
#5468=FILL_AREA_STYLE('',(#5633));
#5469=FILL_AREA_STYLE('',(#5634));
#5470=FILL_AREA_STYLE('',(#5635));
#5471=FILL_AREA_STYLE('',(#5636));
#5472=FILL_AREA_STYLE_COLOUR('',#5637);
#5473=FILL_AREA_STYLE_COLOUR('',#5638);
#5474=FILL_AREA_STYLE_COLOUR('',#5638);
#5475=FILL_AREA_STYLE_COLOUR('',#5638);
#5476=FILL_AREA_STYLE_COLOUR('',#5638);
#5477=FILL_AREA_STYLE_COLOUR('',#5638);
#5478=FILL_AREA_STYLE_COLOUR('',#5638);
#5479=FILL_AREA_STYLE_COLOUR('',#5638);
#5480=FILL_AREA_STYLE_COLOUR('',#5638);
#5481=FILL_AREA_STYLE_COLOUR('',#5638);
#5482=FILL_AREA_STYLE_COLOUR('',#5638);
#5483=FILL_AREA_STYLE_COLOUR('',#5638);
#5484=FILL_AREA_STYLE_COLOUR('',#5638);
#5485=FILL_AREA_STYLE_COLOUR('',#5638);
#5486=FILL_AREA_STYLE_COLOUR('',#5638);
#5487=FILL_AREA_STYLE_COLOUR('',#5638);
#5488=FILL_AREA_STYLE_COLOUR('',#5638);
#5489=FILL_AREA_STYLE_COLOUR('',#5638);
#5490=FILL_AREA_STYLE_COLOUR('',#5638);
#5491=FILL_AREA_STYLE_COLOUR('',#5638);
#5492=FILL_AREA_STYLE_COLOUR('',#5638);
#5493=FILL_AREA_STYLE_COLOUR('',#5638);
#5494=FILL_AREA_STYLE_COLOUR('',#5638);
#5495=FILL_AREA_STYLE_COLOUR('',#5638);
#5496=FILL_AREA_STYLE_COLOUR('',#5638);
#5497=FILL_AREA_STYLE_COLOUR('',#5638);
#5498=FILL_AREA_STYLE_COLOUR('',#5638);
#5499=FILL_AREA_STYLE_COLOUR('',#5638);
#5500=FILL_AREA_STYLE_COLOUR('',#5638);
#5501=FILL_AREA_STYLE_COLOUR('',#5638);
#5502=FILL_AREA_STYLE_COLOUR('',#5638);
#5503=FILL_AREA_STYLE_COLOUR('',#5638);
#5504=FILL_AREA_STYLE_COLOUR('',#5638);
#5505=FILL_AREA_STYLE_COLOUR('',#5638);
#5506=FILL_AREA_STYLE_COLOUR('',#5638);
#5507=FILL_AREA_STYLE_COLOUR('',#5638);
#5508=FILL_AREA_STYLE_COLOUR('',#5638);
#5509=FILL_AREA_STYLE_COLOUR('',#5638);
#5510=FILL_AREA_STYLE_COLOUR('',#5638);
#5511=FILL_AREA_STYLE_COLOUR('',#5638);
#5512=FILL_AREA_STYLE_COLOUR('',#5638);
#5513=FILL_AREA_STYLE_COLOUR('',#5638);
#5514=FILL_AREA_STYLE_COLOUR('',#5638);
#5515=FILL_AREA_STYLE_COLOUR('',#5638);
#5516=FILL_AREA_STYLE_COLOUR('',#5638);
#5517=FILL_AREA_STYLE_COLOUR('',#5638);
#5518=FILL_AREA_STYLE_COLOUR('',#5638);
#5519=FILL_AREA_STYLE_COLOUR('',#5638);
#5520=FILL_AREA_STYLE_COLOUR('',#5638);
#5521=FILL_AREA_STYLE_COLOUR('',#5638);
#5522=FILL_AREA_STYLE_COLOUR('',#5638);
#5523=FILL_AREA_STYLE_COLOUR('',#5638);
#5524=FILL_AREA_STYLE_COLOUR('',#5638);
#5525=FILL_AREA_STYLE_COLOUR('',#5638);
#5526=FILL_AREA_STYLE_COLOUR('',#5638);
#5527=FILL_AREA_STYLE_COLOUR('',#5638);
#5528=FILL_AREA_STYLE_COLOUR('',#5638);
#5529=FILL_AREA_STYLE_COLOUR('',#5638);
#5530=FILL_AREA_STYLE_COLOUR('',#5638);
#5531=FILL_AREA_STYLE_COLOUR('',#5638);
#5532=FILL_AREA_STYLE_COLOUR('',#5638);
#5533=FILL_AREA_STYLE_COLOUR('',#5638);
#5534=FILL_AREA_STYLE_COLOUR('',#5638);
#5535=FILL_AREA_STYLE_COLOUR('',#5638);
#5536=FILL_AREA_STYLE_COLOUR('',#5638);
#5537=FILL_AREA_STYLE_COLOUR('',#5638);
#5538=FILL_AREA_STYLE_COLOUR('',#5638);
#5539=FILL_AREA_STYLE_COLOUR('',#5638);
#5540=FILL_AREA_STYLE_COLOUR('',#5638);
#5541=FILL_AREA_STYLE_COLOUR('',#5638);
#5542=FILL_AREA_STYLE_COLOUR('',#5638);
#5543=FILL_AREA_STYLE_COLOUR('',#5638);
#5544=FILL_AREA_STYLE_COLOUR('',#5638);
#5545=FILL_AREA_STYLE_COLOUR('',#5638);
#5546=FILL_AREA_STYLE_COLOUR('',#5638);
#5547=FILL_AREA_STYLE_COLOUR('',#5638);
#5548=FILL_AREA_STYLE_COLOUR('',#5638);
#5549=FILL_AREA_STYLE_COLOUR('',#5638);
#5550=FILL_AREA_STYLE_COLOUR('',#5638);
#5551=FILL_AREA_STYLE_COLOUR('',#5638);
#5552=FILL_AREA_STYLE_COLOUR('',#5638);
#5553=FILL_AREA_STYLE_COLOUR('',#5638);
#5554=FILL_AREA_STYLE_COLOUR('',#5638);
#5555=FILL_AREA_STYLE_COLOUR('',#5638);
#5556=FILL_AREA_STYLE_COLOUR('',#5638);
#5557=FILL_AREA_STYLE_COLOUR('',#5638);
#5558=FILL_AREA_STYLE_COLOUR('',#5638);
#5559=FILL_AREA_STYLE_COLOUR('',#5638);
#5560=FILL_AREA_STYLE_COLOUR('',#5638);
#5561=FILL_AREA_STYLE_COLOUR('',#5638);
#5562=FILL_AREA_STYLE_COLOUR('',#5638);
#5563=FILL_AREA_STYLE_COLOUR('',#5638);
#5564=FILL_AREA_STYLE_COLOUR('',#5638);
#5565=FILL_AREA_STYLE_COLOUR('',#5638);
#5566=FILL_AREA_STYLE_COLOUR('',#5638);
#5567=FILL_AREA_STYLE_COLOUR('',#5638);
#5568=FILL_AREA_STYLE_COLOUR('',#5638);
#5569=FILL_AREA_STYLE_COLOUR('',#5638);
#5570=FILL_AREA_STYLE_COLOUR('',#5638);
#5571=FILL_AREA_STYLE_COLOUR('',#5638);
#5572=FILL_AREA_STYLE_COLOUR('',#5638);
#5573=FILL_AREA_STYLE_COLOUR('',#5638);
#5574=FILL_AREA_STYLE_COLOUR('',#5638);
#5575=FILL_AREA_STYLE_COLOUR('',#5638);
#5576=FILL_AREA_STYLE_COLOUR('',#5638);
#5577=FILL_AREA_STYLE_COLOUR('',#5638);
#5578=FILL_AREA_STYLE_COLOUR('',#5638);
#5579=FILL_AREA_STYLE_COLOUR('',#5638);
#5580=FILL_AREA_STYLE_COLOUR('',#5638);
#5581=FILL_AREA_STYLE_COLOUR('',#5638);
#5582=FILL_AREA_STYLE_COLOUR('',#5638);
#5583=FILL_AREA_STYLE_COLOUR('',#5638);
#5584=FILL_AREA_STYLE_COLOUR('',#5638);
#5585=FILL_AREA_STYLE_COLOUR('',#5638);
#5586=FILL_AREA_STYLE_COLOUR('',#5638);
#5587=FILL_AREA_STYLE_COLOUR('',#5638);
#5588=FILL_AREA_STYLE_COLOUR('',#5638);
#5589=FILL_AREA_STYLE_COLOUR('',#5638);
#5590=FILL_AREA_STYLE_COLOUR('',#5638);
#5591=FILL_AREA_STYLE_COLOUR('',#5638);
#5592=FILL_AREA_STYLE_COLOUR('',#5638);
#5593=FILL_AREA_STYLE_COLOUR('',#5638);
#5594=FILL_AREA_STYLE_COLOUR('',#5638);
#5595=FILL_AREA_STYLE_COLOUR('',#5638);
#5596=FILL_AREA_STYLE_COLOUR('',#5638);
#5597=FILL_AREA_STYLE_COLOUR('',#5638);
#5598=FILL_AREA_STYLE_COLOUR('',#5638);
#5599=FILL_AREA_STYLE_COLOUR('',#5638);
#5600=FILL_AREA_STYLE_COLOUR('',#5638);
#5601=FILL_AREA_STYLE_COLOUR('',#5638);
#5602=FILL_AREA_STYLE_COLOUR('',#5638);
#5603=FILL_AREA_STYLE_COLOUR('',#5638);
#5604=FILL_AREA_STYLE_COLOUR('',#5638);
#5605=FILL_AREA_STYLE_COLOUR('',#5638);
#5606=FILL_AREA_STYLE_COLOUR('',#5638);
#5607=FILL_AREA_STYLE_COLOUR('',#5638);
#5608=FILL_AREA_STYLE_COLOUR('',#5638);
#5609=FILL_AREA_STYLE_COLOUR('',#5638);
#5610=FILL_AREA_STYLE_COLOUR('',#5638);
#5611=FILL_AREA_STYLE_COLOUR('',#5638);
#5612=FILL_AREA_STYLE_COLOUR('',#5638);
#5613=FILL_AREA_STYLE_COLOUR('',#5638);
#5614=FILL_AREA_STYLE_COLOUR('',#5638);
#5615=FILL_AREA_STYLE_COLOUR('',#5638);
#5616=FILL_AREA_STYLE_COLOUR('',#5638);
#5617=FILL_AREA_STYLE_COLOUR('',#5638);
#5618=FILL_AREA_STYLE_COLOUR('',#5638);
#5619=FILL_AREA_STYLE_COLOUR('',#5638);
#5620=FILL_AREA_STYLE_COLOUR('',#5638);
#5621=FILL_AREA_STYLE_COLOUR('',#5638);
#5622=FILL_AREA_STYLE_COLOUR('',#5638);
#5623=FILL_AREA_STYLE_COLOUR('',#5638);
#5624=FILL_AREA_STYLE_COLOUR('',#5638);
#5625=FILL_AREA_STYLE_COLOUR('',#5638);
#5626=FILL_AREA_STYLE_COLOUR('',#5638);
#5627=FILL_AREA_STYLE_COLOUR('',#5638);
#5628=FILL_AREA_STYLE_COLOUR('',#5638);
#5629=FILL_AREA_STYLE_COLOUR('',#5638);
#5630=FILL_AREA_STYLE_COLOUR('',#5638);
#5631=FILL_AREA_STYLE_COLOUR('',#5638);
#5632=FILL_AREA_STYLE_COLOUR('',#5638);
#5633=FILL_AREA_STYLE_COLOUR('',#5638);
#5634=FILL_AREA_STYLE_COLOUR('',#5638);
#5635=FILL_AREA_STYLE_COLOUR('',#5638);
#5636=FILL_AREA_STYLE_COLOUR('',#5638);
#5637=COLOUR_RGB('',0.349019607843138,0.376470588235294,0.4);
#5638=COLOUR_RGB('',0.901960784313726,0.87843137254902,0.811764705882353);
#5639=MANIFOLD_SOLID_BREP('Part 3',#4645);
#5640=SHAPE_DEFINITION_REPRESENTATION(#8288,#5641);
#5641=SHAPE_REPRESENTATION('Part 3',(#5642),#8283);
#5642=AXIS2_PLACEMENT_3D('',#7025,#5910,#5911);
#5643=AXIS2_PLACEMENT_3D('',#7026,#5912,#5913);
#5644=AXIS2_PLACEMENT_3D('',#7068,#5934,#5935);
#5645=AXIS2_PLACEMENT_3D('',#7112,#5957,#5958);
#5646=AXIS2_PLACEMENT_3D('',#7116,#5960,#5961);
#5647=AXIS2_PLACEMENT_3D('',#7119,#5963,#5964);
#5648=AXIS2_PLACEMENT_3D('',#7121,#5965,#5966);
#5649=AXIS2_PLACEMENT_3D('',#7123,#5967,#5968);
#5650=AXIS2_PLACEMENT_3D('',#7125,#5969,#5970);
#5651=AXIS2_PLACEMENT_3D('',#7139,#5977,#5978);
#5652=AXIS2_PLACEMENT_3D('',#7144,#5980,#5981);
#5653=AXIS2_PLACEMENT_3D('',#7147,#5983,#5984);
#5654=AXIS2_PLACEMENT_3D('',#7152,#5986,#5987);
#5655=AXIS2_PLACEMENT_3D('',#7155,#5989,#5990);
#5656=AXIS2_PLACEMENT_3D('',#7291,#6058,#6059);
#5657=AXIS2_PLACEMENT_3D('',#7300,#6064,#6065);
#5658=AXIS2_PLACEMENT_3D('',#7302,#6066,#6067);
#5659=AXIS2_PLACEMENT_3D('',#7304,#6068,#6069);
#5660=AXIS2_PLACEMENT_3D('',#7368,#6101,#6102);
#5661=AXIS2_PLACEMENT_3D('',#7369,#6103,#6104);
#5662=AXIS2_PLACEMENT_3D('',#7373,#6106,#6107);
#5663=AXIS2_PLACEMENT_3D('',#7379,#6111,#6112);
#5664=AXIS2_PLACEMENT_3D('',#7388,#6117,#6118);
#5665=AXIS2_PLACEMENT_3D('',#7390,#6119,#6120);
#5666=AXIS2_PLACEMENT_3D('',#7392,#6121,#6122);
#5667=AXIS2_PLACEMENT_3D('',#7394,#6123,#6124);
#5668=AXIS2_PLACEMENT_3D('',#7408,#6131,#6132);
#5669=AXIS2_PLACEMENT_3D('',#7422,#6139,#6140);
#5670=AXIS2_PLACEMENT_3D('',#7425,#6142,#6143);
#5671=AXIS2_PLACEMENT_3D('',#7434,#6148,#6149);
#5672=AXIS2_PLACEMENT_3D('',#7442,#6154,#6155);
#5673=AXIS2_PLACEMENT_3D('',#7456,#6163,#6164);
#5674=AXIS2_PLACEMENT_3D('',#7467,#6171,#6172);
#5675=AXIS2_PLACEMENT_3D('',#7475,#6176,#6177);
#5676=AXIS2_PLACEMENT_3D('',#7476,#6178,#6179);
#5677=AXIS2_PLACEMENT_3D('',#7482,#6183,#6184);
#5678=AXIS2_PLACEMENT_3D('',#7486,#6187,#6188);
#5679=AXIS2_PLACEMENT_3D('',#7492,#6192,#6193);
#5680=AXIS2_PLACEMENT_3D('',#7502,#6199,#6200);
#5681=AXIS2_PLACEMENT_3D('',#7504,#6201,#6202);
#5682=AXIS2_PLACEMENT_3D('',#7506,#6203,#6204);
#5683=AXIS2_PLACEMENT_3D('',#7508,#6205,#6206);
#5684=AXIS2_PLACEMENT_3D('',#7511,#6209,#6210);
#5685=AXIS2_PLACEMENT_3D('',#7522,#6218,#6219);
#5686=AXIS2_PLACEMENT_3D('',#7523,#6220,#6221);
#5687=AXIS2_PLACEMENT_3D('',#7530,#6225,#6226);
#5688=AXIS2_PLACEMENT_3D('',#7538,#6231,#6232);
#5689=AXIS2_PLACEMENT_3D('',#7544,#6236,#6237);
#5690=AXIS2_PLACEMENT_3D('',#7547,#6240,#6241);
#5691=AXIS2_PLACEMENT_3D('',#7550,#6244,#6245);
#5692=AXIS2_PLACEMENT_3D('',#7554,#6248,#6249);
#5693=AXIS2_PLACEMENT_3D('',#7557,#6252,#6253);
#5694=AXIS2_PLACEMENT_3D('',#7558,#6254,#6255);
#5695=AXIS2_PLACEMENT_3D('',#7560,#6257,#6258);
#5696=AXIS2_PLACEMENT_3D('',#7561,#6259,#6260);
#5697=AXIS2_PLACEMENT_3D('',#7562,#6261,#6262);
#5698=AXIS2_PLACEMENT_3D('',#7564,#6264,#6265);
#5699=AXIS2_PLACEMENT_3D('',#7566,#6267,#6268);
#5700=AXIS2_PLACEMENT_3D('',#7567,#6269,#6270);
#5701=AXIS2_PLACEMENT_3D('',#7568,#6271,#6272);
#5702=AXIS2_PLACEMENT_3D('',#7569,#6273,#6274);
#5703=AXIS2_PLACEMENT_3D('',#7570,#6275,#6276);
#5704=AXIS2_PLACEMENT_3D('',#7571,#6277,#6278);
#5705=AXIS2_PLACEMENT_3D('',#7572,#6279,#6280);
#5706=AXIS2_PLACEMENT_3D('',#7573,#6281,#6282);
#5707=AXIS2_PLACEMENT_3D('',#7578,#6286,#6287);
#5708=AXIS2_PLACEMENT_3D('',#7580,#6289,#6290);
#5709=AXIS2_PLACEMENT_3D('',#7584,#6293,#6294);
#5710=AXIS2_PLACEMENT_3D('',#7588,#6297,#6298);
#5711=AXIS2_PLACEMENT_3D('',#7592,#6301,#6302);
#5712=AXIS2_PLACEMENT_3D('',#7593,#6303,#6304);
#5713=AXIS2_PLACEMENT_3D('',#7596,#6306,#6307);
#5714=AXIS2_PLACEMENT_3D('',#7600,#6310,#6311);
#5715=AXIS2_PLACEMENT_3D('',#7602,#6313,#6314);
#5716=AXIS2_PLACEMENT_3D('',#7605,#6317,#6318);
#5717=AXIS2_PLACEMENT_3D('',#7607,#6320,#6321);
#5718=AXIS2_PLACEMENT_3D('',#7608,#6322,#6323);
#5719=AXIS2_PLACEMENT_3D('',#7611,#6326,#6327);
#5720=AXIS2_PLACEMENT_3D('',#7613,#6329,#6330);
#5721=AXIS2_PLACEMENT_3D('',#7614,#6331,#6332);
#5722=AXIS2_PLACEMENT_3D('',#7616,#6334,#6335);
#5723=AXIS2_PLACEMENT_3D('',#7618,#6337,#6338);
#5724=AXIS2_PLACEMENT_3D('',#7620,#6340,#6341);
#5725=AXIS2_PLACEMENT_3D('',#7622,#6343,#6344);
#5726=AXIS2_PLACEMENT_3D('',#7624,#6346,#6347);
#5727=AXIS2_PLACEMENT_3D('',#7625,#6348,#6349);
#5728=AXIS2_PLACEMENT_3D('',#7628,#6352,#6353);
#5729=AXIS2_PLACEMENT_3D('',#7630,#6355,#6356);
#5730=AXIS2_PLACEMENT_3D('',#7632,#6358,#6359);
#5731=AXIS2_PLACEMENT_3D('',#7633,#6360,#6361);
#5732=AXIS2_PLACEMENT_3D('',#7634,#6362,#6363);
#5733=AXIS2_PLACEMENT_3D('',#7637,#6366,#6367);
#5734=AXIS2_PLACEMENT_3D('',#7638,#6368,#6369);
#5735=AXIS2_PLACEMENT_3D('',#7639,#6370,#6371);
#5736=AXIS2_PLACEMENT_3D('',#7640,#6372,#6373);
#5737=AXIS2_PLACEMENT_3D('',#7641,#6374,#6375);
#5738=AXIS2_PLACEMENT_3D('',#7642,#6376,#6377);
#5739=AXIS2_PLACEMENT_3D('',#7648,#6381,#6382);
#5740=AXIS2_PLACEMENT_3D('',#7652,#6385,#6386);
#5741=AXIS2_PLACEMENT_3D('',#7656,#6389,#6390);
#5742=AXIS2_PLACEMENT_3D('',#7660,#6393,#6394);
#5743=AXIS2_PLACEMENT_3D('',#7664,#6397,#6398);
#5744=AXIS2_PLACEMENT_3D('',#7668,#6401,#6402);
#5745=AXIS2_PLACEMENT_3D('',#7672,#6405,#6406);
#5746=AXIS2_PLACEMENT_3D('',#7676,#6409,#6410);
#5747=AXIS2_PLACEMENT_3D('',#7680,#6413,#6414);
#5748=AXIS2_PLACEMENT_3D('',#7684,#6417,#6418);
#5749=AXIS2_PLACEMENT_3D('',#7686,#6420,#6421);
#5750=AXIS2_PLACEMENT_3D('',#7687,#6422,#6423);
#5751=AXIS2_PLACEMENT_3D('',#7693,#6427,#6428);
#5752=AXIS2_PLACEMENT_3D('',#7697,#6431,#6432);
#5753=AXIS2_PLACEMENT_3D('',#7701,#6435,#6436);
#5754=AXIS2_PLACEMENT_3D('',#7705,#6439,#6440);
#5755=AXIS2_PLACEMENT_3D('',#7709,#6443,#6444);
#5756=AXIS2_PLACEMENT_3D('',#7713,#6447,#6448);
#5757=AXIS2_PLACEMENT_3D('',#7717,#6451,#6452);
#5758=AXIS2_PLACEMENT_3D('',#7721,#6455,#6456);
#5759=AXIS2_PLACEMENT_3D('',#7725,#6459,#6460);
#5760=AXIS2_PLACEMENT_3D('',#7734,#6465,#6466);
#5761=AXIS2_PLACEMENT_3D('',#7740,#6470,#6471);
#5762=AXIS2_PLACEMENT_3D('',#7746,#6475,#6476);
#5763=AXIS2_PLACEMENT_3D('',#7749,#6479,#6480);
#5764=AXIS2_PLACEMENT_3D('',#7751,#6482,#6483);
#5765=AXIS2_PLACEMENT_3D('',#7752,#6484,#6485);
#5766=AXIS2_PLACEMENT_3D('',#7753,#6486,#6487);
#5767=AXIS2_PLACEMENT_3D('',#7759,#6491,#6492);
#5768=AXIS2_PLACEMENT_3D('',#7763,#6495,#6496);
#5769=AXIS2_PLACEMENT_3D('',#7767,#6499,#6500);
#5770=AXIS2_PLACEMENT_3D('',#7771,#6503,#6504);
#5771=AXIS2_PLACEMENT_3D('',#7775,#6507,#6508);
#5772=AXIS2_PLACEMENT_3D('',#7779,#6511,#6512);
#5773=AXIS2_PLACEMENT_3D('',#7783,#6515,#6516);
#5774=AXIS2_PLACEMENT_3D('',#7787,#6519,#6520);
#5775=AXIS2_PLACEMENT_3D('',#7791,#6523,#6524);
#5776=AXIS2_PLACEMENT_3D('',#7795,#6527,#6528);
#5777=AXIS2_PLACEMENT_3D('',#7799,#6531,#6532);
#5778=AXIS2_PLACEMENT_3D('',#7801,#6534,#6535);
#5779=AXIS2_PLACEMENT_3D('',#7802,#6536,#6537);
#5780=AXIS2_PLACEMENT_3D('',#7811,#6542,#6543);
#5781=AXIS2_PLACEMENT_3D('',#7817,#6547,#6548);
#5782=AXIS2_PLACEMENT_3D('',#7823,#6552,#6553);
#5783=AXIS2_PLACEMENT_3D('',#7829,#6557,#6558);
#5784=AXIS2_PLACEMENT_3D('',#7835,#6562,#6563);
#5785=AXIS2_PLACEMENT_3D('',#7839,#6566,#6567);
#5786=AXIS2_PLACEMENT_3D('',#7843,#6570,#6571);
#5787=AXIS2_PLACEMENT_3D('',#7847,#6574,#6575);
#5788=AXIS2_PLACEMENT_3D('',#7851,#6578,#6579);
#5789=AXIS2_PLACEMENT_3D('',#7855,#6582,#6583);
#5790=AXIS2_PLACEMENT_3D('',#7859,#6586,#6587);
#5791=AXIS2_PLACEMENT_3D('',#7863,#6590,#6591);
#5792=AXIS2_PLACEMENT_3D('',#7865,#6593,#6594);
#5793=AXIS2_PLACEMENT_3D('',#7868,#6597,#6598);
#5794=AXIS2_PLACEMENT_3D('',#7869,#6599,#6600);
#5795=AXIS2_PLACEMENT_3D('',#7875,#6604,#6605);
#5796=AXIS2_PLACEMENT_3D('',#7879,#6608,#6609);
#5797=AXIS2_PLACEMENT_3D('',#7883,#6612,#6613);
#5798=AXIS2_PLACEMENT_3D('',#7887,#6616,#6617);
#5799=AXIS2_PLACEMENT_3D('',#7891,#6620,#6621);
#5800=AXIS2_PLACEMENT_3D('',#7893,#6623,#6624);
#5801=AXIS2_PLACEMENT_3D('',#7894,#6625,#6626);
#5802=AXIS2_PLACEMENT_3D('',#7903,#6631,#6632);
#5803=AXIS2_PLACEMENT_3D('',#7909,#6636,#6637);
#5804=AXIS2_PLACEMENT_3D('',#7915,#6641,#6642);
#5805=AXIS2_PLACEMENT_3D('',#7921,#6646,#6647);
#5806=AXIS2_PLACEMENT_3D('',#7925,#6650,#6651);
#5807=AXIS2_PLACEMENT_3D('',#7929,#6654,#6655);
#5808=AXIS2_PLACEMENT_3D('',#7933,#6658,#6659);
#5809=AXIS2_PLACEMENT_3D('',#7937,#6662,#6663);
#5810=AXIS2_PLACEMENT_3D('',#7941,#6666,#6667);
#5811=AXIS2_PLACEMENT_3D('',#7945,#6670,#6671);
#5812=AXIS2_PLACEMENT_3D('',#7949,#6674,#6675);
#5813=AXIS2_PLACEMENT_3D('',#7953,#6678,#6679);
#5814=AXIS2_PLACEMENT_3D('',#7955,#6681,#6682);
#5815=AXIS2_PLACEMENT_3D('',#7958,#6685,#6686);
#5816=AXIS2_PLACEMENT_3D('',#7959,#6687,#6688);
#5817=AXIS2_PLACEMENT_3D('',#7965,#6692,#6693);
#5818=AXIS2_PLACEMENT_3D('',#7969,#6696,#6697);
#5819=AXIS2_PLACEMENT_3D('',#7973,#6700,#6701);
#5820=AXIS2_PLACEMENT_3D('',#7977,#6704,#6705);
#5821=AXIS2_PLACEMENT_3D('',#7981,#6708,#6709);
#5822=AXIS2_PLACEMENT_3D('',#7985,#6712,#6713);
#5823=AXIS2_PLACEMENT_3D('',#7989,#6716,#6717);
#5824=AXIS2_PLACEMENT_3D('',#7993,#6720,#6721);
#5825=AXIS2_PLACEMENT_3D('',#7997,#6724,#6725);
#5826=AXIS2_PLACEMENT_3D('',#8001,#6728,#6729);
#5827=AXIS2_PLACEMENT_3D('',#8005,#6732,#6733);
#5828=AXIS2_PLACEMENT_3D('',#8009,#6736,#6737);
#5829=AXIS2_PLACEMENT_3D('',#8013,#6740,#6741);
#5830=AXIS2_PLACEMENT_3D('',#8017,#6744,#6745);
#5831=AXIS2_PLACEMENT_3D('',#8021,#6748,#6749);
#5832=AXIS2_PLACEMENT_3D('',#8025,#6752,#6753);
#5833=AXIS2_PLACEMENT_3D('',#8027,#6755,#6756);
#5834=AXIS2_PLACEMENT_3D('',#8028,#6757,#6758);
#5835=AXIS2_PLACEMENT_3D('',#8034,#6762,#6763);
#5836=AXIS2_PLACEMENT_3D('',#8038,#6766,#6767);
#5837=AXIS2_PLACEMENT_3D('',#8042,#6770,#6771);
#5838=AXIS2_PLACEMENT_3D('',#8046,#6774,#6775);
#5839=AXIS2_PLACEMENT_3D('',#8050,#6778,#6779);
#5840=AXIS2_PLACEMENT_3D('',#8054,#6782,#6783);
#5841=AXIS2_PLACEMENT_3D('',#8058,#6786,#6787);
#5842=AXIS2_PLACEMENT_3D('',#8062,#6790,#6791);
#5843=AXIS2_PLACEMENT_3D('',#8066,#6794,#6795);
#5844=AXIS2_PLACEMENT_3D('',#8075,#6800,#6801);
#5845=AXIS2_PLACEMENT_3D('',#8081,#6805,#6806);
#5846=AXIS2_PLACEMENT_3D('',#8087,#6810,#6811);
#5847=AXIS2_PLACEMENT_3D('',#8090,#6814,#6815);
#5848=AXIS2_PLACEMENT_3D('',#8092,#6817,#6818);
#5849=AXIS2_PLACEMENT_3D('',#8093,#6819,#6820);
#5850=AXIS2_PLACEMENT_3D('',#8094,#6821,#6822);
#5851=AXIS2_PLACEMENT_3D('',#8100,#6826,#6827);
#5852=AXIS2_PLACEMENT_3D('',#8104,#6830,#6831);
#5853=AXIS2_PLACEMENT_3D('',#8108,#6834,#6835);
#5854=AXIS2_PLACEMENT_3D('',#8112,#6838,#6839);
#5855=AXIS2_PLACEMENT_3D('',#8116,#6842,#6843);
#5856=AXIS2_PLACEMENT_3D('',#8120,#6846,#6847);
#5857=AXIS2_PLACEMENT_3D('',#8124,#6850,#6851);
#5858=AXIS2_PLACEMENT_3D('',#8128,#6854,#6855);
#5859=AXIS2_PLACEMENT_3D('',#8132,#6858,#6859);
#5860=AXIS2_PLACEMENT_3D('',#8136,#6862,#6863);
#5861=AXIS2_PLACEMENT_3D('',#8138,#6865,#6866);
#5862=AXIS2_PLACEMENT_3D('',#8139,#6867,#6868);
#5863=AXIS2_PLACEMENT_3D('',#8140,#6869,#6870);
#5864=AXIS2_PLACEMENT_3D('',#8141,#6871,#6872);
#5865=AXIS2_PLACEMENT_3D('',#8147,#6876,#6877);
#5866=AXIS2_PLACEMENT_3D('',#8151,#6880,#6881);
#5867=AXIS2_PLACEMENT_3D('',#8153,#6883,#6884);
#5868=AXIS2_PLACEMENT_3D('',#8154,#6885,#6886);
#5869=AXIS2_PLACEMENT_3D('',#8160,#6890,#6891);
#5870=AXIS2_PLACEMENT_3D('',#8164,#6894,#6895);
#5871=AXIS2_PLACEMENT_3D('',#8166,#6897,#6898);
#5872=AXIS2_PLACEMENT_3D('',#8167,#6899,#6900);
#5873=AXIS2_PLACEMENT_3D('',#8173,#6904,#6905);
#5874=AXIS2_PLACEMENT_3D('',#8177,#6908,#6909);
#5875=AXIS2_PLACEMENT_3D('',#8179,#6911,#6912);
#5876=AXIS2_PLACEMENT_3D('',#8180,#6913,#6914);
#5877=AXIS2_PLACEMENT_3D('',#8186,#6918,#6919);
#5878=AXIS2_PLACEMENT_3D('',#8190,#6922,#6923);
#5879=AXIS2_PLACEMENT_3D('',#8194,#6926,#6927);
#5880=AXIS2_PLACEMENT_3D('',#8196,#6929,#6930);
#5881=AXIS2_PLACEMENT_3D('',#8197,#6931,#6932);
#5882=AXIS2_PLACEMENT_3D('',#8203,#6936,#6937);
#5883=AXIS2_PLACEMENT_3D('',#8207,#6940,#6941);
#5884=AXIS2_PLACEMENT_3D('',#8211,#6944,#6945);
#5885=AXIS2_PLACEMENT_3D('',#8213,#6947,#6948);
#5886=AXIS2_PLACEMENT_3D('',#8214,#6949,#6950);
#5887=AXIS2_PLACEMENT_3D('',#8220,#6954,#6955);
#5888=AXIS2_PLACEMENT_3D('',#8224,#6958,#6959);
#5889=AXIS2_PLACEMENT_3D('',#8228,#6962,#6963);
#5890=AXIS2_PLACEMENT_3D('',#8230,#6965,#6966);
#5891=AXIS2_PLACEMENT_3D('',#8231,#6967,#6968);
#5892=AXIS2_PLACEMENT_3D('',#8237,#6972,#6973);
#5893=AXIS2_PLACEMENT_3D('',#8241,#6976,#6977);
#5894=AXIS2_PLACEMENT_3D('',#8245,#6980,#6981);
#5895=AXIS2_PLACEMENT_3D('',#8247,#6983,#6984);
#5896=AXIS2_PLACEMENT_3D('',#8248,#6985,#6986);
#5897=AXIS2_PLACEMENT_3D('',#8254,#6990,#6991);
#5898=AXIS2_PLACEMENT_3D('',#8257,#6993,#6994);
#5899=AXIS2_PLACEMENT_3D('',#8258,#6995,#6996);
#5900=AXIS2_PLACEMENT_3D('',#8262,#6999,#7000);
#5901=AXIS2_PLACEMENT_3D('',#8263,#7001,#7002);
#5902=AXIS2_PLACEMENT_3D('',#8264,#7003,#7004);
#5903=AXIS2_PLACEMENT_3D('',#8265,#7005,#7006);
#5904=AXIS2_PLACEMENT_3D('',#8271,#7010,#7011);
#5905=AXIS2_PLACEMENT_3D('',#8274,#7013,#7014);
#5906=AXIS2_PLACEMENT_3D('',#8275,#7015,#7016);
#5907=AXIS2_PLACEMENT_3D('',#8279,#7019,#7020);
#5908=AXIS2_PLACEMENT_3D('',#8280,#7021,#7022);
#5909=AXIS2_PLACEMENT_3D('',#8281,#7023,#7024);
#5910=DIRECTION('',(0.,0.,1.));
#5911=DIRECTION('',(1.,0.,0.));
#5912=DIRECTION('',(0.,0.,-1.));
#5913=DIRECTION('',(-1.,0.,0.));
#5914=DIRECTION('',(-0.700704897290963,-0.713451222518023,0.));
#5915=DIRECTION('',(0.,-1.,0.));
#5916=DIRECTION('',(-0.635296613215406,0.772268226225212,0.));
#5917=DIRECTION('',(0.,-1.,0.));
#5918=DIRECTION('',(0.,-1.,0.));
#5919=DIRECTION('',(1.,0.,0.));
#5920=DIRECTION('',(0.,-1.,0.));
#5921=DIRECTION('',(1.,0.,0.));
#5922=DIRECTION('',(0.,-1.,0.));
#5923=DIRECTION('',(1.,0.,0.));
#5924=DIRECTION('',(0.,-1.,0.));
#5925=DIRECTION('',(1.,0.,0.));
#5926=DIRECTION('',(0.,-1.,0.));
#5927=DIRECTION('',(1.,0.,0.));
#5928=DIRECTION('',(0.,-1.,0.));
#5929=DIRECTION('',(1.,0.,0.));
#5930=DIRECTION('',(-0.8,0.6,0.));
#5931=DIRECTION('',(0.8,0.599999999999993,0.));
#5932=DIRECTION('',(0.,-1.,0.));
#5933=DIRECTION('',(0.,-1.,0.));
#5934=DIRECTION('',(0.,0.,-1.));
#5935=DIRECTION('',(-1.,0.,0.));
#5936=DIRECTION('',(1.,0.,7.21644966006352E-16));
#5937=DIRECTION('',(0.,-1.,0.));
#5938=DIRECTION('',(1.,2.334869823773E-16,0.));
#5939=DIRECTION('',(0.,1.,0.));
#5940=DIRECTION('',(1.,0.,0.));
#5941=DIRECTION('',(0.,1.,0.));
#5942=DIRECTION('',(-1.,0.,0.));
#5943=DIRECTION('',(0.,-1.,0.));
#5944=DIRECTION('',(1.,0.,0.));
#5945=DIRECTION('',(0.,1.,0.));
#5946=DIRECTION('',(1.,0.,0.));
#5947=DIRECTION('',(0.,-1.,0.));
#5948=DIRECTION('',(1.,0.,0.));
#5949=DIRECTION('',(0.,-1.,0.));
#5950=DIRECTION('',(1.,0.,0.));
#5951=DIRECTION('',(1.,0.,0.));
#5952=DIRECTION('',(0.,1.,0.));
#5953=DIRECTION('',(1.,0.,0.));
#5954=DIRECTION('',(0.,1.,0.));
#5955=DIRECTION('',(1.,0.,0.));
#5956=DIRECTION('',(0.,1.,0.));
#5957=DIRECTION('',(0.,0.,-1.));
#5958=DIRECTION('',(-1.,0.,0.));
#5959=DIRECTION('',(1.,0.,0.));
#5960=DIRECTION('',(0.,0.,-1.));
#5961=DIRECTION('',(-1.,0.,0.));
#5962=DIRECTION('',(0.,1.,0.));
#5963=DIRECTION('',(0.,0.,1.));
#5964=DIRECTION('',(1.,0.,0.));
#5965=DIRECTION('',(0.,0.,1.));
#5966=DIRECTION('',(1.,0.,0.));
#5967=DIRECTION('',(0.,0.,1.));
#5968=DIRECTION('',(1.,0.,0.));
#5969=DIRECTION('',(0.,0.,1.));
#5970=DIRECTION('',(1.,0.,0.));
#5971=DIRECTION('',(0.8,-0.599999999999991,0.));
#5972=DIRECTION('',(-0.8,-0.6,0.));
#5973=DIRECTION('',(0.,1.,0.));
#5974=DIRECTION('',(-0.599999999999988,-0.800000000000009,0.));
#5975=DIRECTION('',(-0.6,0.8,0.));
#5976=DIRECTION('',(1.,0.,0.));
#5977=DIRECTION('',(0.,0.,1.));
#5978=DIRECTION('',(1.,0.,0.));
#5979=DIRECTION('',(-0.645154903488299,0.764051798312787,0.));
#5980=DIRECTION('',(0.,0.,1.));
#5981=DIRECTION('',(1.,0.,0.));
#5982=DIRECTION('',(0.690399259386919,0.723428547016217,0.));
#5983=DIRECTION('',(0.,0.,1.));
#5984=DIRECTION('',(1.,0.,0.));
#5985=DIRECTION('',(-0.645154903488301,0.764051798312785,0.));
#5986=DIRECTION('',(0.,0.,1.));
#5987=DIRECTION('',(1.,0.,0.));
#5988=DIRECTION('',(0.690399259386947,0.72342854701619,0.));
#5989=DIRECTION('',(0.,0.,1.));
#5990=DIRECTION('',(1.,0.,0.));
#5991=DIRECTION('',(1.,0.,0.));
#5992=DIRECTION('',(-0.489369791235339,-0.872076377060106,0.));
#5993=DIRECTION('',(0.490044501782294,-0.871697416695119,0.));
#5994=DIRECTION('',(-1.,0.,0.));
#5995=DIRECTION('',(0.,1.,0.));
#5996=DIRECTION('',(1.,0.,0.));
#5997=DIRECTION('',(-0.501998144695559,0.864868696810225,0.));
#5998=DIRECTION('',(0.537817715047136,0.843061151626309,0.));
#5999=DIRECTION('',(-1.,0.,0.));
#6000=DIRECTION('',(-0.00540299882657205,0.999985403695314,0.));
#6001=DIRECTION('',(0.,1.,0.));
#6002=DIRECTION('',(0.,-1.,0.));
#6003=DIRECTION('',(-1.,0.,0.));
#6004=DIRECTION('',(0.,-1.,0.));
#6005=DIRECTION('',(1.,0.,0.));
#6006=DIRECTION('',(0.505043410590064,0.863093942406942,0.));
#6007=DIRECTION('',(1.,0.,0.));
#6008=DIRECTION('',(0.532498467378119,-0.846430967202851,0.));
#6009=DIRECTION('',(1.,0.,0.));
#6010=DIRECTION('',(0.,1.,0.));
#6011=DIRECTION('',(1.,0.,0.));
#6012=DIRECTION('',(0.,-1.,0.));
#6013=DIRECTION('',(-1.,0.,0.));
#6014=DIRECTION('',(-0.501898530076399,0.864926508731898,0.));
#6015=DIRECTION('',(-0.505043410590075,-0.863093942406935,0.));
#6016=DIRECTION('',(-1.,0.,0.));
#6017=DIRECTION('',(0.,1.,0.));
#6018=DIRECTION('',(0.99994057951238,0.0109012588468894,0.));
#6019=DIRECTION('',(0.,-1.,0.));
#6020=DIRECTION('',(-1.,0.,0.));
#6021=DIRECTION('',(0.505043410590068,0.863093942406939,0.));
#6022=DIRECTION('',(-1.,0.,0.));
#6023=DIRECTION('',(0.,1.,0.));
#6024=DIRECTION('',(1.,0.,0.));
#6025=DIRECTION('',(0.50504341059006,0.863093942406944,0.));
#6026=DIRECTION('',(1.,0.,0.));
#6027=DIRECTION('',(-0.505043410590089,-0.863093942406927,0.));
#6028=DIRECTION('',(1.,0.,0.));
#6029=DIRECTION('',(0.,-1.,0.));
#6030=DIRECTION('',(-1.,0.,0.));
#6031=DIRECTION('',(0.,-1.,0.));
#6032=DIRECTION('',(-1.,0.,0.));
#6033=DIRECTION('',(0.,1.,0.));
#6034=DIRECTION('',(0.999999266287555,-0.00121137291998771,0.));
#6035=DIRECTION('',(-1.,0.,0.));
#6036=DIRECTION('',(0.,1.,0.));
#6037=DIRECTION('',(1.,0.,0.));
#6038=DIRECTION('',(0.,-1.,0.));
#6039=DIRECTION('',(1.,0.,0.));
#6040=DIRECTION('',(0.,1.,0.));
#6041=DIRECTION('',(-1.,0.,0.));
#6042=DIRECTION('',(0.515609106410011,0.856823931380929,0.));
#6043=DIRECTION('',(1.,0.,0.));
#6044=DIRECTION('',(0.,-1.,0.));
#6045=DIRECTION('',(0.,1.,0.));
#6046=DIRECTION('',(1.,0.,0.));
#6047=DIRECTION('',(0.,1.,0.));
#6048=DIRECTION('',(1.,0.,0.));
#6049=DIRECTION('',(0.,-1.,0.));
#6050=DIRECTION('',(-1.,0.,0.));
#6051=DIRECTION('',(0.,-1.,0.));
#6052=DIRECTION('',(-1.,0.,0.));
#6053=DIRECTION('',(0.,-1.,0.));
#6054=DIRECTION('',(-1.,0.,0.));
#6055=DIRECTION('',(-0.72703119176502,0.686604432115563,0.));
#6056=DIRECTION('',(0.,-1.,0.));
#6057=DIRECTION('',(-1.,0.,0.));
#6058=DIRECTION('',(0.,0.,1.));
#6059=DIRECTION('',(1.,0.,0.));
#6060=DIRECTION('',(0.,-1.,0.));
#6061=DIRECTION('',(-1.,0.,0.));
#6062=DIRECTION('',(0.,-1.,0.));
#6063=DIRECTION('',(-1.,0.,0.));
#6064=DIRECTION('',(0.,0.,1.));
#6065=DIRECTION('',(1.,0.,0.));
#6066=DIRECTION('',(0.,0.,1.));
#6067=DIRECTION('',(1.,0.,0.));
#6068=DIRECTION('',(0.,0.,1.));
#6069=DIRECTION('',(1.,0.,0.));
#6070=DIRECTION('',(-0.502061404552901,-0.864831975622068,0.));
#6071=DIRECTION('',(-1.,0.,0.));
#6072=DIRECTION('',(0.,-1.,0.));
#6073=DIRECTION('',(1.,0.,0.));
#6074=DIRECTION('',(-0.505244354568645,-0.862976327703439,0.));
#6075=DIRECTION('',(-1.,0.,0.));
#6076=DIRECTION('',(0.,1.,0.));
#6077=DIRECTION('',(1.,0.,0.));
#6078=DIRECTION('',(0.,-1.,0.));
#6079=DIRECTION('',(1.,0.,0.));
#6080=DIRECTION('',(0.,1.,0.));
#6081=DIRECTION('',(0.999999657549175,0.000827587779587161,0.));
#6082=DIRECTION('',(0.505043410590071,0.863093942406937,0.));
#6083=DIRECTION('',(-0.999999266287555,0.00121137291999152,0.));
#6084=DIRECTION('',(0.00121137291998142,0.999999266287555,0.));
#6085=DIRECTION('',(0.999999266287555,-0.00121137291998732,0.));
#6086=DIRECTION('',(0.,-1.,0.));
#6087=DIRECTION('',(-1.,0.,0.));
#6088=DIRECTION('',(0.773999631296633,-0.633186047503162,0.));
#6089=DIRECTION('',(0.,-1.,0.));
#6090=DIRECTION('',(-1.,0.,0.));
#6091=DIRECTION('',(0.,-1.,0.));
#6092=DIRECTION('',(-0.999998957399128,0.00144402238812187,0.));
#6093=DIRECTION('',(-0.498125445933489,-0.867104976409179,0.));
#6094=DIRECTION('',(-1.,0.,0.));
#6095=DIRECTION('',(0.505104575911037,0.863058148327059,0.));
#6096=DIRECTION('',(-1.,0.,0.));
#6097=DIRECTION('',(0.,1.,0.));
#6098=DIRECTION('',(1.,0.,0.));
#6099=DIRECTION('',(-0.505043410590067,-0.863093942406939,0.));
#6100=DIRECTION('',(1.,0.,0.));
#6101=DIRECTION('',(2.334869823773E-16,-1.,0.));
#6102=DIRECTION('',(1.,2.334869823773E-16,0.));
#6103=DIRECTION('',(2.334869823773E-16,-1.,0.));
#6104=DIRECTION('',(1.,2.334869823773E-16,0.));
#6105=DIRECTION('',(1.,0.,7.21644966006352E-16));
#6106=DIRECTION('',(0.,-1.,0.));
#6107=DIRECTION('',(0.,0.,-1.));
#6108=DIRECTION('',(0.,0.,1.));
#6109=DIRECTION('',(0.,0.,-1.));
#6110=DIRECTION('',(-1.,0.,0.));
#6111=DIRECTION('',(0.,0.,-1.));
#6112=DIRECTION('',(-1.,0.,0.));
#6113=DIRECTION('',(-1.,0.,0.));
#6114=DIRECTION('',(0.,1.,0.));
#6115=DIRECTION('',(-1.,0.,0.));
#6116=DIRECTION('',(0.,1.,0.));
#6117=DIRECTION('',(0.,0.,-1.));
#6118=DIRECTION('',(-1.,0.,0.));
#6119=DIRECTION('',(0.,0.,-1.));
#6120=DIRECTION('',(-1.,0.,0.));
#6121=DIRECTION('',(0.,0.,-1.));
#6122=DIRECTION('',(-1.,0.,0.));
#6123=DIRECTION('',(0.,0.,-1.));
#6124=DIRECTION('',(-1.,0.,0.));
#6125=DIRECTION('',(1.,0.,0.));
#6126=DIRECTION('',(0.,1.,0.));
#6127=DIRECTION('',(1.,0.,0.));
#6128=DIRECTION('',(0.,1.,0.));
#6129=DIRECTION('',(-1.,0.,0.));
#6130=DIRECTION('',(0.,1.,0.));
#6131=DIRECTION('',(0.,0.,-1.));
#6132=DIRECTION('',(-1.,0.,0.));
#6133=DIRECTION('',(0.,1.,0.));
#6134=DIRECTION('',(0.,1.,0.));
#6135=DIRECTION('',(1.,0.,0.));
#6136=DIRECTION('',(0.,-1.,0.));
#6137=DIRECTION('',(-1.,0.,0.));
#6138=DIRECTION('',(0.,1.,0.));
#6139=DIRECTION('',(0.,0.,-1.));
#6140=DIRECTION('',(-1.,0.,0.));
#6141=DIRECTION('',(1.,0.,0.));
#6142=DIRECTION('',(0.,0.,-1.));
#6143=DIRECTION('',(-1.,0.,0.));
#6144=DIRECTION('',(0.,1.,0.));
#6145=DIRECTION('',(1.,0.,7.21644966006352E-16));
#6146=DIRECTION('',(0.,1.,0.));
#6147=DIRECTION('',(1.,0.,0.));
#6148=DIRECTION('',(0.,1.,0.));
#6149=DIRECTION('',(0.,0.,1.));
#6150=DIRECTION('',(0.,0.,1.));
#6151=DIRECTION('',(-1.,0.,0.));
#6152=DIRECTION('',(0.,0.,1.));
#6153=DIRECTION('',(0.5,0.,0.866025403784438));
#6154=DIRECTION('',(-0.866025403784438,0.,0.5));
#6155=DIRECTION('',(0.5,0.,0.866025403784438));
#6156=DIRECTION('',(-0.5,0.,-0.866025403784438));
#6157=DIRECTION('',(0.,-1.,0.));
#6158=DIRECTION('',(-0.5,0.,-0.866025403784438));
#6159=DIRECTION('',(0.,-1.,0.));
#6160=DIRECTION('',(-0.5,0.,-0.866025403784438));
#6161=DIRECTION('',(0.,1.,0.));
#6162=DIRECTION('',(0.377964473009228,-0.654653670707977,0.654653670707977));
#6163=DIRECTION('',(-0.866025403784438,0.,0.5));
#6164=DIRECTION('',(0.5,0.,0.866025403784438));
#6165=DIRECTION('',(0.,-1.,0.));
#6166=DIRECTION('',(-0.377964473009228,0.654653670707977,-0.654653670707977));
#6167=DIRECTION('',(-0.5,0.,-0.866025403784438));
#6168=DIRECTION('',(-0.377964473009228,0.654653670707977,-0.654653670707977));
#6169=DIRECTION('',(0.377964473009228,0.654653670707977,0.654653670707977));
#6170=DIRECTION('',(-0.5,0.,-0.866025403784438));
#6171=DIRECTION('',(0.,0.,1.));
#6172=DIRECTION('',(1.,0.,0.));
#6173=DIRECTION('',(-1.,0.,0.));
#6174=DIRECTION('',(0.,-1.,0.));
#6175=DIRECTION('',(-1.,0.,0.));
#6176=DIRECTION('',(0.,0.,1.));
#6177=DIRECTION('',(1.,0.,0.));
#6178=DIRECTION('',(0.,0.,-1.));
#6179=DIRECTION('',(-1.,0.,0.));
#6180=DIRECTION('',(0.,-1.,0.));
#6181=DIRECTION('',(-1.,0.,0.));
#6182=DIRECTION('',(1.,0.,0.));
#6183=DIRECTION('',(-0.866025403784438,0.,0.5));
#6184=DIRECTION('',(0.5,0.,0.866025403784438));
#6185=DIRECTION('',(0.377964473009228,0.654653670707977,0.654653670707977));
#6186=DIRECTION('',(-0.5,0.,-0.866025403784438));
#6187=DIRECTION('',(0.,0.,-1.));
#6188=DIRECTION('',(-1.,0.,0.));
#6189=DIRECTION('',(-1.,0.,0.));
#6190=DIRECTION('',(0.,-1.,0.));
#6191=DIRECTION('',(1.,0.,0.));
#6192=DIRECTION('',(0.,0.,-1.));
#6193=DIRECTION('',(-1.,0.,0.));
#6194=DIRECTION('',(1.,0.,0.));
#6195=DIRECTION('',(0.,-1.,0.));
#6196=DIRECTION('',(1.,0.,0.));
#6197=DIRECTION('',(0.,1.,0.));
#6198=DIRECTION('',(1.,0.,0.));
#6199=DIRECTION('',(0.,0.,-1.));
#6200=DIRECTION('',(-1.,0.,0.));
#6201=DIRECTION('',(0.,0.,-1.));
#6202=DIRECTION('',(-1.,0.,0.));
#6203=DIRECTION('',(0.,0.,-1.));
#6204=DIRECTION('',(-1.,0.,0.));
#6205=DIRECTION('',(1.,0.,0.));
#6206=DIRECTION('',(0.,0.,-1.));
#6207=DIRECTION('',(0.,0.,1.));
#6208=DIRECTION('',(0.,0.,-1.));
#6209=DIRECTION('',(-1.,0.,0.));
#6210=DIRECTION('',(0.,0.,1.));
#6211=DIRECTION('',(0.,0.707106781186548,-0.707106781186547));
#6212=DIRECTION('',(0.,0.,1.));
#6213=DIRECTION('',(0.,-0.707106781186548,0.707106781186548));
#6214=DIRECTION('',(0.,0.,1.));
#6215=DIRECTION('',(0.,-0.707106781186548,0.707106781186548));
#6216=DIRECTION('',(0.,0.,-1.));
#6217=DIRECTION('',(0.,0.,1.));
#6218=DIRECTION('',(0.,1.,0.));
#6219=DIRECTION('',(-1.,0.,0.));
#6220=DIRECTION('',(0.,-1.,0.));
#6221=DIRECTION('',(1.,0.,0.));
#6222=DIRECTION('',(0.,0.,-1.));
#6223=DIRECTION('',(0.,0.,-1.));
#6224=DIRECTION('',(1.,0.,0.));
#6225=DIRECTION('',(0.,1.,0.));
#6226=DIRECTION('',(0.,0.,1.));
#6227=DIRECTION('',(-1.,0.,0.));
#6228=DIRECTION('',(-0.707106781186548,0.,-0.707106781186548));
#6229=DIRECTION('',(-0.707106781186548,0.,-0.707106781186548));
#6230=DIRECTION('',(-1.,0.,0.));
#6231=DIRECTION('',(0.,1.,0.));
#6232=DIRECTION('',(0.,0.,1.));
#6233=DIRECTION('',(1.,0.,0.));
#6234=DIRECTION('',(0.707106781186548,0.,-0.707106781186547));
#6235=DIRECTION('',(-0.707106781186548,0.,-0.707106781186548));
#6236=DIRECTION('',(0.,1.,0.));
#6237=DIRECTION('',(0.,0.,1.));
#6238=DIRECTION('',(-1.,0.,0.));
#6239=DIRECTION('',(1.,0.,0.));
#6240=DIRECTION('',(0.,0.,-1.));
#6241=DIRECTION('',(-1.,0.,0.));
#6242=DIRECTION('',(0.,-0.707106781186547,-0.707106781186548));
#6243=DIRECTION('',(-0.707106781186547,-4.32978028117746E-17,-0.707106781186548));
#6244=DIRECTION('',(0.,0.,-1.));
#6245=DIRECTION('',(-1.,0.,0.));
#6246=DIRECTION('',(-0.707106781186547,-4.32978028117746E-17,-0.707106781186548));
#6247=DIRECTION('',(0.,-0.707106781186547,-0.707106781186548));
#6248=DIRECTION('',(0.707106781186548,0.,-0.707106781186548));
#6249=DIRECTION('',(-0.707106781186548,0.,-0.707106781186548));
#6250=DIRECTION('',(0.707106781186548,0.,0.707106781186548));
#6251=DIRECTION('',(0.707106781186548,0.,0.707106781186548));
#6252=DIRECTION('',(0.707106781186548,0.,-0.707106781186548));
#6253=DIRECTION('',(-0.707106781186548,0.,-0.707106781186548));
#6254=DIRECTION('',(0.,1.,0.));
#6255=DIRECTION('',(0.,0.,1.));
#6256=DIRECTION('',(-1.,0.,0.));
#6257=DIRECTION('',(0.,0.707106781186548,-0.707106781186547));
#6258=DIRECTION('',(0.,0.707106781186547,0.707106781186548));
#6259=DIRECTION('',(0.,0.707106781186548,-0.707106781186547));
#6260=DIRECTION('',(0.,0.707106781186547,0.707106781186548));
#6261=DIRECTION('',(0.,1.,0.));
#6262=DIRECTION('',(0.,0.,1.));
#6263=DIRECTION('',(1.,0.,0.));
#6264=DIRECTION('',(1.,0.,0.));
#6265=DIRECTION('',(0.,0.,-1.));
#6266=DIRECTION('',(0.,-0.707106781186548,0.707106781186547));
#6267=DIRECTION('',(0.,-0.707106781186548,-0.707106781186548));
#6268=DIRECTION('',(1.,0.,0.));
#6269=DIRECTION('',(0.,0.707106781186548,0.707106781186548));
#6270=DIRECTION('',(-1.,0.,0.));
#6271=DIRECTION('',(0.,-0.707106781186547,-0.707106781186548));
#6272=DIRECTION('',(1.,0.,0.));
#6273=DIRECTION('',(0.,0.,1.));
#6274=DIRECTION('',(1.,0.,0.));
#6275=DIRECTION('',(0.,0.,1.));
#6276=DIRECTION('',(1.,0.,0.));
#6277=DIRECTION('',(0.,0.,1.));
#6278=DIRECTION('',(1.,0.,0.));
#6279=DIRECTION('',(0.,0.,1.));
#6280=DIRECTION('',(1.,0.,0.));
#6281=DIRECTION('',(0.,0.,-1.));
#6282=DIRECTION('',(-1.,0.,0.));
#6283=DIRECTION('',(-1.,-2.334869823773E-16,0.));
#6284=DIRECTION('',(0.,1.,0.));
#6285=DIRECTION('',(0.,1.,0.));
#6286=DIRECTION('',(0.,1.,0.));
#6287=DIRECTION('',(0.,0.,1.));
#6288=DIRECTION('',(0.,1.,0.));
#6289=DIRECTION('',(0.,0.,1.));
#6290=DIRECTION('',(1.,0.,0.));
#6291=DIRECTION('',(1.,2.334869823773E-16,0.));
#6292=DIRECTION('',(0.,1.,0.));
#6293=DIRECTION('',(1.,0.,0.));
#6294=DIRECTION('',(0.,0.,-1.));
#6295=DIRECTION('',(0.,0.,-1.));
#6296=DIRECTION('',(0.,1.,0.));
#6297=DIRECTION('',(0.,0.,1.));
#6298=DIRECTION('',(1.,0.,0.));
#6299=DIRECTION('',(1.,2.334869823773E-16,0.));
#6300=DIRECTION('',(0.,1.,0.));
#6301=DIRECTION('',(0.,1.,0.));
#6302=DIRECTION('',(0.,0.,1.));
#6303=DIRECTION('',(2.334869823773E-16,-1.,0.));
#6304=DIRECTION('',(1.,2.334869823773E-16,0.));
#6305=DIRECTION('',(0.,1.,0.));
#6306=DIRECTION('',(0.,0.,-1.));
#6307=DIRECTION('',(-1.,0.,0.));
#6308=DIRECTION('',(-1.,-2.334869823773E-16,0.));
#6309=DIRECTION('',(0.,1.,0.));
#6310=DIRECTION('',(1.,0.,0.));
#6311=DIRECTION('',(0.,0.,-1.));
#6312=DIRECTION('',(0.,0.,-1.));
#6313=DIRECTION('',(2.334869823773E-16,-1.,0.));
#6314=DIRECTION('',(1.,2.334869823773E-16,0.));
#6315=DIRECTION('',(7.21644966006352E-16,0.,-1.));
#6316=DIRECTION('',(0.707106781186548,1.65100228557773E-16,0.707106781186548));
#6317=DIRECTION('',(-0.707106781186547,0.,-0.707106781186548));
#6318=DIRECTION('',(0.,1.,0.));
#6319=DIRECTION('',(-0.707106781186548,-1.65100228557773E-16,0.707106781186547));
#6320=DIRECTION('',(-0.707106781186548,0.,0.707106781186548));
#6321=DIRECTION('',(0.,-1.,0.));
#6322=DIRECTION('',(1.,0.,0.));
#6323=DIRECTION('',(0.,0.,-1.));
#6324=DIRECTION('',(0.,0.,-1.));
#6325=DIRECTION('',(0.,0.,-1.));
#6326=DIRECTION('',(0.,1.,0.));
#6327=DIRECTION('',(0.,0.,1.));
#6328=DIRECTION('',(0.,0.,-1.));
#6329=DIRECTION('',(-1.,0.,0.));
#6330=DIRECTION('',(0.,0.,1.));
#6331=DIRECTION('',(0.,-1.,0.));
#6332=DIRECTION('',(0.,0.,-1.));
#6333=DIRECTION('',(0.,0.,-1.));
#6334=DIRECTION('',(1.,0.,0.));
#6335=DIRECTION('',(0.,0.,-1.));
#6336=DIRECTION('',(0.,0.,-1.));
#6337=DIRECTION('',(0.,0.,-1.));
#6338=DIRECTION('',(-1.,0.,0.));
#6339=DIRECTION('',(0.,0.,-1.));
#6340=DIRECTION('',(0.,1.,0.));
#6341=DIRECTION('',(0.,0.,1.));
#6342=DIRECTION('',(0.,0.,1.));
#6343=DIRECTION('',(-1.,0.,0.));
#6344=DIRECTION('',(0.,0.,1.));
#6345=DIRECTION('',(0.,0.,-1.));
#6346=DIRECTION('',(0.,0.,-1.));
#6347=DIRECTION('',(-1.,0.,0.));
#6348=DIRECTION('',(0.,-1.,0.));
#6349=DIRECTION('',(0.,0.,-1.));
#6350=DIRECTION('',(0.,0.,-1.));
#6351=DIRECTION('',(0.,0.,-1.));
#6352=DIRECTION('',(-1.,0.,0.));
#6353=DIRECTION('',(0.,0.,1.));
#6354=DIRECTION('',(0.,0.,-1.));
#6355=DIRECTION('',(-1.,0.,0.));
#6356=DIRECTION('',(0.,0.,1.));
#6357=DIRECTION('',(0.,0.,-1.));
#6358=DIRECTION('',(0.,-1.,0.));
#6359=DIRECTION('',(0.,0.,-1.));
#6360=DIRECTION('',(0.,-1.,0.));
#6361=DIRECTION('',(0.,0.,-1.));
#6362=DIRECTION('',(-5.10280049072227E-16,-0.707106781186547,0.707106781186548));
#6363=DIRECTION('',(0.,-0.707106781186548,-0.707106781186547));
#6364=DIRECTION('',(5.10280049072227E-16,-0.707106781186548,-0.707106781186547));
#6365=DIRECTION('',(5.10280049072227E-16,-0.707106781186548,-0.707106781186547));
#6366=DIRECTION('',(-1.,0.,-7.21644966006352E-16));
#6367=DIRECTION('',(0.,-1.,0.));
#6368=DIRECTION('',(0.,0.,-1.));
#6369=DIRECTION('',(-1.,0.,0.));
#6370=DIRECTION('',(0.,0.,1.));
#6371=DIRECTION('',(1.,0.,0.));
#6372=DIRECTION('',(0.,0.,1.));
#6373=DIRECTION('',(1.,0.,0.));
#6374=DIRECTION('',(0.,0.,1.));
#6375=DIRECTION('',(1.,0.,0.));
#6376=DIRECTION('',(0.,-1.,0.));
#6377=DIRECTION('',(0.,0.,-1.));
#6378=DIRECTION('',(0.,0.,-1.));
#6379=DIRECTION('',(-1.,0.,0.));
#6380=DIRECTION('',(0.,0.,-1.));
#6381=DIRECTION('',(1.,0.,0.));
#6382=DIRECTION('',(0.,0.,-1.));
#6383=DIRECTION('',(0.,0.,-1.));
#6384=DIRECTION('',(0.,-1.,0.));
#6385=DIRECTION('',(0.686604432115563,0.72703119176502,0.));
#6386=DIRECTION('',(-0.72703119176502,0.686604432115563,0.));
#6387=DIRECTION('',(0.,0.,-1.));
#6388=DIRECTION('',(0.72703119176502,-0.686604432115563,0.));
#6389=DIRECTION('',(0.,1.,0.));
#6390=DIRECTION('',(0.,0.,1.));
#6391=DIRECTION('',(0.,0.,-1.));
#6392=DIRECTION('',(1.,0.,0.));
#6393=DIRECTION('',(-1.,0.,0.));
#6394=DIRECTION('',(0.,0.,1.));
#6395=DIRECTION('',(0.,0.,-1.));
#6396=DIRECTION('',(0.,1.,0.));
#6397=DIRECTION('',(0.,1.,0.));
#6398=DIRECTION('',(0.,0.,1.));
#6399=DIRECTION('',(0.,0.,-1.));
#6400=DIRECTION('',(1.,0.,0.));
#6401=DIRECTION('',(-1.,0.,0.));
#6402=DIRECTION('',(0.,0.,1.));
#6403=DIRECTION('',(0.,0.,-1.));
#6404=DIRECTION('',(0.,1.,0.));
#6405=DIRECTION('',(0.,1.,0.));
#6406=DIRECTION('',(0.,0.,1.));
#6407=DIRECTION('',(0.,0.,-1.));
#6408=DIRECTION('',(1.,0.,0.));
#6409=DIRECTION('',(-1.,0.,0.));
#6410=DIRECTION('',(0.,0.,1.));
#6411=DIRECTION('',(0.,0.,-1.));
#6412=DIRECTION('',(0.,1.,0.));
#6413=DIRECTION('',(0.,-1.,0.));
#6414=DIRECTION('',(0.,0.,-1.));
#6415=DIRECTION('',(0.,0.,-1.));
#6416=DIRECTION('',(-1.,0.,0.));
#6417=DIRECTION('',(1.,0.,0.));
#6418=DIRECTION('',(0.,0.,-1.));
#6419=DIRECTION('',(0.,-1.,0.));
#6420=DIRECTION('',(0.,0.,1.));
#6421=DIRECTION('',(1.,0.,0.));
#6422=DIRECTION('',(1.,0.,0.));
#6423=DIRECTION('',(0.,0.,-1.));
#6424=DIRECTION('',(0.,0.,-1.));
#6425=DIRECTION('',(0.,-1.,0.));
#6426=DIRECTION('',(0.,0.,-1.));
#6427=DIRECTION('',(0.,1.,0.));
#6428=DIRECTION('',(0.,0.,1.));
#6429=DIRECTION('',(0.,0.,-1.));
#6430=DIRECTION('',(1.,0.,0.));
#6431=DIRECTION('',(-1.,0.,0.));
#6432=DIRECTION('',(0.,0.,1.));
#6433=DIRECTION('',(0.,0.,-1.));
#6434=DIRECTION('',(0.,1.,0.));
#6435=DIRECTION('',(0.,-1.,0.));
#6436=DIRECTION('',(0.,0.,-1.));
#6437=DIRECTION('',(0.,0.,-1.));
#6438=DIRECTION('',(-1.,0.,0.));
#6439=DIRECTION('',(0.856823931380929,-0.515609106410011,0.));
#6440=DIRECTION('',(0.515609106410011,0.856823931380929,0.));
#6441=DIRECTION('',(0.,0.,-1.));
#6442=DIRECTION('',(-0.515609106410011,-0.856823931380929,0.));
#6443=DIRECTION('',(0.,1.,0.));
#6444=DIRECTION('',(0.,0.,1.));
#6445=DIRECTION('',(0.,0.,-1.));
#6446=DIRECTION('',(1.,0.,0.));
#6447=DIRECTION('',(1.,0.,0.));
#6448=DIRECTION('',(0.,0.,-1.));
#6449=DIRECTION('',(0.,0.,-1.));
#6450=DIRECTION('',(0.,-1.,0.));
#6451=DIRECTION('',(0.,-1.,0.));
#6452=DIRECTION('',(0.,0.,-1.));
#6453=DIRECTION('',(0.,0.,-1.));
#6454=DIRECTION('',(-1.,0.,0.));
#6455=DIRECTION('',(-1.,0.,0.));
#6456=DIRECTION('',(0.,0.,1.));
#6457=DIRECTION('',(0.,0.,-1.));
#6458=DIRECTION('',(0.,1.,0.));
#6459=DIRECTION('',(0.0187523299776666,-0.999824159600281,0.));
#6460=DIRECTION('',(0.999824159600281,0.0187523299776666,0.));
#6461=DIRECTION('',(0.999824159600281,0.0187523299776666,0.));
#6462=DIRECTION('',(0.,0.,-1.));
#6463=DIRECTION('',(-0.999824159600281,-0.0187523299776666,0.));
#6464=DIRECTION('',(0.,0.,-1.));
#6465=DIRECTION('',(-1.,0.,0.));
#6466=DIRECTION('',(0.,0.,1.));
#6467=DIRECTION('',(0.,-1.,0.));
#6468=DIRECTION('',(0.,0.,-1.));
#6469=DIRECTION('',(0.,1.,0.));
#6470=DIRECTION('',(0.,1.,0.));
#6471=DIRECTION('',(0.,0.,1.));
#6472=DIRECTION('',(-1.,0.,0.));
#6473=DIRECTION('',(0.,0.,-1.));
#6474=DIRECTION('',(1.,0.,0.));
#6475=DIRECTION('',(1.,0.,0.));
#6476=DIRECTION('',(0.,0.,-1.));
#6477=DIRECTION('',(0.,1.,0.));
#6478=DIRECTION('',(0.,-1.,0.));
#6479=DIRECTION('',(0.,-1.,0.));
#6480=DIRECTION('',(0.,0.,-1.));
#6481=DIRECTION('',(-1.,0.,0.));
#6482=DIRECTION('',(0.,0.,1.));
#6483=DIRECTION('',(1.,0.,0.));
#6484=DIRECTION('',(0.,0.,1.));
#6485=DIRECTION('',(1.,0.,0.));
#6486=DIRECTION('',(-0.864831975622068,0.502061404552901,0.));
#6487=DIRECTION('',(-0.502061404552901,-0.864831975622068,0.));
#6488=DIRECTION('',(0.,0.,-1.));
#6489=DIRECTION('',(0.,0.,-1.));
#6490=DIRECTION('',(0.502061404552901,0.864831975622068,0.));
#6491=DIRECTION('',(0.00082758777958716,-0.999999657549175,0.));
#6492=DIRECTION('',(0.999999657549175,0.00082758777958716,0.));
#6493=DIRECTION('',(0.,0.,-1.));
#6494=DIRECTION('',(-0.999999657549175,-0.00082758777958716,0.));
#6495=DIRECTION('',(1.,0.,0.));
#6496=DIRECTION('',(0.,0.,-1.));
#6497=DIRECTION('',(0.,0.,-1.));
#6498=DIRECTION('',(0.,-1.,0.));
#6499=DIRECTION('',(0.,-1.,0.));
#6500=DIRECTION('',(0.,0.,-1.));
#6501=DIRECTION('',(0.,0.,-1.));
#6502=DIRECTION('',(-1.,0.,0.));
#6503=DIRECTION('',(-1.,0.,0.));
#6504=DIRECTION('',(0.,0.,1.));
#6505=DIRECTION('',(0.,0.,-1.));
#6506=DIRECTION('',(0.,1.,0.));
#6507=DIRECTION('',(0.,-1.,0.));
#6508=DIRECTION('',(0.,0.,-1.));
#6509=DIRECTION('',(0.,0.,-1.));
#6510=DIRECTION('',(-1.,0.,0.));
#6511=DIRECTION('',(1.,0.,0.));
#6512=DIRECTION('',(0.,0.,-1.));
#6513=DIRECTION('',(0.,0.,-1.));
#6514=DIRECTION('',(0.,-1.,0.));
#6515=DIRECTION('',(0.,1.,0.));
#6516=DIRECTION('',(0.,0.,1.));
#6517=DIRECTION('',(0.,0.,-1.));
#6518=DIRECTION('',(1.,0.,0.));
#6519=DIRECTION('',(-0.862976327703439,0.505244354568645,0.));
#6520=DIRECTION('',(-0.505244354568645,-0.862976327703439,0.));
#6521=DIRECTION('',(0.,0.,-1.));
#6522=DIRECTION('',(0.505244354568645,0.862976327703439,0.));
#6523=DIRECTION('',(0.,-1.,0.));
#6524=DIRECTION('',(0.,0.,-1.));
#6525=DIRECTION('',(0.,0.,-1.));
#6526=DIRECTION('',(-1.,0.,0.));
#6527=DIRECTION('',(-1.,0.,0.));
#6528=DIRECTION('',(0.,0.,1.));
#6529=DIRECTION('',(0.,0.,-1.));
#6530=DIRECTION('',(0.,1.,0.));
#6531=DIRECTION('',(0.,1.,0.));
#6532=DIRECTION('',(0.,0.,1.));
#6533=DIRECTION('',(1.,0.,0.));
#6534=DIRECTION('',(0.,0.,1.));
#6535=DIRECTION('',(1.,0.,0.));
#6536=DIRECTION('',(0.,-1.,0.));
#6537=DIRECTION('',(0.,0.,-1.));
#6538=DIRECTION('',(1.,0.,0.));
#6539=DIRECTION('',(0.,0.,-1.));
#6540=DIRECTION('',(-1.,0.,0.));
#6541=DIRECTION('',(0.,0.,-1.));
#6542=DIRECTION('',(-0.865591579799328,0.500750653499828,0.));
#6543=DIRECTION('',(-0.500750653499828,-0.865591579799328,0.));
#6544=DIRECTION('',(-0.500750653499828,-0.865591579799328,0.));
#6545=DIRECTION('',(0.,0.,-1.));
#6546=DIRECTION('',(0.500750653499828,0.865591579799328,0.));
#6547=DIRECTION('',(1.,0.,0.));
#6548=DIRECTION('',(0.,0.,-1.));
#6549=DIRECTION('',(0.,1.,0.));
#6550=DIRECTION('',(0.,0.,-1.));
#6551=DIRECTION('',(0.,-1.,0.));
#6552=DIRECTION('',(0.,1.,0.));
#6553=DIRECTION('',(0.,0.,1.));
#6554=DIRECTION('',(-1.,0.,0.));
#6555=DIRECTION('',(0.,0.,-1.));
#6556=DIRECTION('',(1.,0.,0.));
#6557=DIRECTION('',(0.00121137291999152,0.999999266287555,0.));
#6558=DIRECTION('',(-0.999999266287555,0.00121137291999152,0.));
#6559=DIRECTION('',(0.,0.,-1.));
#6560=DIRECTION('',(0.999999266287555,-0.00121137291999152,0.));
#6561=DIRECTION('',(0.,0.,-1.));
#6562=DIRECTION('',(0.863093942406937,-0.505043410590071,0.));
#6563=DIRECTION('',(0.505043410590071,0.863093942406937,0.));
#6564=DIRECTION('',(0.,0.,-1.));
#6565=DIRECTION('',(-0.505043410590071,-0.863093942406937,0.));
#6566=DIRECTION('',(0.,1.,0.));
#6567=DIRECTION('',(0.,0.,1.));
#6568=DIRECTION('',(0.,0.,-1.));
#6569=DIRECTION('',(1.,0.,0.));
#6570=DIRECTION('',(-1.,0.,0.));
#6571=DIRECTION('',(0.,0.,1.));
#6572=DIRECTION('',(0.,0.,-1.));
#6573=DIRECTION('',(0.,1.,0.));
#6574=DIRECTION('',(-0.633186047503162,-0.773999631296633,0.));
#6575=DIRECTION('',(0.773999631296633,-0.633186047503162,0.));
#6576=DIRECTION('',(0.,0.,-1.));
#6577=DIRECTION('',(-0.773999631296633,0.633186047503162,0.));
#6578=DIRECTION('',(0.,1.,0.));
#6579=DIRECTION('',(0.,0.,1.));
#6580=DIRECTION('',(0.,0.,-1.));
#6581=DIRECTION('',(1.,0.,0.));
#6582=DIRECTION('',(-1.,0.,0.));
#6583=DIRECTION('',(0.,0.,1.));
#6584=DIRECTION('',(0.,0.,-1.));
#6585=DIRECTION('',(0.,1.,0.));
#6586=DIRECTION('',(-0.00121137291998732,-0.999999266287555,0.));
#6587=DIRECTION('',(0.999999266287555,-0.00121137291998732,0.));
#6588=DIRECTION('',(0.,0.,-1.));
#6589=DIRECTION('',(-0.999999266287555,0.00121137291998732,0.));
#6590=DIRECTION('',(0.999999266287555,-0.00121137291998142,0.));
#6591=DIRECTION('',(0.00121137291998142,0.999999266287555,0.));
#6592=DIRECTION('',(-0.00121137291998142,-0.999999266287555,0.));
#6593=DIRECTION('',(1.,0.,0.));
#6594=DIRECTION('',(0.,0.,-1.));
#6595=DIRECTION('',(0.,1.,0.));
#6596=DIRECTION('',(0.,-1.,0.));
#6597=DIRECTION('',(0.,0.,1.));
#6598=DIRECTION('',(1.,0.,0.));
#6599=DIRECTION('',(-1.,0.,0.));
#6600=DIRECTION('',(0.,0.,1.));
#6601=DIRECTION('',(0.,0.,-1.));
#6602=DIRECTION('',(0.,0.,-1.));
#6603=DIRECTION('',(0.,1.,0.));
#6604=DIRECTION('',(-0.00121137291998771,-0.999999266287555,0.));
#6605=DIRECTION('',(0.999999266287555,-0.00121137291998771,0.));
#6606=DIRECTION('',(0.,0.,-1.));
#6607=DIRECTION('',(-0.999999266287555,0.00121137291998771,0.));
#6608=DIRECTION('',(1.,0.,0.));
#6609=DIRECTION('',(0.,0.,-1.));
#6610=DIRECTION('',(0.,0.,-1.));
#6611=DIRECTION('',(0.,-1.,0.));
#6612=DIRECTION('',(0.,1.,0.));
#6613=DIRECTION('',(0.,0.,1.));
#6614=DIRECTION('',(0.,0.,-1.));
#6615=DIRECTION('',(1.,0.,0.));
#6616=DIRECTION('',(-1.,0.,0.));
#6617=DIRECTION('',(0.,0.,1.));
#6618=DIRECTION('',(0.,0.,-1.));
#6619=DIRECTION('',(0.,1.,0.));
#6620=DIRECTION('',(0.,1.,0.));
#6621=DIRECTION('',(0.,0.,1.));
#6622=DIRECTION('',(1.,0.,0.));
#6623=DIRECTION('',(0.,0.,1.));
#6624=DIRECTION('',(1.,0.,0.));
#6625=DIRECTION('',(0.00892212995237891,-0.999960197006417,0.));
#6626=DIRECTION('',(0.999960197006417,0.00892212995237892,0.));
#6627=DIRECTION('',(0.999960197006417,0.00892212995237892,0.));
#6628=DIRECTION('',(0.,0.,-1.));
#6629=DIRECTION('',(-0.999960197006417,-0.00892212995237891,0.));
#6630=DIRECTION('',(0.,0.,-1.));
#6631=DIRECTION('',(-1.,0.,0.));
#6632=DIRECTION('',(0.,0.,1.));
#6633=DIRECTION('',(0.,-1.,0.));
#6634=DIRECTION('',(0.,0.,-1.));
#6635=DIRECTION('',(0.,1.,0.));
#6636=DIRECTION('',(0.,1.,0.));
#6637=DIRECTION('',(0.,0.,1.));
#6638=DIRECTION('',(-1.,0.,0.));
#6639=DIRECTION('',(0.,0.,-1.));
#6640=DIRECTION('',(1.,0.,0.));
#6641=DIRECTION('',(-1.,0.,0.));
#6642=DIRECTION('',(0.,0.,1.));
#6643=DIRECTION('',(0.,0.,-1.));
#6644=DIRECTION('',(0.,0.,-1.));
#6645=DIRECTION('',(0.,1.,0.));
#6646=DIRECTION('',(0.,-1.,0.));
#6647=DIRECTION('',(0.,0.,-1.));
#6648=DIRECTION('',(0.,0.,-1.));
#6649=DIRECTION('',(-1.,0.,0.));
#6650=DIRECTION('',(-0.863093942406927,0.505043410590089,0.));
#6651=DIRECTION('',(-0.505043410590089,-0.863093942406927,0.));
#6652=DIRECTION('',(0.,0.,-1.));
#6653=DIRECTION('',(0.505043410590089,0.863093942406927,0.));
#6654=DIRECTION('',(0.,-1.,0.));
#6655=DIRECTION('',(0.,0.,-1.));
#6656=DIRECTION('',(0.,0.,-1.));
#6657=DIRECTION('',(-1.,0.,0.));
#6658=DIRECTION('',(0.863093942406943,-0.50504341059006,0.));
#6659=DIRECTION('',(0.50504341059006,0.863093942406943,0.));
#6660=DIRECTION('',(0.,0.,-1.));
#6661=DIRECTION('',(-0.50504341059006,-0.863093942406943,0.));
#6662=DIRECTION('',(0.,-1.,0.));
#6663=DIRECTION('',(0.,0.,-1.));
#6664=DIRECTION('',(0.,0.,-1.));
#6665=DIRECTION('',(-1.,0.,0.));
#6666=DIRECTION('',(1.,0.,0.));
#6667=DIRECTION('',(0.,0.,-1.));
#6668=DIRECTION('',(0.,0.,-1.));
#6669=DIRECTION('',(0.,-1.,0.));
#6670=DIRECTION('',(0.,1.,0.));
#6671=DIRECTION('',(0.,0.,1.));
#6672=DIRECTION('',(0.,0.,-1.));
#6673=DIRECTION('',(1.,0.,0.));
#6674=DIRECTION('',(0.863093942406939,-0.505043410590068,0.));
#6675=DIRECTION('',(0.505043410590068,0.863093942406939,0.));
#6676=DIRECTION('',(0.,0.,-1.));
#6677=DIRECTION('',(-0.505043410590068,-0.863093942406939,0.));
#6678=DIRECTION('',(0.,1.,0.));
#6679=DIRECTION('',(0.,0.,1.));
#6680=DIRECTION('',(1.,0.,0.));
#6681=DIRECTION('',(0.863093942406936,-0.505043410590073,0.));
#6682=DIRECTION('',(0.505043410590073,0.863093942406936,0.));
#6683=DIRECTION('',(0.505043410590073,0.863093942406936,0.));
#6684=DIRECTION('',(-0.505043410590073,-0.863093942406936,0.));
#6685=DIRECTION('',(0.,0.,1.));
#6686=DIRECTION('',(1.,0.,0.));
#6687=DIRECTION('',(-1.,0.,0.));
#6688=DIRECTION('',(0.,0.,1.));
#6689=DIRECTION('',(0.,0.,-1.));
#6690=DIRECTION('',(0.,0.,-1.));
#6691=DIRECTION('',(0.,1.,0.));
#6692=DIRECTION('',(0.0109012588468894,-0.999940579512379,0.));
#6693=DIRECTION('',(0.999940579512379,0.0109012588468894,0.));
#6694=DIRECTION('',(0.,0.,-1.));
#6695=DIRECTION('',(-0.999940579512379,-0.0109012588468894,0.));
#6696=DIRECTION('',(1.,0.,0.));
#6697=DIRECTION('',(0.,0.,-1.));
#6698=DIRECTION('',(0.,0.,-1.));
#6699=DIRECTION('',(0.,-1.,0.));
#6700=DIRECTION('',(0.,1.,0.));
#6701=DIRECTION('',(0.,0.,1.));
#6702=DIRECTION('',(0.,0.,-1.));
#6703=DIRECTION('',(1.,0.,0.));
#6704=DIRECTION('',(-0.863093942406935,0.505043410590075,0.));
#6705=DIRECTION('',(-0.505043410590075,-0.863093942406935,0.));
#6706=DIRECTION('',(0.,0.,-1.));
#6707=DIRECTION('',(0.505043410590075,0.863093942406935,0.));
#6708=DIRECTION('',(0.864926508731898,0.501898530076399,0.));
#6709=DIRECTION('',(-0.501898530076399,0.864926508731898,0.));
#6710=DIRECTION('',(0.,0.,-1.));
#6711=DIRECTION('',(0.501898530076399,-0.864926508731898,0.));
#6712=DIRECTION('',(0.,1.,0.));
#6713=DIRECTION('',(0.,0.,1.));
#6714=DIRECTION('',(0.,0.,-1.));
#6715=DIRECTION('',(1.,0.,0.));
#6716=DIRECTION('',(-1.,0.,0.));
#6717=DIRECTION('',(0.,0.,1.));
#6718=DIRECTION('',(0.,0.,-1.));
#6719=DIRECTION('',(0.,1.,0.));
#6720=DIRECTION('',(0.,-1.,0.));
#6721=DIRECTION('',(0.,0.,-1.));
#6722=DIRECTION('',(0.,0.,-1.));
#6723=DIRECTION('',(-1.,0.,0.));
#6724=DIRECTION('',(1.,0.,0.));
#6725=DIRECTION('',(0.,0.,-1.));
#6726=DIRECTION('',(0.,0.,-1.));
#6727=DIRECTION('',(0.,-1.,0.));
#6728=DIRECTION('',(0.,-1.,0.));
#6729=DIRECTION('',(0.,0.,-1.));
#6730=DIRECTION('',(0.,0.,-1.));
#6731=DIRECTION('',(-1.,0.,0.));
#6732=DIRECTION('',(-0.846430967202851,-0.532498467378119,0.));
#6733=DIRECTION('',(0.532498467378119,-0.846430967202851,0.));
#6734=DIRECTION('',(0.,0.,-1.));
#6735=DIRECTION('',(-0.532498467378119,0.846430967202851,0.));
#6736=DIRECTION('',(0.,-1.,0.));
#6737=DIRECTION('',(0.,0.,-1.));
#6738=DIRECTION('',(0.,0.,-1.));
#6739=DIRECTION('',(-1.,0.,0.));
#6740=DIRECTION('',(0.863093942406941,-0.505043410590064,0.));
#6741=DIRECTION('',(0.505043410590064,0.863093942406941,0.));
#6742=DIRECTION('',(0.,0.,-1.));
#6743=DIRECTION('',(-0.505043410590064,-0.863093942406941,0.));
#6744=DIRECTION('',(0.,-1.,0.));
#6745=DIRECTION('',(0.,0.,-1.));
#6746=DIRECTION('',(0.,0.,-1.));
#6747=DIRECTION('',(-1.,0.,0.));
#6748=DIRECTION('',(-1.,0.,0.));
#6749=DIRECTION('',(0.,0.,1.));
#6750=DIRECTION('',(0.,0.,-1.));
#6751=DIRECTION('',(0.,1.,0.));
#6752=DIRECTION('',(0.,1.,0.));
#6753=DIRECTION('',(0.,0.,1.));
#6754=DIRECTION('',(1.,0.,0.));
#6755=DIRECTION('',(0.,0.,1.));
#6756=DIRECTION('',(1.,0.,0.));
#6757=DIRECTION('',(0.00144402238812187,0.999998957399128,0.));
#6758=DIRECTION('',(-0.999998957399128,0.00144402238812187,0.));
#6759=DIRECTION('',(0.,0.,-1.));
#6760=DIRECTION('',(0.999998957399128,-0.00144402238812187,0.));
#6761=DIRECTION('',(0.,0.,-1.));
#6762=DIRECTION('',(-1.,0.,0.));
#6763=DIRECTION('',(0.,0.,1.));
#6764=DIRECTION('',(0.,0.,-1.));
#6765=DIRECTION('',(0.,1.,0.));
#6766=DIRECTION('',(0.,-1.,0.));
#6767=DIRECTION('',(0.,0.,-1.));
#6768=DIRECTION('',(0.,0.,-1.));
#6769=DIRECTION('',(-1.,0.,0.));
#6770=DIRECTION('',(-0.863093942406939,0.505043410590067,0.));
#6771=DIRECTION('',(-0.505043410590067,-0.863093942406939,0.));
#6772=DIRECTION('',(0.,0.,-1.));
#6773=DIRECTION('',(0.505043410590067,0.863093942406939,0.));
#6774=DIRECTION('',(0.,-1.,0.));
#6775=DIRECTION('',(0.,0.,-1.));
#6776=DIRECTION('',(0.,0.,-1.));
#6777=DIRECTION('',(-1.,0.,0.));
#6778=DIRECTION('',(1.,0.,0.));
#6779=DIRECTION('',(0.,0.,-1.));
#6780=DIRECTION('',(0.,0.,-1.));
#6781=DIRECTION('',(0.,-1.,0.));
#6782=DIRECTION('',(0.,1.,0.));
#6783=DIRECTION('',(0.,0.,1.));
#6784=DIRECTION('',(0.,0.,-1.));
#6785=DIRECTION('',(1.,0.,0.));
#6786=DIRECTION('',(0.863058148327059,-0.505104575911037,0.));
#6787=DIRECTION('',(0.505104575911037,0.863058148327059,0.));
#6788=DIRECTION('',(0.,0.,-1.));
#6789=DIRECTION('',(-0.505104575911037,-0.863058148327059,0.));
#6790=DIRECTION('',(0.,1.,0.));
#6791=DIRECTION('',(0.,0.,1.));
#6792=DIRECTION('',(0.,0.,-1.));
#6793=DIRECTION('',(1.,0.,0.));
#6794=DIRECTION('',(0.00647015886070277,-0.999979068303091,0.));
#6795=DIRECTION('',(0.999979068303091,0.00647015886070277,0.));
#6796=DIRECTION('',(0.999979068303091,0.00647015886070277,0.));
#6797=DIRECTION('',(0.,0.,-1.));
#6798=DIRECTION('',(-0.999979068303091,-0.00647015886070277,0.));
#6799=DIRECTION('',(0.,0.,-1.));
#6800=DIRECTION('',(-1.,0.,0.));
#6801=DIRECTION('',(0.,0.,1.));
#6802=DIRECTION('',(0.,-1.,0.));
#6803=DIRECTION('',(0.,0.,-1.));
#6804=DIRECTION('',(0.,1.,0.));
#6805=DIRECTION('',(0.,1.,0.));
#6806=DIRECTION('',(0.,0.,1.));
#6807=DIRECTION('',(-1.,0.,0.));
#6808=DIRECTION('',(0.,0.,-1.));
#6809=DIRECTION('',(1.,0.,0.));
#6810=DIRECTION('',(0.863093942406937,-0.50504341059007,0.));
#6811=DIRECTION('',(0.50504341059007,0.863093942406937,0.));
#6812=DIRECTION('',(0.50504341059007,0.863093942406938,0.));
#6813=DIRECTION('',(-0.50504341059007,-0.863093942406937,0.));
#6814=DIRECTION('',(-0.867104976409179,0.498125445933489,0.));
#6815=DIRECTION('',(-0.498125445933489,-0.867104976409179,0.));
#6816=DIRECTION('',(0.498125445933489,0.867104976409179,0.));
#6817=DIRECTION('',(0.,0.,1.));
#6818=DIRECTION('',(1.,0.,0.));
#6819=DIRECTION('',(0.,0.,1.));
#6820=DIRECTION('',(1.,0.,0.));
#6821=DIRECTION('',(0.,-1.,0.));
#6822=DIRECTION('',(0.,0.,-1.));
#6823=DIRECTION('',(0.,0.,-1.));
#6824=DIRECTION('',(0.,0.,-1.));
#6825=DIRECTION('',(-1.,0.,0.));
#6826=DIRECTION('',(1.,0.,0.));
#6827=DIRECTION('',(0.,0.,-1.));
#6828=DIRECTION('',(0.,0.,-1.));
#6829=DIRECTION('',(0.,-1.,0.));
#6830=DIRECTION('',(0.999985403695314,0.00540299882657205,0.));
#6831=DIRECTION('',(-0.00540299882657205,0.999985403695314,0.));
#6832=DIRECTION('',(0.,0.,-1.));
#6833=DIRECTION('',(0.00540299882657205,-0.999985403695314,0.));
#6834=DIRECTION('',(0.,1.,0.));
#6835=DIRECTION('',(0.,0.,1.));
#6836=DIRECTION('',(0.,0.,-1.));
#6837=DIRECTION('',(1.,0.,0.));
#6838=DIRECTION('',(0.843061151626309,-0.537817715047136,0.));
#6839=DIRECTION('',(0.537817715047136,0.843061151626309,0.));
#6840=DIRECTION('',(0.,0.,-1.));
#6841=DIRECTION('',(-0.537817715047136,-0.843061151626309,0.));
#6842=DIRECTION('',(0.864868696810225,0.501998144695559,0.));
#6843=DIRECTION('',(-0.501998144695559,0.864868696810225,0.));
#6844=DIRECTION('',(0.,0.,-1.));
#6845=DIRECTION('',(0.501998144695559,-0.864868696810225,0.));
#6846=DIRECTION('',(0.,-1.,0.));
#6847=DIRECTION('',(0.,0.,-1.));
#6848=DIRECTION('',(0.,0.,-1.));
#6849=DIRECTION('',(-1.,0.,0.));
#6850=DIRECTION('',(1.,0.,0.));
#6851=DIRECTION('',(0.,0.,-1.));
#6852=DIRECTION('',(0.,0.,-1.));
#6853=DIRECTION('',(0.,-1.,0.));
#6854=DIRECTION('',(0.,1.,0.));
#6855=DIRECTION('',(0.,0.,1.));
#6856=DIRECTION('',(0.,0.,-1.));
#6857=DIRECTION('',(1.,0.,0.));
#6858=DIRECTION('',(-0.871697416695119,-0.490044501782294,0.));
#6859=DIRECTION('',(0.490044501782294,-0.871697416695119,0.));
#6860=DIRECTION('',(0.,0.,-1.));
#6861=DIRECTION('',(-0.490044501782294,0.871697416695119,0.));
#6862=DIRECTION('',(-0.872076377060106,0.489369791235339,0.));
#6863=DIRECTION('',(-0.489369791235339,-0.872076377060106,0.));
#6864=DIRECTION('',(0.489369791235339,0.872076377060106,0.));
#6865=DIRECTION('',(0.,0.,1.));
#6866=DIRECTION('',(1.,0.,0.));
#6867=DIRECTION('',(0.,0.,1.));
#6868=DIRECTION('',(1.,0.,0.));
#6869=DIRECTION('',(0.,0.,1.));
#6870=DIRECTION('',(1.,0.,0.));
#6871=DIRECTION('',(0.599999999999991,0.8,0.));
#6872=DIRECTION('',(-0.8,0.599999999999991,0.));
#6873=DIRECTION('',(0.,0.,-1.));
#6874=DIRECTION('',(0.8,-0.599999999999991,0.));
#6875=DIRECTION('',(0.,0.,-1.));
#6876=DIRECTION('',(-1.,0.,0.));
#6877=DIRECTION('',(0.,0.,1.));
#6878=DIRECTION('',(0.,0.,-1.));
#6879=DIRECTION('',(0.,1.,0.));
#6880=DIRECTION('',(0.6,-0.8,0.));
#6881=DIRECTION('',(0.8,0.6,0.));
#6882=DIRECTION('',(-0.8,-0.6,0.));
#6883=DIRECTION('',(0.,0.,1.));
#6884=DIRECTION('',(1.,0.,0.));
#6885=DIRECTION('',(-0.6,-0.8,0.));
#6886=DIRECTION('',(0.8,-0.6,0.));
#6887=DIRECTION('',(0.,0.,-1.));
#6888=DIRECTION('',(-0.8,0.6,0.));
#6889=DIRECTION('',(0.,0.,-1.));
#6890=DIRECTION('',(1.,0.,0.));
#6891=DIRECTION('',(0.,0.,-1.));
#6892=DIRECTION('',(0.,0.,-1.));
#6893=DIRECTION('',(0.,-1.,0.));
#6894=DIRECTION('',(-0.599999999999993,0.8,0.));
#6895=DIRECTION('',(-0.8,-0.599999999999993,0.));
#6896=DIRECTION('',(0.8,0.599999999999993,0.));
#6897=DIRECTION('',(0.,0.,1.));
#6898=DIRECTION('',(1.,0.,0.));
#6899=DIRECTION('',(0.800000000000009,-0.599999999999988,0.));
#6900=DIRECTION('',(0.599999999999988,0.800000000000009,0.));
#6901=DIRECTION('',(0.,0.,-1.));
#6902=DIRECTION('',(-0.599999999999988,-0.800000000000009,0.));
#6903=DIRECTION('',(0.,0.,-1.));
#6904=DIRECTION('',(0.,1.,0.));
#6905=DIRECTION('',(0.,0.,1.));
#6906=DIRECTION('',(0.,0.,-1.));
#6907=DIRECTION('',(1.,0.,0.));
#6908=DIRECTION('',(-0.8,-0.6,0.));
#6909=DIRECTION('',(0.6,-0.8,0.));
#6910=DIRECTION('',(-0.6,0.8,0.));
#6911=DIRECTION('',(0.,0.,1.));
#6912=DIRECTION('',(1.,0.,0.));
#6913=DIRECTION('',(0.,1.,0.));
#6914=DIRECTION('',(0.,0.,1.));
#6915=DIRECTION('',(0.,0.,-1.));
#6916=DIRECTION('',(1.,0.,0.));
#6917=DIRECTION('',(0.,0.,-1.));
#6918=DIRECTION('',(1.,0.,0.));
#6919=DIRECTION('',(0.,0.,-1.));
#6920=DIRECTION('',(0.,0.,-1.));
#6921=DIRECTION('',(0.,-1.,0.));
#6922=DIRECTION('',(0.,1.,0.));
#6923=DIRECTION('',(0.,0.,1.));
#6924=DIRECTION('',(0.,0.,-1.));
#6925=DIRECTION('',(1.,0.,0.));
#6926=DIRECTION('',(1.,0.,0.));
#6927=DIRECTION('',(0.,0.,-1.));
#6928=DIRECTION('',(0.,-1.,0.));
#6929=DIRECTION('',(0.,0.,1.));
#6930=DIRECTION('',(1.,0.,0.));
#6931=DIRECTION('',(0.,1.,0.));
#6932=DIRECTION('',(0.,0.,1.));
#6933=DIRECTION('',(0.,0.,-1.));
#6934=DIRECTION('',(1.,0.,0.));
#6935=DIRECTION('',(0.,0.,-1.));
#6936=DIRECTION('',(1.,0.,0.));
#6937=DIRECTION('',(0.,0.,-1.));
#6938=DIRECTION('',(0.,0.,-1.));
#6939=DIRECTION('',(0.,-1.,0.));
#6940=DIRECTION('',(0.,1.,0.));
#6941=DIRECTION('',(0.,0.,1.));
#6942=DIRECTION('',(0.,0.,-1.));
#6943=DIRECTION('',(1.,0.,0.));
#6944=DIRECTION('',(1.,0.,0.));
#6945=DIRECTION('',(0.,0.,-1.));
#6946=DIRECTION('',(0.,-1.,0.));
#6947=DIRECTION('',(0.,0.,1.));
#6948=DIRECTION('',(1.,0.,0.));
#6949=DIRECTION('',(0.,1.,0.));
#6950=DIRECTION('',(0.,0.,1.));
#6951=DIRECTION('',(0.,0.,-1.));
#6952=DIRECTION('',(1.,0.,0.));
#6953=DIRECTION('',(0.,0.,-1.));
#6954=DIRECTION('',(1.,0.,0.));
#6955=DIRECTION('',(0.,0.,-1.));
#6956=DIRECTION('',(0.,0.,-1.));
#6957=DIRECTION('',(0.,-1.,0.));
#6958=DIRECTION('',(0.,1.,0.));
#6959=DIRECTION('',(0.,0.,1.));
#6960=DIRECTION('',(0.,0.,-1.));
#6961=DIRECTION('',(1.,0.,0.));
#6962=DIRECTION('',(1.,0.,0.));
#6963=DIRECTION('',(0.,0.,-1.));
#6964=DIRECTION('',(0.,-1.,0.));
#6965=DIRECTION('',(0.,0.,1.));
#6966=DIRECTION('',(1.,0.,0.));
#6967=DIRECTION('',(1.,0.,0.));
#6968=DIRECTION('',(0.,0.,-1.));
#6969=DIRECTION('',(0.,0.,-1.));
#6970=DIRECTION('',(0.,-1.,0.));
#6971=DIRECTION('',(0.,0.,-1.));
#6972=DIRECTION('',(0.713451222518023,-0.700704897290963,0.));
#6973=DIRECTION('',(0.700704897290963,0.713451222518023,0.));
#6974=DIRECTION('',(0.,0.,-1.));
#6975=DIRECTION('',(-0.700704897290963,-0.713451222518023,0.));
#6976=DIRECTION('',(1.,0.,0.));
#6977=DIRECTION('',(0.,0.,-1.));
#6978=DIRECTION('',(0.,0.,-1.));
#6979=DIRECTION('',(0.,-1.,0.));
#6980=DIRECTION('',(-0.772268226225212,-0.635296613215406,0.));
#6981=DIRECTION('',(0.635296613215406,-0.772268226225212,0.));
#6982=DIRECTION('',(-0.635296613215406,0.772268226225212,0.));
#6983=DIRECTION('',(0.,0.,1.));
#6984=DIRECTION('',(1.,0.,0.));
#6985=DIRECTION('',(-0.764051798312787,-0.645154903488299,0.));
#6986=DIRECTION('',(0.645154903488299,-0.764051798312787,0.));
#6987=DIRECTION('',(0.,0.,-1.));
#6988=DIRECTION('',(-0.645154903488299,0.764051798312787,0.));
#6989=DIRECTION('',(0.,0.,-1.));
#6990=DIRECTION('',(0.,0.,-1.));
#6991=DIRECTION('',(-1.,0.,0.));
#6992=DIRECTION('',(0.,0.,-1.));
#6993=DIRECTION('',(0.,0.,1.));
#6994=DIRECTION('',(1.,0.,0.));
#6995=DIRECTION('',(-0.723428547016217,0.690399259386919,0.));
#6996=DIRECTION('',(-0.690399259386919,-0.723428547016217,0.));
#6997=DIRECTION('',(0.,0.,-1.));
#6998=DIRECTION('',(0.690399259386919,0.723428547016217,0.));
#6999=DIRECTION('',(0.,0.,-1.));
#7000=DIRECTION('',(-1.,0.,0.));
#7001=DIRECTION('',(0.,0.,1.));
#7002=DIRECTION('',(1.,0.,0.));
#7003=DIRECTION('',(0.,0.,1.));
#7004=DIRECTION('',(1.,0.,0.));
#7005=DIRECTION('',(-0.764051798312785,-0.645154903488301,0.));
#7006=DIRECTION('',(0.645154903488301,-0.764051798312785,0.));
#7007=DIRECTION('',(0.,0.,-1.));
#7008=DIRECTION('',(-0.645154903488301,0.764051798312785,0.));
#7009=DIRECTION('',(0.,0.,-1.));
#7010=DIRECTION('',(0.,0.,-1.));
#7011=DIRECTION('',(-1.,0.,0.));
#7012=DIRECTION('',(0.,0.,-1.));
#7013=DIRECTION('',(0.,0.,1.));
#7014=DIRECTION('',(1.,0.,0.));
#7015=DIRECTION('',(-0.72342854701619,0.690399259386947,0.));
#7016=DIRECTION('',(-0.690399259386947,-0.72342854701619,0.));
#7017=DIRECTION('',(0.,0.,-1.));
#7018=DIRECTION('',(0.690399259386947,0.72342854701619,0.));
#7019=DIRECTION('',(0.,0.,-1.));
#7020=DIRECTION('',(-1.,0.,0.));
#7021=DIRECTION('',(0.,0.,1.));
#7022=DIRECTION('',(1.,0.,0.));
#7023=DIRECTION('',(0.,0.,1.));
#7024=DIRECTION('',(1.,0.,0.));
#7025=CARTESIAN_POINT('',(0.,0.,0.));
#7026=CARTESIAN_POINT('',(0.10053575,-0.10251,0.00681566017177982));
#7027=CARTESIAN_POINT('',(0.134859584493519,-0.0953420937963182,0.00681566017177982));
#7028=CARTESIAN_POINT('',(0.135083418987038,-0.0951141875926365,0.00681566017177982));
#7029=CARTESIAN_POINT('',(0.13463575,-0.09557,0.00681566017177982));
#7030=CARTESIAN_POINT('',(0.135083418987038,-0.0962641875926365,0.00681566017177982));
#7031=CARTESIAN_POINT('',(0.135083418987038,-0.0974141875926365,0.00681566017177982));
#7032=CARTESIAN_POINT('',(0.134859584493519,-0.0971420937963182,0.00681566017177982));
#7033=CARTESIAN_POINT('',(0.13463575,-0.09687,0.00681566017177982));
#7034=CARTESIAN_POINT('',(0.13463575,-0.09622,0.00681566017177982));
#7035=CARTESIAN_POINT('',(0.13388575,-0.09622,0.00681566017177982));
#7036=CARTESIAN_POINT('',(0.13388575,-0.09557,0.00681566017177982));
#7037=CARTESIAN_POINT('',(0.13388575,-0.09687,0.00681566017177982));
#7038=CARTESIAN_POINT('',(0.13413575,-0.09557,0.00681566017177982));
#7039=CARTESIAN_POINT('',(0.13438575,-0.09557,0.00681566017177982));
#7040=CARTESIAN_POINT('',(0.13438575,-0.09622,0.00681566017177982));
#7041=CARTESIAN_POINT('',(0.13438575,-0.09687,0.00681566017177982));
#7042=CARTESIAN_POINT('',(0.13413575,-0.09687,0.00681566017177982));
#7043=CARTESIAN_POINT('',(0.12855,-0.091962899160319,0.00681566017177982));
#7044=CARTESIAN_POINT('',(0.12855,-0.090712899160319,0.00681566017177982));
#7045=CARTESIAN_POINT('',(0.12855,-0.093212899160319,0.00681566017177982));
#7046=CARTESIAN_POINT('',(0.1291,-0.090712899160319,0.00681566017177982));
#7047=CARTESIAN_POINT('',(0.12965,-0.090712899160319,0.00681566017177982));
#7048=CARTESIAN_POINT('',(0.12965,-0.091962899160319,0.00681566017177982));
#7049=CARTESIAN_POINT('',(0.12965,-0.093212899160319,0.00681566017177982));
#7050=CARTESIAN_POINT('',(0.1291,-0.093212899160319,0.00681566017177982));
#7051=CARTESIAN_POINT('',(0.12695,-0.091962899160319,0.00681566017177982));
#7052=CARTESIAN_POINT('',(0.12695,-0.090712899160319,0.00681566017177982));
#7053=CARTESIAN_POINT('',(0.12695,-0.093212899160319,0.00681566017177982));
#7054=CARTESIAN_POINT('',(0.1275,-0.090712899160319,0.00681566017177982));
#7055=CARTESIAN_POINT('',(0.12805,-0.090712899160319,0.00681566017177982));
#7056=CARTESIAN_POINT('',(0.12805,-0.091962899160319,0.00681566017177982));
#7057=CARTESIAN_POINT('',(0.12805,-0.093212899160319,0.00681566017177982));
#7058=CARTESIAN_POINT('',(0.1275,-0.093212899160319,0.00681566017177982));
#7059=CARTESIAN_POINT('',(0.1377,-0.10245,0.00681566017177982));
#7060=CARTESIAN_POINT('',(0.1387,-0.1032,0.00681566017177982));
#7061=CARTESIAN_POINT('',(0.1367,-0.1017,0.00681566017177982));
#7062=CARTESIAN_POINT('',(0.1377,-0.10395,0.00681566017177982));
#7063=CARTESIAN_POINT('',(0.1367,-0.1047,0.00681566017177982));
#7064=CARTESIAN_POINT('',(0.1367,-0.1032,0.00681566017177982));
#7065=CARTESIAN_POINT('',(0.1391,-0.10251,0.00681566017177982));
#7066=CARTESIAN_POINT('',(0.1391,-0.0589,0.00681566017177982));
#7067=CARTESIAN_POINT('',(0.1391,-0.07215,0.00681566017177982));
#7068=CARTESIAN_POINT('',(0.13832066017178,-0.07215,0.00681566017177982));
#7069=CARTESIAN_POINT('',(0.13832066017178,-0.0729293398282202,0.00681566017177982));
#7070=CARTESIAN_POINT('',(0.13027733982822,-0.0729293398282202,0.00681566017177981));
#7071=CARTESIAN_POINT('',(0.13027933982822,-0.0729293398282202,0.00681566017177982));
#7072=CARTESIAN_POINT('',(0.13027933982822,-0.0725396699141101,0.00681566017177984));
#7073=CARTESIAN_POINT('',(0.13027933982822,-0.07215,0.00681566017177984));
#7074=CARTESIAN_POINT('',(0.13075,-0.07215,0.00681566017177982));
#7075=CARTESIAN_POINT('',(0.1295,-0.07215,0.00681566017177982));
#7076=CARTESIAN_POINT('',(0.1295,-0.0589,0.00681566017177982));
#7077=CARTESIAN_POINT('',(0.1295,-0.0589,0.00681566017177982));
#7078=CARTESIAN_POINT('',(0.12022254491411,-0.0589,0.00681566017177982));
#7079=CARTESIAN_POINT('',(0.10080933982822,-0.0589,0.00681566017177982));
#7080=CARTESIAN_POINT('',(0.10080933982822,-0.090802,0.00681566017177982));
#7081=CARTESIAN_POINT('',(0.10080933982822,-0.0908,0.00681566017177981));
#7082=CARTESIAN_POINT('',(0.12022254491411,-0.0908,0.00681566017177982));
#7083=CARTESIAN_POINT('',(0.117559107832711,-0.0908,0.00681566017177981));
#7084=CARTESIAN_POINT('',(0.117559107832711,-0.0908,0.00681566017177982));
#7085=CARTESIAN_POINT('',(0.117559107832711,-0.11322,0.00681566017177982));
#7086=CARTESIAN_POINT('',(0.10053575,-0.11322,0.00681566017177982));
#7087=CARTESIAN_POINT('',(0.13963575,-0.11322,0.00681566017177982));
#7088=CARTESIAN_POINT('',(0.13963575,-0.10251,0.00681566017177982));
#7089=CARTESIAN_POINT('',(0.13963575,-0.0589,0.00681566017177982));
#7090=CARTESIAN_POINT('',(0.12022254491411,-0.0589,0.00681566017177982));
#7091=CARTESIAN_POINT('',(0.11925,-0.0657,0.00681566017177982));
#7092=CARTESIAN_POINT('',(0.11925,-0.06513,0.00681566017177982));
#7093=CARTESIAN_POINT('',(0.11925,-0.06627,0.00681566017177982));
#7094=CARTESIAN_POINT('',(0.11487,-0.06627,0.00681566017177982));
#7095=CARTESIAN_POINT('',(0.11049,-0.06627,0.00681566017177982));
#7096=CARTESIAN_POINT('',(0.11049,-0.0657,0.00681566017177982));
#7097=CARTESIAN_POINT('',(0.11049,-0.06513,0.00681566017177982));
#7098=CARTESIAN_POINT('',(0.11487,-0.06513,0.00681566017177982));
#7099=CARTESIAN_POINT('',(0.106901506350946,-0.08615,0.00681566017177982));
#7100=CARTESIAN_POINT('',(0.102,-0.08615,0.00681566017177982));
#7101=CARTESIAN_POINT('',(0.11087,-0.08615,0.00681566017177982));
#7102=CARTESIAN_POINT('',(0.102,-0.0772,0.00681566017177982));
#7103=CARTESIAN_POINT('',(0.102,-0.06825,0.00681566017177982));
#7104=CARTESIAN_POINT('',(0.11487,-0.06825,0.00681566017177982));
#7105=CARTESIAN_POINT('',(0.12774,-0.06825,0.00681566017177982));
#7106=CARTESIAN_POINT('',(0.12774,-0.0772,0.00681566017177982));
#7107=CARTESIAN_POINT('',(0.12774,-0.08615,0.00681566017177982));
#7108=CARTESIAN_POINT('',(0.122838493649054,-0.08615,0.00681566017177982));
#7109=CARTESIAN_POINT('',(0.11887,-0.08615,0.00681566017177982));
#7110=CARTESIAN_POINT('',(0.11887,-0.086025,0.00681566017177982));
#7111=CARTESIAN_POINT('',(0.11887,-0.08765,0.00681566017177982));
#7112=CARTESIAN_POINT('',(0.11787,-0.08765,0.00681566017177982));
#7113=CARTESIAN_POINT('',(0.11787,-0.08865,0.00681566017177982));
#7114=CARTESIAN_POINT('',(0.11487,-0.08865,0.00681566017177982));
#7115=CARTESIAN_POINT('',(0.11187,-0.08865,0.00681566017177982));
#7116=CARTESIAN_POINT('',(0.11187,-0.08765,0.00681566017177982));
#7117=CARTESIAN_POINT('',(0.11087,-0.08765,0.00681566017177982));
#7118=CARTESIAN_POINT('',(0.11087,-0.086025,0.00681566017177982));
#7119=CARTESIAN_POINT('',(0.1228,-0.1032,0.00681566017177982));
#7120=CARTESIAN_POINT('',(0.124987100839681,-0.1032,0.00681566017177982));
#7121=CARTESIAN_POINT('',(0.1283,-0.0955,0.00681566017177982));
#7122=CARTESIAN_POINT('',(0.130487100839681,-0.0955,0.00681566017177982));
#7123=CARTESIAN_POINT('',(0.1337,-0.1032,0.00681566017177982));
#7124=CARTESIAN_POINT('',(0.135887100839681,-0.1032,0.00681566017177982));
#7125=CARTESIAN_POINT('',(0.1283,-0.1107,0.00681566017177982));
#7126=CARTESIAN_POINT('',(0.130487100839681,-0.1107,0.00681566017177982));
#7127=CARTESIAN_POINT('',(0.1188,-0.10395,0.00681566017177982));
#7128=CARTESIAN_POINT('',(0.1178,-0.1032,0.00681566017177982));
#7129=CARTESIAN_POINT('',(0.1198,-0.1047,0.00681566017177982));
#7130=CARTESIAN_POINT('',(0.1188,-0.10245,0.00681566017177982));
#7131=CARTESIAN_POINT('',(0.1198,-0.1017,0.00681566017177982));
#7132=CARTESIAN_POINT('',(0.1198,-0.1032,0.00681566017177982));
#7133=CARTESIAN_POINT('',(0.12755,-0.1067,0.00681566017177982));
#7134=CARTESIAN_POINT('',(0.1283,-0.1057,0.00681566017177982));
#7135=CARTESIAN_POINT('',(0.1268,-0.1077,0.00681566017177982));
#7136=CARTESIAN_POINT('',(0.12905,-0.1067,0.00681566017177982));
#7137=CARTESIAN_POINT('',(0.1298,-0.1077,0.00681566017177982));
#7138=CARTESIAN_POINT('',(0.1283,-0.1077,0.00681566017177982));
#7139=CARTESIAN_POINT('',(0.135083418987038,-0.0962641875926365,0.00681566017177982));
#7140=CARTESIAN_POINT('',(0.135557683730866,-0.0973118387524992,0.00681566017177982));
#7141=CARTESIAN_POINT('',(0.135582387563286,-0.095228074490742,0.00681566017177982));
#7142=CARTESIAN_POINT('',(0.135420551358952,-0.0971494339799378,0.00681566017177982));
#7143=CARTESIAN_POINT('',(0.135283418987038,-0.0969870292073765,0.00681566017177982));
#7144=CARTESIAN_POINT('',(0.135083418987038,-0.0962641875926365,0.00681566017177982));
#7145=CARTESIAN_POINT('',(0.135283418987038,-0.0955413459778964,0.00681566017177982));
#7146=CARTESIAN_POINT('',(0.135432903275162,-0.0953847102343192,0.00681566017177982));
#7147=CARTESIAN_POINT('',(0.135083418987038,-0.0962641875926365,0.00681566017177982));
#7148=CARTESIAN_POINT('',(0.136216117087848,-0.0980916161172087,0.00681566017177982));
#7149=CARTESIAN_POINT('',(0.136291119989886,-0.0944854357022035,0.00681566017177982));
#7150=CARTESIAN_POINT('',(0.13605254493194,-0.0978978989196801,0.00681566017177982));
#7151=CARTESIAN_POINT('',(0.135888972776032,-0.0977041817221514,0.00681566017177982));
#7152=CARTESIAN_POINT('',(0.135083418987038,-0.0962641875926365,0.00681566017177982));
#7153=CARTESIAN_POINT('',(0.135939639399189,-0.0948537314232305,0.00681566017177982));
#7154=CARTESIAN_POINT('',(0.136115379694538,-0.094669583562717,0.00681566017177982));
#7155=CARTESIAN_POINT('',(0.104604491886747,-0.0908,0.00251));
#7156=CARTESIAN_POINT('',(0.104604491886747,-0.135155327527945,0.00251));
#7157=CARTESIAN_POINT('',(0.0998904851540002,-0.135155327527945,0.00251));
#7158=CARTESIAN_POINT('',(0.10880458527822,-0.135155327527945,0.00251));
#7159=CARTESIAN_POINT('',(0.119948835731899,-0.0994105512563693,0.00251));
#7160=CARTESIAN_POINT('',(0.100966113274379,-0.133238515556541,0.00251));
#7161=CARTESIAN_POINT('',(0.0837113636380861,-0.102545546593572,0.00251));
#7162=CARTESIAN_POINT('',(0.0999001613566529,-0.131342386675136,0.00251));
#7163=CARTESIAN_POINT('',(0.104604491886747,-0.131342386675136,0.00251));
#7164=CARTESIAN_POINT('',(0.108843942803652,-0.131342386675136,0.00251));
#7165=CARTESIAN_POINT('',(0.108843942803652,-0.0908,0.00251));
#7166=CARTESIAN_POINT('',(0.108843942803652,-0.132826822937014,0.00251));
#7167=CARTESIAN_POINT('',(0.104604491886747,-0.132826822937014,0.00251));
#7168=CARTESIAN_POINT('',(0.102423653592718,-0.132826822937014,0.00251));
#7169=CARTESIAN_POINT('',(0.0847267597804154,-0.102337687367963,0.00251));
#7170=CARTESIAN_POINT('',(0.102654329298942,-0.133224243125786,0.00251));
#7171=CARTESIAN_POINT('',(0.122454122497225,-0.102186893502143,0.00251));
#7172=CARTESIAN_POINT('',(0.10240103664365,-0.133621294378832,0.00251));
#7173=CARTESIAN_POINT('',(0.104604491886747,-0.133621294378832,0.00251));
#7174=CARTESIAN_POINT('',(0.108796663340373,-0.133621294378832,0.00251));
#7175=CARTESIAN_POINT('',(0.108565180934612,-0.0907786000893624,0.00251));
#7176=CARTESIAN_POINT('',(0.10880458527822,-0.135087484261489,0.00251));
#7177=CARTESIAN_POINT('',(0.10880458527822,-0.0908,0.00251));
#7178=CARTESIAN_POINT('',(0.106307104229927,-0.0908,0.00251));
#7179=CARTESIAN_POINT('',(0.106307104229927,-0.12461344897747,0.00251));
#7180=CARTESIAN_POINT('',(0.106307104229927,-0.126097664237022,0.00251));
#7181=CARTESIAN_POINT('',(0.104604491886747,-0.12461344897747,0.00251));
#7182=CARTESIAN_POINT('',(0.107342600822449,-0.12461344897747,0.00251));
#7183=CARTESIAN_POINT('',(0.107342600822449,-0.0908,0.00251));
#7184=CARTESIAN_POINT('',(0.107342600822449,-0.12371601909399,0.00251));
#7185=CARTESIAN_POINT('',(0.104604491886747,-0.12371601909399,0.00251));
#7186=CARTESIAN_POINT('',(0.105191074311733,-0.12371601909399,0.00251));
#7187=CARTESIAN_POINT('',(0.11938954511492,-0.0994515422496049,0.00251));
#7188=CARTESIAN_POINT('',(0.1045941944719,-0.124736056903222,0.00251));
#7189=CARTESIAN_POINT('',(0.104604491886747,-0.124736056903222,0.00251));
#7190=CARTESIAN_POINT('',(0.103614822030067,-0.124736056903222,0.00251));
#7191=CARTESIAN_POINT('',(0.0885996795703084,-0.100868792801074,0.00251));
#7192=CARTESIAN_POINT('',(0.103016532957554,-0.123785048723221,0.00251));
#7193=CARTESIAN_POINT('',(0.104604491886747,-0.123785048723221,0.00251));
#7194=CARTESIAN_POINT('',(0.101439356803894,-0.123785048723221,0.00251));
#7195=CARTESIAN_POINT('',(0.101439356803894,-0.0908,0.00251));
#7196=CARTESIAN_POINT('',(0.101439356803894,-0.126040130853653,0.00251));
#7197=CARTESIAN_POINT('',(0.104604491886747,-0.126040130853653,0.00251));
#7198=CARTESIAN_POINT('',(0.0999790802598,-0.126040130853653,0.00251));
#7199=CARTESIAN_POINT('',(0.0999790802598,-0.0908,0.00251));
#7200=CARTESIAN_POINT('',(0.0999790802598,-0.122300840914249,0.00251));
#7201=CARTESIAN_POINT('',(0.104604491886747,-0.122300840914249,0.00251));
#7202=CARTESIAN_POINT('',(0.103810414671898,-0.122300840914249,0.00251));
#7203=CARTESIAN_POINT('',(0.0903357610561671,-0.0990798422266231,0.00251));
#7204=CARTESIAN_POINT('',(0.104073092341423,-0.122753515839577,0.00251));
#7205=CARTESIAN_POINT('',(0.118137170435905,-0.0987187094162961,0.00251));
#7206=CARTESIAN_POINT('',(0.104354994205361,-0.122271759645918,0.00251));
#7207=CARTESIAN_POINT('',(0.104604491886747,-0.122271759645918,0.00251));
#7208=CARTESIAN_POINT('',(0.108811154961586,-0.122271759645918,0.00251));
#7209=CARTESIAN_POINT('',(0.108811154961586,-0.0908,0.00251));
#7210=CARTESIAN_POINT('',(0.108811154961586,-0.126070365309715,0.00251));
#7211=CARTESIAN_POINT('',(0.104989460331037,-0.126112029067797,0.00251));
#7212=CARTESIAN_POINT('',(0.0999421030282974,-0.0908,0.00251));
#7213=CARTESIAN_POINT('',(0.0999421030282974,-0.117685124278069,0.00251));
#7214=CARTESIAN_POINT('',(0.0999421030282974,-0.121512482854809,0.00251));
#7215=CARTESIAN_POINT('',(0.104604491886747,-0.117685124278069,0.00251));
#7216=CARTESIAN_POINT('',(0.106081634759903,-0.117685124278069,0.00251));
#7217=CARTESIAN_POINT('',(0.117424084839339,-0.0983014440827819,0.00251));
#7218=CARTESIAN_POINT('',(0.104703661320976,-0.120040012002563,0.00251));
#7219=CARTESIAN_POINT('',(0.104604491886747,-0.120040012002563,0.00251));
#7220=CARTESIAN_POINT('',(0.108811154961586,-0.120040012002563,0.00251));
#7221=CARTESIAN_POINT('',(0.108811154961586,-0.0908,0.00251));
#7222=CARTESIAN_POINT('',(0.108811154961586,-0.121488116681576,0.00251));
#7223=CARTESIAN_POINT('',(0.104604491886747,-0.121488116681576,0.00251));
#7224=CARTESIAN_POINT('',(0.103810414671898,-0.121488116681576,0.00251));
#7225=CARTESIAN_POINT('',(0.117389906279591,-0.0982814443405334,0.00251));
#7226=CARTESIAN_POINT('',(0.103619366517534,-0.121814608427199,0.00251));
#7227=CARTESIAN_POINT('',(0.104604491886747,-0.121814608427199,0.00251));
#7228=CARTESIAN_POINT('',(0.102012738585472,-0.121814608427199,0.00251));
#7229=CARTESIAN_POINT('',(0.116193079081045,-0.0975811153722234,0.00251));
#7230=CARTESIAN_POINT('',(0.102189528760921,-0.121512482854809,0.00251));
#7231=CARTESIAN_POINT('',(0.104604491886747,-0.121512482854809,0.00251));
#7232=CARTESIAN_POINT('',(0.0999421030282974,-0.0908,0.00251));
#7233=CARTESIAN_POINT('',(0.0999421030282974,-0.115530513226986,0.00251));
#7234=CARTESIAN_POINT('',(0.0999421030282974,-0.117023587226868,0.00251));
#7235=CARTESIAN_POINT('',(0.104604491886747,-0.115530513226986,0.00251));
#7236=CARTESIAN_POINT('',(0.107330650091171,-0.115530513226986,0.00251));
#7237=CARTESIAN_POINT('',(0.107330650091171,-0.0908,0.00251));
#7238=CARTESIAN_POINT('',(0.107330650091171,-0.113661967217922,0.00251));
#7239=CARTESIAN_POINT('',(0.104604491886747,-0.113661967217922,0.00251));
#7240=CARTESIAN_POINT('',(0.108811154961586,-0.113661967217922,0.00251));
#7241=CARTESIAN_POINT('',(0.108811154961586,-0.0908,0.00251));
#7242=CARTESIAN_POINT('',(0.108811154961586,-0.117034330964088,0.00251));
#7243=CARTESIAN_POINT('',(0.10457271852492,-0.117029196633199,0.00251));
#7244=CARTESIAN_POINT('',(0.104604491886747,-0.10402175039053,0.00251));
#7245=CARTESIAN_POINT('',(0.108812518417835,-0.10402175039053,0.00251));
#7246=CARTESIAN_POINT('',(0.102281719446182,-0.10402175039053,0.00251));
#7247=CARTESIAN_POINT('',(0.102281719446182,-0.0908,0.00251));
#7248=CARTESIAN_POINT('',(0.102281719446182,-0.100242920219898,0.00251));
#7249=CARTESIAN_POINT('',(0.104604491886747,-0.100242920219898,0.00251));
#7250=CARTESIAN_POINT('',(0.10604289919138,-0.100242920219898,0.00251));
#7251=CARTESIAN_POINT('',(0.10604289919138,-0.0908,0.00251));
#7252=CARTESIAN_POINT('',(0.10604289919138,-0.102548770606518,0.00251));
#7253=CARTESIAN_POINT('',(0.104604491886747,-0.102548770606518,0.00251));
#7254=CARTESIAN_POINT('',(0.107344418764114,-0.102548770606518,0.00251));
#7255=CARTESIAN_POINT('',(0.107344418764114,-0.0908,0.00251));
#7256=CARTESIAN_POINT('',(0.107344418764114,-0.101718805730343,0.00251));
#7257=CARTESIAN_POINT('',(0.104604491886747,-0.101718805730343,0.00251));
#7258=CARTESIAN_POINT('',(0.106094501912594,-0.101718805730343,0.00251));
#7259=CARTESIAN_POINT('',(0.110522156576884,-0.0943610604362996,0.00251));
#7260=CARTESIAN_POINT('',(0.107004970312118,-0.100205816328525,0.00251));
#7261=CARTESIAN_POINT('',(0.104604491886747,-0.100205816328525,0.00251));
#7262=CARTESIAN_POINT('',(0.108812518417835,-0.100205816328525,0.00251));
#7263=CARTESIAN_POINT('',(0.108812518417835,-0.0908,0.00251));
#7264=CARTESIAN_POINT('',(0.10227158665657,-0.0908,0.00251));
#7265=CARTESIAN_POINT('',(0.10227158665657,-0.0977000519633293,0.00251));
#7266=CARTESIAN_POINT('',(0.10227158665657,-0.0957602560520172,0.00251));
#7267=CARTESIAN_POINT('',(0.104604491886747,-0.0957602560520172,0.00251));
#7268=CARTESIAN_POINT('',(0.104557923972607,-0.0957602560520172,0.00251));
#7269=CARTESIAN_POINT('',(0.104557923972607,-0.0908,0.00251));
#7270=CARTESIAN_POINT('',(0.104557923972607,-0.0972294583916664,0.00251));
#7271=CARTESIAN_POINT('',(0.104604491886747,-0.0972294583916664,0.00251));
#7272=CARTESIAN_POINT('',(0.103723131120205,-0.0972294583916664,0.00251));
#7273=CARTESIAN_POINT('',(0.103723131120205,-0.0908,0.00251));
#7274=CARTESIAN_POINT('',(0.103723131120205,-0.0980696752667427,0.00251));
#7275=CARTESIAN_POINT('',(0.104604491886747,-0.0980696752667427,0.00251));
#7276=CARTESIAN_POINT('',(0.108815871179104,-0.0980696752667427,0.00251));
#7277=CARTESIAN_POINT('',(0.108815871179104,-0.0908,0.00251));
#7278=CARTESIAN_POINT('',(0.108815871179104,-0.099539540708065,0.00251));
#7279=CARTESIAN_POINT('',(0.104604491886747,-0.099539540708065,0.00251));
#7280=CARTESIAN_POINT('',(0.102268107235432,-0.099539540708065,0.00251));
#7281=CARTESIAN_POINT('',(0.102268107235432,-0.0908,0.00251));
#7282=CARTESIAN_POINT('',(0.102268107235432,-0.0980696752667427,0.00251));
#7283=CARTESIAN_POINT('',(0.104604491886747,-0.0980696752667427,0.00251));
#7284=CARTESIAN_POINT('',(0.102662973105907,-0.0980696752667427,0.00251));
#7285=CARTESIAN_POINT('',(0.100060313005874,-0.095611736762571,0.00251));
#7286=CARTESIAN_POINT('',(0.115073233773495,-0.0908,0.00251));
#7287=CARTESIAN_POINT('',(0.115073233773495,-0.0951056601717798,0.00251));
#7288=CARTESIAN_POINT('',(0.115073233773495,-0.1358,0.00251));
#7289=CARTESIAN_POINT('',(0.13963775,-0.0951056601717798,0.00251));
#7290=CARTESIAN_POINT('',(0.10080933982822,-0.0951056601717798,0.00251));
#7291=CARTESIAN_POINT('',(0.10080933982822,-0.0908,0.00251));
#7292=CARTESIAN_POINT('',(0.0965036796564404,-0.0908,0.00251));
#7293=CARTESIAN_POINT('',(0.0965036796564404,-0.058898,0.00251));
#7294=CARTESIAN_POINT('',(0.0965036796564404,-0.0589,0.00251));
#7295=CARTESIAN_POINT('',(0.0950697148282202,-0.0589,0.00251));
#7296=CARTESIAN_POINT('',(0.09363575,-0.0589,0.00251));
#7297=CARTESIAN_POINT('',(0.09363575,-0.0908,0.00251));
#7298=CARTESIAN_POINT('',(0.09363575,-0.1358,0.00251));
#7299=CARTESIAN_POINT('',(0.104604491886747,-0.1358,0.00251));
#7300=CARTESIAN_POINT('',(0.09568,-0.1339305,0.00251));
#7301=CARTESIAN_POINT('',(0.09658,-0.1339305,0.00251));
#7302=CARTESIAN_POINT('',(0.11092,-0.1339305,0.00251));
#7303=CARTESIAN_POINT('',(0.11182,-0.1339305,0.00251));
#7304=CARTESIAN_POINT('',(0.09568,-0.0932905,0.00251));
#7305=CARTESIAN_POINT('',(0.09658,-0.0932905,0.00251));
#7306=CARTESIAN_POINT('',(0.110471611567971,-0.0942060423653004,0.00251));
#7307=CARTESIAN_POINT('',(0.103028804063797,-0.107026740908623,0.00251));
#7308=CARTESIAN_POINT('',(0.102163054049015,-0.108518049120903,0.00251));
#7309=CARTESIAN_POINT('',(0.104604491886747,-0.107026740908623,0.00251));
#7310=CARTESIAN_POINT('',(0.107338778674602,-0.107026740908623,0.00251));
#7311=CARTESIAN_POINT('',(0.107338778674602,-0.0908,0.00251));
#7312=CARTESIAN_POINT('',(0.107338778674602,-0.106185920536518,0.00251));
#7313=CARTESIAN_POINT('',(0.104604491886747,-0.106185920536518,0.00251));
#7314=CARTESIAN_POINT('',(0.103502154350281,-0.106185920536518,0.00251));
#7315=CARTESIAN_POINT('',(0.110492025591689,-0.0942469580117805,0.00251));
#7316=CARTESIAN_POINT('',(0.104355432093143,-0.104728490114212,0.00251));
#7317=CARTESIAN_POINT('',(0.104604491886747,-0.104728490114212,0.00251));
#7318=CARTESIAN_POINT('',(0.111280776560307,-0.104728490114212,0.00251));
#7319=CARTESIAN_POINT('',(0.111280776560307,-0.0908,0.00251));
#7320=CARTESIAN_POINT('',(0.111280776560307,-0.108512550592422,0.00251));
#7321=CARTESIAN_POINT('',(0.104604491886747,-0.108512550592422,0.00251));
#7322=CARTESIAN_POINT('',(0.109796568751335,-0.108512550592422,0.00251));
#7323=CARTESIAN_POINT('',(0.109796568751335,-0.0908,0.00251));
#7324=CARTESIAN_POINT('',(0.109796568751335,-0.106176935136318,0.00251));
#7325=CARTESIAN_POINT('',(0.104604491886747,-0.106176935136318,0.00251));
#7326=CARTESIAN_POINT('',(0.108807094395161,-0.106176935136318,0.00251));
#7327=CARTESIAN_POINT('',(0.108807094395161,-0.0908,0.00251));
#7328=CARTESIAN_POINT('',(0.108807094395161,-0.108512550592422,0.00251));
#7329=CARTESIAN_POINT('',(0.104619153450512,-0.108516016482357,0.00251));
#7330=CARTESIAN_POINT('',(0.112417382828931,-0.0953717492547853,0.00251));
#7331=CARTESIAN_POINT('',(0.10213626700681,-0.112941662258678,0.00251));
#7332=CARTESIAN_POINT('',(0.103461652877652,-0.110676644059273,0.00251));
#7333=CARTESIAN_POINT('',(0.10458041219903,-0.110677999295014,0.00251));
#7334=CARTESIAN_POINT('',(0.10224383851456,-0.11067516883085,0.00251));
#7335=CARTESIAN_POINT('',(0.102267918202277,-0.0907971695358363,0.00251));
#7336=CARTESIAN_POINT('',(0.102245653152713,-0.109177168676555,0.00251));
#7337=CARTESIAN_POINT('',(0.104582226837183,-0.109179999140718,0.00251));
#7338=CARTESIAN_POINT('',(0.108811154961586,-0.109185121953487,0.00251));
#7339=CARTESIAN_POINT('',(0.108811154961586,-0.0908,0.00251));
#7340=CARTESIAN_POINT('',(0.108811154961586,-0.110679909586906,0.00251));
#7341=CARTESIAN_POINT('',(0.104604491886747,-0.110679909586906,0.00251));
#7342=CARTESIAN_POINT('',(0.108447000384331,-0.110679909586906,0.00251));
#7343=CARTESIAN_POINT('',(0.0964021872128096,-0.100826406643742,0.00251));
#7344=CARTESIAN_POINT('',(0.108811154961586,-0.110977813601494,0.00251));
#7345=CARTESIAN_POINT('',(0.108811154961586,-0.0908,0.00251));
#7346=CARTESIAN_POINT('',(0.108811154961586,-0.112941662258678,0.00251));
#7347=CARTESIAN_POINT('',(0.104604491886747,-0.112941662258678,0.00251));
#7348=CARTESIAN_POINT('',(0.108811154961586,-0.0908,0.00251));
#7349=CARTESIAN_POINT('',(0.108811154961586,-0.129074826836586,0.00251));
#7350=CARTESIAN_POINT('',(0.108811154961586,-0.13054932653904,0.00251));
#7351=CARTESIAN_POINT('',(0.104547101800893,-0.130543169144392,0.00251));
#7352=CARTESIAN_POINT('',(0.103826984763145,-0.130542129278183,0.00251));
#7353=CARTESIAN_POINT('',(0.121185607577887,-0.100325346840849,0.00251));
#7354=CARTESIAN_POINT('',(0.103646226227283,-0.130856782197952,0.00251));
#7355=CARTESIAN_POINT('',(0.104604491886747,-0.130856782197952,0.00251));
#7356=CARTESIAN_POINT('',(0.102012738585472,-0.130856782197952,0.00251));
#7357=CARTESIAN_POINT('',(0.120136112370565,-0.0998898771918168,0.00251));
#7358=CARTESIAN_POINT('',(0.102186799049377,-0.130559369921684,0.00251));
#7359=CARTESIAN_POINT('',(0.104604491886747,-0.130559369921684,0.00251));
#7360=CARTESIAN_POINT('',(0.0999541506171227,-0.130559369921684,0.00251));
#7361=CARTESIAN_POINT('',(0.0999541506171227,-0.0908,0.00251));
#7362=CARTESIAN_POINT('',(0.0999541506171227,-0.126777827739716,0.00251));
#7363=CARTESIAN_POINT('',(0.104604491886747,-0.126777827739716,0.00251));
#7364=CARTESIAN_POINT('',(0.106022655963898,-0.126777827739716,0.00251));
#7365=CARTESIAN_POINT('',(0.121343658302233,-0.10059500061527,0.00251));
#7366=CARTESIAN_POINT('',(0.104678556323051,-0.129074826836586,0.00251));
#7367=CARTESIAN_POINT('',(0.104604491886747,-0.129074826836586,0.00251));
#7368=CARTESIAN_POINT('',(0.13125,-0.07215,0.001845));
#7369=CARTESIAN_POINT('',(0.1343,-0.07215,0.004345));
#7370=CARTESIAN_POINT('',(0.132871714314291,-0.07215,0.007595));
#7371=CARTESIAN_POINT('',(0.135728285685709,-0.07215,0.007595));
#7372=CARTESIAN_POINT('',(0.13027733982822,-0.07215,0.007595));
#7373=CARTESIAN_POINT('',(0.123055,-0.08615,0.006255));
#7374=CARTESIAN_POINT('',(0.11887,-0.08615,0.00681766017177982));
#7375=CARTESIAN_POINT('',(0.11887,-0.08615,0.005755));
#7376=CARTESIAN_POINT('',(0.12774,-0.08615,0.006255));
#7377=CARTESIAN_POINT('',(0.12774,-0.08615,0.005755));
#7378=CARTESIAN_POINT('',(0.123055,-0.08615,0.005755));
#7379=CARTESIAN_POINT('',(0.09363375,-0.10251,0.005755));
#7380=CARTESIAN_POINT('',(0.11487,-0.06627,0.005755));
#7381=CARTESIAN_POINT('',(0.11925,-0.06627,0.005755));
#7382=CARTESIAN_POINT('',(0.11049,-0.06627,0.005755));
#7383=CARTESIAN_POINT('',(0.11925,-0.0657,0.005755));
#7384=CARTESIAN_POINT('',(0.11925,-0.06513,0.005755));
#7385=CARTESIAN_POINT('',(0.11487,-0.06513,0.005755));
#7386=CARTESIAN_POINT('',(0.11049,-0.06513,0.005755));
#7387=CARTESIAN_POINT('',(0.11049,-0.0657,0.005755));
#7388=CARTESIAN_POINT('',(0.1228,-0.1032,0.005755));
#7389=CARTESIAN_POINT('',(0.120612899160319,-0.1032,0.005755));
#7390=CARTESIAN_POINT('',(0.1283,-0.0955,0.005755));
#7391=CARTESIAN_POINT('',(0.126112899160319,-0.0955,0.005755));
#7392=CARTESIAN_POINT('',(0.1337,-0.1032,0.005755));
#7393=CARTESIAN_POINT('',(0.131512899160319,-0.1032,0.005755));
#7394=CARTESIAN_POINT('',(0.1283,-0.1107,0.005755));
#7395=CARTESIAN_POINT('',(0.126112899160319,-0.1107,0.005755));
#7396=CARTESIAN_POINT('',(0.09363375,-0.11422,0.005755));
#7397=CARTESIAN_POINT('',(0.118101435935394,-0.11422,0.005755));
#7398=CARTESIAN_POINT('',(0.13963575,-0.11422,0.005755));
#7399=CARTESIAN_POINT('',(0.118101435935394,-0.10251,0.005755));
#7400=CARTESIAN_POINT('',(0.118101435935394,-0.0908,0.005755));
#7401=CARTESIAN_POINT('',(0.10487,-0.0908,0.005755));
#7402=CARTESIAN_POINT('',(0.10187,-0.0908,0.005755));
#7403=CARTESIAN_POINT('',(0.10187,-0.090802,0.005755));
#7404=CARTESIAN_POINT('',(0.10187,-0.0589,0.005755));
#7405=CARTESIAN_POINT('',(0.10487,-0.0589,0.005755));
#7406=CARTESIAN_POINT('',(0.13963575,-0.0589,0.005755));
#7407=CARTESIAN_POINT('',(0.13963575,-0.10251,0.005755));
#7408=CARTESIAN_POINT('',(0.11787,-0.08765,0.005755));
#7409=CARTESIAN_POINT('',(0.11887,-0.08765,0.005755));
#7410=CARTESIAN_POINT('',(0.11787,-0.08865,0.005755));
#7411=CARTESIAN_POINT('',(0.11887,-0.086025,0.005755));
#7412=CARTESIAN_POINT('',(0.12774,-0.0772,0.005755));
#7413=CARTESIAN_POINT('',(0.12774,-0.06825,0.005755));
#7414=CARTESIAN_POINT('',(0.11487,-0.06825,0.005755));
#7415=CARTESIAN_POINT('',(0.102,-0.06825,0.005755));
#7416=CARTESIAN_POINT('',(0.102,-0.0772,0.005755));
#7417=CARTESIAN_POINT('',(0.102,-0.08615,0.005755));
#7418=CARTESIAN_POINT('',(0.106685,-0.08615,0.005755));
#7419=CARTESIAN_POINT('',(0.11087,-0.08615,0.005755));
#7420=CARTESIAN_POINT('',(0.11087,-0.086025,0.005755));
#7421=CARTESIAN_POINT('',(0.11087,-0.08765,0.005755));
#7422=CARTESIAN_POINT('',(0.11187,-0.08765,0.005755));
#7423=CARTESIAN_POINT('',(0.11187,-0.08865,0.005755));
#7424=CARTESIAN_POINT('',(0.11487,-0.08865,0.005755));
#7425=CARTESIAN_POINT('',(0.10053575,-0.10251,0.00681566017177982));
#7426=CARTESIAN_POINT('',(0.131,-0.072152,0.00681566017177982));
#7427=CARTESIAN_POINT('',(0.131,-0.07215,0.00681566017177984));
#7428=CARTESIAN_POINT('',(0.131,-0.0589,0.00681566017177982));
#7429=CARTESIAN_POINT('',(0.13027733982822,-0.07215,0.00681566017177984));
#7430=CARTESIAN_POINT('',(0.1376,-0.07215,0.00681566017177984));
#7431=CARTESIAN_POINT('',(0.1376,-0.072152,0.00681566017177982));
#7432=CARTESIAN_POINT('',(0.1376,-0.0589,0.00681566017177982));
#7433=CARTESIAN_POINT('',(0.12022254491411,-0.0589,0.00681566017177982));
#7434=CARTESIAN_POINT('',(0.09363375,-0.11422,0.00628533008588991));
#7435=CARTESIAN_POINT('',(0.13963575,-0.11422,0.00628533008588991));
#7436=CARTESIAN_POINT('',(0.13963575,-0.11422,0.0063725));
#7437=CARTESIAN_POINT('',(0.09363375,-0.11422,0.0063725));
#7438=CARTESIAN_POINT('',(0.118596773132596,-0.11422,0.0063725));
#7439=CARTESIAN_POINT('',(0.118596773132596,-0.11422,0.006345));
#7440=CARTESIAN_POINT('',(0.118596773132596,-0.11422,0.00661294919243112));
#7441=CARTESIAN_POINT('',(0.112214154114932,-0.11422,-0.00444207123151799));
#7442=CARTESIAN_POINT('',(0.118918386566298,-0.0908,0.00717));
#7443=CARTESIAN_POINT('',(0.118918386566298,-0.1151925,0.00717));
#7444=CARTESIAN_POINT('',(0.119596773132596,-0.1151925,0.008345));
#7445=CARTESIAN_POINT('',(0.119019422863406,-0.1151925,0.007345));
#7446=CARTESIAN_POINT('',(0.119596773132596,-0.0908,0.008345));
#7447=CARTESIAN_POINT('',(0.119596773132596,-0.1358,0.008345));
#7448=CARTESIAN_POINT('',(0.118918386566298,-0.1358,0.00717));
#7449=CARTESIAN_POINT('',(0.115650584042684,-0.1358,0.00151));
#7450=CARTESIAN_POINT('',(0.115650584042684,-0.0908,0.00151));
#7451=CARTESIAN_POINT('',(0.115650584042684,-0.0908,0.00151));
#7452=CARTESIAN_POINT('',(0.118918386566298,-0.0908,0.00717));
#7453=CARTESIAN_POINT('',(0.118596773132596,-0.0908,0.00661294919243112));
#7454=CARTESIAN_POINT('',(0.118596773132596,-0.114460449192431,0.00661294919243112));
#7455=CARTESIAN_POINT('',(0.112926109361684,-0.104638571428571,-0.00320892857142857));
#7456=CARTESIAN_POINT('',(0.116757653183856,-0.0908,0.0054275));
#7457=CARTESIAN_POINT('',(0.119019422863406,-0.0908,0.009345));
#7458=CARTESIAN_POINT('',(0.119019422863406,-0.11522,0.009345));
#7459=CARTESIAN_POINT('',(0.119019422863406,-0.1358,0.009345));
#7460=CARTESIAN_POINT('',(0.111684600086401,-0.102515714285714,-0.0033592857142857));
#7461=CARTESIAN_POINT('',(0.118442072594216,-0.11422,0.008345));
#7462=CARTESIAN_POINT('',(0.116757653183856,-0.11422,0.0054275));
#7463=CARTESIAN_POINT('',(0.118136458101901,-0.11422,0.00781566017177982));
#7464=CARTESIAN_POINT('',(0.115127199570895,-0.109007811331188,0.00260347150296823));
#7465=CARTESIAN_POINT('',(0.119647824974088,-0.0871822357884946,0.0104334243832852));
#7466=CARTESIAN_POINT('',(0.116757653183856,-0.1358,0.0054275));
#7467=CARTESIAN_POINT('',(0.104604491886747,-0.0908,0.00251));
#7468=CARTESIAN_POINT('',(0.13963775,-0.0929843398282202,0.00251));
#7469=CARTESIAN_POINT('',(0.115073233773495,-0.0929843398282202,0.00251));
#7470=CARTESIAN_POINT('',(0.10080933982822,-0.0929843398282202,0.00251));
#7471=CARTESIAN_POINT('',(0.115073233773495,-0.0908,0.00251));
#7472=CARTESIAN_POINT('',(0.115073233773495,-0.0908,0.00251));
#7473=CARTESIAN_POINT('',(0.104604491886747,-0.0908,0.00251));
#7474=CARTESIAN_POINT('',(0.098625,-0.0908,0.00251));
#7475=CARTESIAN_POINT('',(0.10080933982822,-0.0908,0.00251));
#7476=CARTESIAN_POINT('',(0.119596773132596,-0.0908,0.009345));
#7477=CARTESIAN_POINT('',(0.13963575,-0.0908,0.009345));
#7478=CARTESIAN_POINT('',(0.13963575,-0.11522,0.009345));
#7479=CARTESIAN_POINT('',(0.13963575,-0.1358,0.009345));
#7480=CARTESIAN_POINT('',(0.119019422863406,-0.11522,0.009345));
#7481=CARTESIAN_POINT('',(0.119596773132596,-0.1358,0.009345));
#7482=CARTESIAN_POINT('',(0.116757653183856,-0.0908,0.0054275));
#7483=CARTESIAN_POINT('',(0.11912293431492,-0.085970052735032,0.00952428709318823));
#7484=CARTESIAN_POINT('',(0.116334362961319,-0.0908,0.00469433982822017));
#7485=CARTESIAN_POINT('',(0.116757653183856,-0.0908,0.0054275));
#7486=CARTESIAN_POINT('',(0.129616261566298,-0.0908,0.008345));
#7487=CARTESIAN_POINT('',(0.129616261566298,-0.1151925,0.008345));
#7488=CARTESIAN_POINT('',(0.13963575,-0.1151925,0.008345));
#7489=CARTESIAN_POINT('',(0.13963575,-0.0908,0.008345));
#7490=CARTESIAN_POINT('',(0.13963575,-0.1358,0.008345));
#7491=CARTESIAN_POINT('',(0.129616261566298,-0.1358,0.008345));
#7492=CARTESIAN_POINT('',(0.104893167021342,-0.0908,0.00151));
#7493=CARTESIAN_POINT('',(0.104893167021342,-0.1358,0.00151));
#7494=CARTESIAN_POINT('',(0.09363575,-0.1358,0.00151));
#7495=CARTESIAN_POINT('',(0.09363575,-0.0908,0.00151));
#7496=CARTESIAN_POINT('',(0.09363575,-0.0589,0.00151));
#7497=CARTESIAN_POINT('',(0.0965643398282202,-0.0589,0.00151));
#7498=CARTESIAN_POINT('',(0.097625,-0.0589,0.00151));
#7499=CARTESIAN_POINT('',(0.097625,-0.090802,0.00151));
#7500=CARTESIAN_POINT('',(0.097625,-0.0908,0.00151));
#7501=CARTESIAN_POINT('',(0.104893167021342,-0.0908,0.00151));
#7502=CARTESIAN_POINT('',(0.09568,-0.1339305,0.00151));
#7503=CARTESIAN_POINT('',(0.09478,-0.1339305,0.00151));
#7504=CARTESIAN_POINT('',(0.11092,-0.1339305,0.00151));
#7505=CARTESIAN_POINT('',(0.11002,-0.1339305,0.00151));
#7506=CARTESIAN_POINT('',(0.09568,-0.0932905,0.00151));
#7507=CARTESIAN_POINT('',(0.09478,-0.0932905,0.00151));
#7508=CARTESIAN_POINT('',(0.09363575,-0.0908,0.00201));
#7509=CARTESIAN_POINT('',(0.09363575,-0.1358,0.00201));
#7510=CARTESIAN_POINT('',(0.09363575,-0.0589,0.00226));
#7511=CARTESIAN_POINT('',(0.13963575,-0.0908,0.008845));
#7512=CARTESIAN_POINT('',(0.13963575,-0.1141925,0.006345));
#7513=CARTESIAN_POINT('',(0.13963575,-0.1151925,0.007345));
#7514=CARTESIAN_POINT('',(0.13963575,-0.0589,0.00628533008588991));
#7515=CARTESIAN_POINT('',(0.13963575,-0.10302466991411,-0.00337966991411008));
#7516=CARTESIAN_POINT('',(0.13963575,-0.11422,0.00781566017177982));
#7517=CARTESIAN_POINT('',(0.13963575,-0.11422,0.00758033008588991));
#7518=CARTESIAN_POINT('',(0.13963575,-0.11422,0.008345));
#7519=CARTESIAN_POINT('',(0.13963575,-0.11422,0.008345));
#7520=CARTESIAN_POINT('',(0.13963575,-0.1358,0.008845));
#7521=CARTESIAN_POINT('',(0.13963575,-0.1151925,0.006345));
#7522=CARTESIAN_POINT('',(0.11663575,-0.1358,-0.0048275));
#7523=CARTESIAN_POINT('',(0.11663575,-0.0589,-0.0048275));
#7524=CARTESIAN_POINT('',(0.131,-0.0589,0.00695533008588991));
#7525=CARTESIAN_POINT('',(0.131,-0.0589,0.007095));
#7526=CARTESIAN_POINT('',(0.1376,-0.0589,0.00695533008588991));
#7527=CARTESIAN_POINT('',(0.1376,-0.0589,0.007095));
#7528=CARTESIAN_POINT('',(0.136609545297914,-0.0589,0.007095));
#7529=CARTESIAN_POINT('',(0.135619090595827,-0.0589,0.007095));
#7530=CARTESIAN_POINT('',(0.1343,-0.0589,0.004345));
#7531=CARTESIAN_POINT('',(0.132980909404173,-0.0589,0.007095));
#7532=CARTESIAN_POINT('',(0.131990454702086,-0.0589,0.007095));
#7533=CARTESIAN_POINT('',(0.0984065097423303,-0.0589,0.00441283008588991));
#7534=CARTESIAN_POINT('',(0.11724629491411,-0.0589,-0.00543804491411009));
#7535=CARTESIAN_POINT('',(0.13027933982822,-0.0589,0.007595));
#7536=CARTESIAN_POINT('',(0.131685857157146,-0.0589,0.007595));
#7537=CARTESIAN_POINT('',(0.132871714314291,-0.0589,0.007595));
#7538=CARTESIAN_POINT('',(0.1343,-0.0589,0.004345));
#7539=CARTESIAN_POINT('',(0.135728285685709,-0.0589,0.007595));
#7540=CARTESIAN_POINT('',(0.136914142842854,-0.0589,0.007595));
#7541=CARTESIAN_POINT('',(0.13832066017178,-0.0589,0.007595));
#7542=CARTESIAN_POINT('',(0.13368945508589,-0.0589,0.0122262050858899));
#7543=CARTESIAN_POINT('',(0.0999975,-0.0589,0.0038825));
#7544=CARTESIAN_POINT('',(0.10053575,-0.11422,0.00758033008588991));
#7545=CARTESIAN_POINT('',(0.10053575,-0.11422,0.00781566017177982));
#7546=CARTESIAN_POINT('',(0.13963575,-0.11422,0.008345));
#7547=CARTESIAN_POINT('',(0.10080933982822,-0.0908,0.00681566017177981));
#7548=CARTESIAN_POINT('',(0.10080933982822,-0.0929528300858899,0.00466283008588991));
#7549=CARTESIAN_POINT('',(0.0986565097423303,-0.0908,0.00466283008588991));
#7550=CARTESIAN_POINT('',(0.10080933982822,-0.0908,0.00469433982822017));
#7551=CARTESIAN_POINT('',(0.0997171699141101,-0.0908,0.00360216991411009));
#7552=CARTESIAN_POINT('',(0.10080933982822,-0.0908,0.00469433982822017));
#7553=CARTESIAN_POINT('',(0.10080933982822,-0.0918921699141101,0.00360216991411009));
#7554=CARTESIAN_POINT('',(0.0999975,-0.090802,0.0038825));
#7555=CARTESIAN_POINT('',(0.0999975,-0.0908,0.0038825));
#7556=CARTESIAN_POINT('',(0.0999975,-0.0908,0.0038825));
#7557=CARTESIAN_POINT('',(0.0984065097423303,-0.090802,0.00441283008588991));
#7558=CARTESIAN_POINT('',(0.13963775,-0.0908,0.005755));
#7559=CARTESIAN_POINT('',(0.13963775,-0.0908,0.00469433982822017));
#7560=CARTESIAN_POINT('',(0.13963775,-0.0918921699141101,0.00360216991411009));
#7561=CARTESIAN_POINT('',(0.13963775,-0.0929528300858899,0.00466283008588991));
#7562=CARTESIAN_POINT('',(0.129616261566298,-0.1151925,0.006345));
#7563=CARTESIAN_POINT('',(0.13963575,-0.1151925,0.007345));
#7564=CARTESIAN_POINT('',(0.118596773132596,-0.11470625,0.006345));
#7565=CARTESIAN_POINT('',(0.118596773132596,-0.1141925,0.006345));
#7566=CARTESIAN_POINT('',(0.10053575,-0.11322,0.00681566017177982));
#7567=CARTESIAN_POINT('',(0.10053575,-0.11422,0.008345));
#7568=CARTESIAN_POINT('',(0.129616261566298,-0.1141925,0.006345));
#7569=CARTESIAN_POINT('',(0.1283,-0.1107,0.005753));
#7570=CARTESIAN_POINT('',(0.1337,-0.1032,0.005753));
#7571=CARTESIAN_POINT('',(0.1283,-0.0955,0.005753));
#7572=CARTESIAN_POINT('',(0.1228,-0.1032,0.005753));
#7573=CARTESIAN_POINT('',(0.131685857157146,-0.072152,0.007595));
#7574=CARTESIAN_POINT('',(0.131685857157146,-0.07215,0.007595));
#7575=CARTESIAN_POINT('',(0.13027933982822,-0.07215,0.007595));
#7576=CARTESIAN_POINT('',(0.132871714314291,-0.072152,0.007595));
#7577=CARTESIAN_POINT('',(0.13027933982822,-0.072152,0.007595));
#7578=CARTESIAN_POINT('',(0.1343,-0.072152,0.004345));
#7579=CARTESIAN_POINT('',(0.135728285685709,-0.072152,0.007595));
#7580=CARTESIAN_POINT('',(0.136914142842854,-0.072152,0.007595));
#7581=CARTESIAN_POINT('',(0.136914142842854,-0.07215,0.007595));
#7582=CARTESIAN_POINT('',(0.13832066017178,-0.07215,0.007595));
#7583=CARTESIAN_POINT('',(0.13832066017178,-0.072152,0.007595));
#7584=CARTESIAN_POINT('',(0.1376,-0.072152,0.00695533008588991));
#7585=CARTESIAN_POINT('',(0.1376,-0.07215,0.00695533008588991));
#7586=CARTESIAN_POINT('',(0.1376,-0.07215,0.007095));
#7587=CARTESIAN_POINT('',(0.1376,-0.072152,0.007095));
#7588=CARTESIAN_POINT('',(0.136609545297914,-0.072152,0.007095));
#7589=CARTESIAN_POINT('',(0.136609545297914,-0.07215,0.007095));
#7590=CARTESIAN_POINT('',(0.135619090595827,-0.07215,0.007095));
#7591=CARTESIAN_POINT('',(0.135619090595827,-0.072152,0.007095));
#7592=CARTESIAN_POINT('',(0.1343,-0.072152,0.004345));
#7593=CARTESIAN_POINT('',(0.1343,-0.07215,0.004345));
#7594=CARTESIAN_POINT('',(0.132980909404173,-0.07215,0.007095));
#7595=CARTESIAN_POINT('',(0.132980909404173,-0.072152,0.007095));
#7596=CARTESIAN_POINT('',(0.131990454702086,-0.072152,0.007095));
#7597=CARTESIAN_POINT('',(0.131990454702086,-0.07215,0.007095));
#7598=CARTESIAN_POINT('',(0.131,-0.07215,0.007095));
#7599=CARTESIAN_POINT('',(0.131,-0.072152,0.007095));
#7600=CARTESIAN_POINT('',(0.131,-0.072152,0.00695533008588991));
#7601=CARTESIAN_POINT('',(0.131,-0.07215,0.00695533008588991));
#7602=CARTESIAN_POINT('',(0.13125,-0.07215,0.001845));
#7603=CARTESIAN_POINT('',(0.13027933982822,-0.07215,0.0072053300858899));
#7604=CARTESIAN_POINT('',(0.1295,-0.07215,0.00681566017177981));
#7605=CARTESIAN_POINT('',(0.1381,-0.072152,0.00781566017177982));
#7606=CARTESIAN_POINT('',(0.1381,-0.07215,0.00781566017177982));
#7607=CARTESIAN_POINT('',(0.1295,-0.10251,0.00681566017177982));
#7608=CARTESIAN_POINT('',(0.102,-0.0772,0.006255));
#7609=CARTESIAN_POINT('',(0.102,-0.06825,0.006255));
#7610=CARTESIAN_POINT('',(0.102,-0.08615,0.006255));
#7611=CARTESIAN_POINT('',(0.11487,-0.06825,0.006255));
#7612=CARTESIAN_POINT('',(0.12774,-0.06825,0.006255));
#7613=CARTESIAN_POINT('',(0.12774,-0.0772,0.006255));
#7614=CARTESIAN_POINT('',(0.106685,-0.08615,0.006255));
#7615=CARTESIAN_POINT('',(0.11087,-0.08615,0.00681766017177982));
#7616=CARTESIAN_POINT('',(0.11087,-0.086025,0.00681766017177982));
#7617=CARTESIAN_POINT('',(0.11087,-0.08765,0.00681766017177982));
#7618=CARTESIAN_POINT('',(0.11187,-0.08765,0.00681766017177982));
#7619=CARTESIAN_POINT('',(0.11187,-0.08865,0.00681766017177982));
#7620=CARTESIAN_POINT('',(0.11487,-0.08865,0.00681766017177982));
#7621=CARTESIAN_POINT('',(0.11787,-0.08865,0.00681766017177982));
#7622=CARTESIAN_POINT('',(0.11887,-0.086025,0.00681766017177982));
#7623=CARTESIAN_POINT('',(0.11887,-0.08765,0.00681766017177982));
#7624=CARTESIAN_POINT('',(0.11787,-0.08765,0.00681766017177982));
#7625=CARTESIAN_POINT('',(0.11487,-0.06513,0.00681766017177982));
#7626=CARTESIAN_POINT('',(0.11049,-0.06513,0.00681766017177982));
#7627=CARTESIAN_POINT('',(0.11925,-0.06513,0.00681766017177982));
#7628=CARTESIAN_POINT('',(0.11049,-0.0657,0.00681766017177982));
#7629=CARTESIAN_POINT('',(0.11049,-0.06627,0.00681766017177982));
#7630=CARTESIAN_POINT('',(0.11925,-0.0657,0.00681766017177982));
#7631=CARTESIAN_POINT('',(0.11925,-0.06627,0.00681766017177982));
#7632=CARTESIAN_POINT('',(0.11487,-0.06627,0.00681766017177982));
#7633=CARTESIAN_POINT('',(0.13027733982822,-0.07215,0.0072053300858899));
#7634=CARTESIAN_POINT('',(0.13027733982822,-0.0725396699141101,0.0072053300858899));
#7635=CARTESIAN_POINT('',(0.13027933982822,-0.0725396699141101,0.0072053300858899));
#7636=CARTESIAN_POINT('',(0.13832066017178,-0.0725396699141101,0.0072053300858899));
#7637=CARTESIAN_POINT('',(0.13027933982822,-0.07215,0.007595));
#7638=CARTESIAN_POINT('',(0.13832066017178,-0.07215,0.007595));
#7639=CARTESIAN_POINT('',(0.09568,-0.1339305,-0.0971471500857298));
#7640=CARTESIAN_POINT('',(0.11092,-0.1339305,-0.0971471500857298));
#7641=CARTESIAN_POINT('',(0.09568,-0.0932905,-0.0971471500857298));
#7642=CARTESIAN_POINT('',(0.103414755314589,-0.0957602560520172,0.00351));
#7643=CARTESIAN_POINT('',(0.10227158665657,-0.0957602560520172,0.00351));
#7644=CARTESIAN_POINT('',(0.10227158665657,-0.0957602560520172,0.00351));
#7645=CARTESIAN_POINT('',(0.103414755314589,-0.0957602560520172,0.00351));
#7646=CARTESIAN_POINT('',(0.104557923972607,-0.0957602560520172,0.00351));
#7647=CARTESIAN_POINT('',(0.104557923972607,-0.0957602560520172,0.00351));
#7648=CARTESIAN_POINT('',(0.10227158665657,-0.0964948572218418,0.00351));
#7649=CARTESIAN_POINT('',(0.10227158665657,-0.0977000519633293,0.00351));
#7650=CARTESIAN_POINT('',(0.10227158665657,-0.0977000519633293,0.00351));
#7651=CARTESIAN_POINT('',(0.10227158665657,-0.0964948572218418,0.00351));
#7652=CARTESIAN_POINT('',(0.102467279881239,-0.097884863615036,0.00351));
#7653=CARTESIAN_POINT('',(0.102662973105907,-0.0980696752667427,0.00351));
#7654=CARTESIAN_POINT('',(0.102662973105907,-0.0980696752667427,0.00351));
#7655=CARTESIAN_POINT('',(0.102467279881239,-0.097884863615036,0.00351));
#7656=CARTESIAN_POINT('',(0.10246554017067,-0.0980696752667427,0.00351));
#7657=CARTESIAN_POINT('',(0.102268107235432,-0.0980696752667427,0.00351));
#7658=CARTESIAN_POINT('',(0.102268107235432,-0.0980696752667427,0.00351));
#7659=CARTESIAN_POINT('',(0.10246554017067,-0.0980696752667427,0.00351));
#7660=CARTESIAN_POINT('',(0.102268107235432,-0.0988046079874039,0.00351));
#7661=CARTESIAN_POINT('',(0.102268107235432,-0.099539540708065,0.00351));
#7662=CARTESIAN_POINT('',(0.102268107235432,-0.099539540708065,0.00351));
#7663=CARTESIAN_POINT('',(0.102268107235432,-0.0988046079874039,0.00351));
#7664=CARTESIAN_POINT('',(0.105541989207268,-0.099539540708065,0.00351));
#7665=CARTESIAN_POINT('',(0.108815871179104,-0.099539540708065,0.00351));
#7666=CARTESIAN_POINT('',(0.108815871179104,-0.099539540708065,0.00351));
#7667=CARTESIAN_POINT('',(0.105541989207268,-0.099539540708065,0.00351));
#7668=CARTESIAN_POINT('',(0.108815871179104,-0.0988046079874039,0.00351));
#7669=CARTESIAN_POINT('',(0.108815871179104,-0.0980696752667427,0.00351));
#7670=CARTESIAN_POINT('',(0.108815871179104,-0.0980696752667427,0.00351));
#7671=CARTESIAN_POINT('',(0.108815871179104,-0.0988046079874039,0.00351));
#7672=CARTESIAN_POINT('',(0.106269501149654,-0.0980696752667427,0.00351));
#7673=CARTESIAN_POINT('',(0.103723131120205,-0.0980696752667427,0.00351));
#7674=CARTESIAN_POINT('',(0.103723131120205,-0.0980696752667427,0.00351));
#7675=CARTESIAN_POINT('',(0.106269501149654,-0.0980696752667427,0.00351));
#7676=CARTESIAN_POINT('',(0.103723131120205,-0.0976495668292046,0.00351));
#7677=CARTESIAN_POINT('',(0.103723131120205,-0.0972294583916664,0.00351));
#7678=CARTESIAN_POINT('',(0.103723131120205,-0.0972294583916664,0.00351));
#7679=CARTESIAN_POINT('',(0.103723131120205,-0.0976495668292046,0.00351));
#7680=CARTESIAN_POINT('',(0.104140527546406,-0.0972294583916664,0.00351));
#7681=CARTESIAN_POINT('',(0.104557923972607,-0.0972294583916664,0.00351));
#7682=CARTESIAN_POINT('',(0.104557923972607,-0.0972294583916664,0.00351));
#7683=CARTESIAN_POINT('',(0.104140527546406,-0.0972294583916664,0.00351));
#7684=CARTESIAN_POINT('',(0.104557923972607,-0.0964948572218418,0.00351));
#7685=CARTESIAN_POINT('',(0.104557923972607,-0.0964948572218418,0.00351));
#7686=CARTESIAN_POINT('',(0.105081033076687,-0.11545283008589,0.00351));
#7687=CARTESIAN_POINT('',(0.102281719446182,-0.102132335305214,0.00351));
#7688=CARTESIAN_POINT('',(0.102281719446182,-0.10402175039053,0.00351));
#7689=CARTESIAN_POINT('',(0.102281719446182,-0.10402175039053,0.00351));
#7690=CARTESIAN_POINT('',(0.102281719446182,-0.102132335305214,0.00351));
#7691=CARTESIAN_POINT('',(0.102281719446182,-0.100242920219898,0.00351));
#7692=CARTESIAN_POINT('',(0.102281719446182,-0.100242920219898,0.00351));
#7693=CARTESIAN_POINT('',(0.105547118932009,-0.10402175039053,0.00351));
#7694=CARTESIAN_POINT('',(0.108812518417835,-0.10402175039053,0.00351));
#7695=CARTESIAN_POINT('',(0.108812518417835,-0.10402175039053,0.00351));
#7696=CARTESIAN_POINT('',(0.105547118932009,-0.10402175039053,0.00351));
#7697=CARTESIAN_POINT('',(0.108812518417835,-0.102113783359528,0.00351));
#7698=CARTESIAN_POINT('',(0.108812518417835,-0.100205816328525,0.00351));
#7699=CARTESIAN_POINT('',(0.108812518417835,-0.100205816328525,0.00351));
#7700=CARTESIAN_POINT('',(0.108812518417835,-0.102113783359528,0.00351));
#7701=CARTESIAN_POINT('',(0.107908744364977,-0.100205816328525,0.00351));
#7702=CARTESIAN_POINT('',(0.107004970312118,-0.100205816328525,0.00351));
#7703=CARTESIAN_POINT('',(0.107004970312118,-0.100205816328525,0.00351));
#7704=CARTESIAN_POINT('',(0.107908744364977,-0.100205816328525,0.00351));
#7705=CARTESIAN_POINT('',(0.106549736112356,-0.100962311029434,0.00351));
#7706=CARTESIAN_POINT('',(0.106094501912594,-0.101718805730343,0.00351));
#7707=CARTESIAN_POINT('',(0.106094501912594,-0.101718805730343,0.00351));
#7708=CARTESIAN_POINT('',(0.106549736112356,-0.100962311029434,0.00351));
#7709=CARTESIAN_POINT('',(0.106719460338354,-0.101718805730343,0.00351));
#7710=CARTESIAN_POINT('',(0.107344418764114,-0.101718805730343,0.00351));
#7711=CARTESIAN_POINT('',(0.107344418764114,-0.101718805730343,0.00351));
#7712=CARTESIAN_POINT('',(0.106719460338354,-0.101718805730343,0.00351));
#7713=CARTESIAN_POINT('',(0.107344418764114,-0.10213378816843,0.00351));
#7714=CARTESIAN_POINT('',(0.107344418764114,-0.102548770606518,0.00351));
#7715=CARTESIAN_POINT('',(0.107344418764114,-0.102548770606518,0.00351));
#7716=CARTESIAN_POINT('',(0.107344418764114,-0.10213378816843,0.00351));
#7717=CARTESIAN_POINT('',(0.106693658977747,-0.102548770606518,0.00351));
#7718=CARTESIAN_POINT('',(0.10604289919138,-0.102548770606518,0.00351));
#7719=CARTESIAN_POINT('',(0.10604289919138,-0.102548770606518,0.00351));
#7720=CARTESIAN_POINT('',(0.106693658977747,-0.102548770606518,0.00351));
#7721=CARTESIAN_POINT('',(0.10604289919138,-0.101395845413208,0.00351));
#7722=CARTESIAN_POINT('',(0.10604289919138,-0.100242920219898,0.00351));
#7723=CARTESIAN_POINT('',(0.10604289919138,-0.100242920219898,0.00351));
#7724=CARTESIAN_POINT('',(0.10604289919138,-0.101395845413208,0.00351));
#7725=CARTESIAN_POINT('',(0.104158621281385,-0.102550525218248,0.00351));
#7726=CARTESIAN_POINT('',(0.104824646076322,-0.102538033504973,0.00251));
#7727=CARTESIAN_POINT('',(0.103724233806133,-0.102558672428131,0.00251));
#7728=CARTESIAN_POINT('',(0.104593008756638,-0.102542378008366,0.00251));
#7729=CARTESIAN_POINT('',(0.103724233806133,-0.102558672428131,0.00351));
#7730=CARTESIAN_POINT('',(0.103724233806133,-0.102558672428131,0.00351));
#7731=CARTESIAN_POINT('',(0.104158621281385,-0.102550525218248,0.00351));
#7732=CARTESIAN_POINT('',(0.104593008756638,-0.102542378008366,0.00351));
#7733=CARTESIAN_POINT('',(0.104593008756638,-0.102542378008366,0.00351));
#7734=CARTESIAN_POINT('',(0.103724233806133,-0.102135140448809,0.00351));
#7735=CARTESIAN_POINT('',(0.103724233806133,-0.0908,0.00251));
#7736=CARTESIAN_POINT('',(0.103724233806133,-0.101711608469486,0.00251));
#7737=CARTESIAN_POINT('',(0.103724233806133,-0.101711608469486,0.00351));
#7738=CARTESIAN_POINT('',(0.103724233806133,-0.101711608469486,0.00351));
#7739=CARTESIAN_POINT('',(0.103724233806133,-0.102135140448809,0.00351));
#7740=CARTESIAN_POINT('',(0.104158621281385,-0.101711608469486,0.00351));
#7741=CARTESIAN_POINT('',(0.104604491886747,-0.101711608469486,0.00251));
#7742=CARTESIAN_POINT('',(0.104593008756638,-0.101711608469486,0.00251));
#7743=CARTESIAN_POINT('',(0.104593008756638,-0.101711608469486,0.00351));
#7744=CARTESIAN_POINT('',(0.104593008756638,-0.101711608469486,0.00351));
#7745=CARTESIAN_POINT('',(0.104158621281385,-0.101711608469486,0.00351));
#7746=CARTESIAN_POINT('',(0.104593008756638,-0.102126993238926,0.00351));
#7747=CARTESIAN_POINT('',(0.104593008756638,-0.0908,0.00251));
#7748=CARTESIAN_POINT('',(0.104593008756638,-0.102126993238926,0.00351));
#7749=CARTESIAN_POINT('',(0.104162309318781,-0.100242920219898,0.00351));
#7750=CARTESIAN_POINT('',(0.104162309318781,-0.100242920219898,0.00351));
#7751=CARTESIAN_POINT('',(0.105081033076687,-0.11545283008589,0.00351));
#7752=CARTESIAN_POINT('',(0.104604491886747,-0.0908,0.00251));
#7753=CARTESIAN_POINT('',(0.102595929056406,-0.107772395014763,0.00351));
#7754=CARTESIAN_POINT('',(0.103028804063797,-0.107026740908623,0.00351));
#7755=CARTESIAN_POINT('',(0.103028804063797,-0.107026740908623,0.00351));
#7756=CARTESIAN_POINT('',(0.102163054049015,-0.108518049120903,0.00351));
#7757=CARTESIAN_POINT('',(0.102163054049015,-0.108518049120903,0.00351));
#7758=CARTESIAN_POINT('',(0.102595929056406,-0.107772395014763,0.00351));
#7759=CARTESIAN_POINT('',(0.105485074222088,-0.108515299856663,0.00351));
#7760=CARTESIAN_POINT('',(0.108807094395161,-0.108512550592422,0.00351));
#7761=CARTESIAN_POINT('',(0.108807094395161,-0.108512550592422,0.00351));
#7762=CARTESIAN_POINT('',(0.105485074222088,-0.108515299856663,0.00351));
#7763=CARTESIAN_POINT('',(0.108807094395161,-0.10734474286437,0.00351));
#7764=CARTESIAN_POINT('',(0.108807094395161,-0.106176935136318,0.00351));
#7765=CARTESIAN_POINT('',(0.108807094395161,-0.106176935136318,0.00351));
#7766=CARTESIAN_POINT('',(0.108807094395161,-0.10734474286437,0.00351));
#7767=CARTESIAN_POINT('',(0.109301831573248,-0.106176935136318,0.00351));
#7768=CARTESIAN_POINT('',(0.109796568751335,-0.106176935136318,0.00351));
#7769=CARTESIAN_POINT('',(0.109796568751335,-0.106176935136318,0.00351));
#7770=CARTESIAN_POINT('',(0.109301831573248,-0.106176935136318,0.00351));
#7771=CARTESIAN_POINT('',(0.109796568751335,-0.10734474286437,0.00351));
#7772=CARTESIAN_POINT('',(0.109796568751335,-0.108512550592422,0.00351));
#7773=CARTESIAN_POINT('',(0.109796568751335,-0.108512550592422,0.00351));
#7774=CARTESIAN_POINT('',(0.109796568751335,-0.10734474286437,0.00351));
#7775=CARTESIAN_POINT('',(0.110538672655821,-0.108512550592422,0.00351));
#7776=CARTESIAN_POINT('',(0.111280776560307,-0.108512550592422,0.00351));
#7777=CARTESIAN_POINT('',(0.111280776560307,-0.108512550592422,0.00351));
#7778=CARTESIAN_POINT('',(0.110538672655821,-0.108512550592422,0.00351));
#7779=CARTESIAN_POINT('',(0.111280776560307,-0.106620520353317,0.00351));
#7780=CARTESIAN_POINT('',(0.111280776560307,-0.104728490114212,0.00351));
#7781=CARTESIAN_POINT('',(0.111280776560307,-0.104728490114212,0.00351));
#7782=CARTESIAN_POINT('',(0.111280776560307,-0.106620520353317,0.00351));
#7783=CARTESIAN_POINT('',(0.107818104326725,-0.104728490114212,0.00351));
#7784=CARTESIAN_POINT('',(0.104355432093143,-0.104728490114212,0.00351));
#7785=CARTESIAN_POINT('',(0.104355432093143,-0.104728490114212,0.00351));
#7786=CARTESIAN_POINT('',(0.107818104326725,-0.104728490114212,0.00351));
#7787=CARTESIAN_POINT('',(0.103928793221712,-0.105457205325365,0.00351));
#7788=CARTESIAN_POINT('',(0.103502154350281,-0.106185920536518,0.00351));
#7789=CARTESIAN_POINT('',(0.103502154350281,-0.106185920536518,0.00351));
#7790=CARTESIAN_POINT('',(0.103928793221712,-0.105457205325365,0.00351));
#7791=CARTESIAN_POINT('',(0.105420466512442,-0.106185920536518,0.00351));
#7792=CARTESIAN_POINT('',(0.107338778674602,-0.106185920536518,0.00351));
#7793=CARTESIAN_POINT('',(0.107338778674602,-0.106185920536518,0.00351));
#7794=CARTESIAN_POINT('',(0.105420466512442,-0.106185920536518,0.00351));
#7795=CARTESIAN_POINT('',(0.107338778674602,-0.10660633072257,0.00351));
#7796=CARTESIAN_POINT('',(0.107338778674602,-0.107026740908623,0.00351));
#7797=CARTESIAN_POINT('',(0.107338778674602,-0.107026740908623,0.00351));
#7798=CARTESIAN_POINT('',(0.107338778674602,-0.10660633072257,0.00351));
#7799=CARTESIAN_POINT('',(0.1051837913692,-0.107026740908623,0.00351));
#7800=CARTESIAN_POINT('',(0.1051837913692,-0.107026740908623,0.00351));
#7801=CARTESIAN_POINT('',(0.105081033076687,-0.11545283008589,0.00351));
#7802=CARTESIAN_POINT('',(0.106002672672165,-0.111493110656738,0.00351));
#7803=CARTESIAN_POINT('',(0.104604491886747,-0.111493110656738,0.00251));
#7804=CARTESIAN_POINT('',(0.10467333179691,-0.111493110656738,0.00251));
#7805=CARTESIAN_POINT('',(0.10733201354742,-0.111493110656738,0.00251));
#7806=CARTESIAN_POINT('',(0.10467333179691,-0.111493110656738,0.00351));
#7807=CARTESIAN_POINT('',(0.10467333179691,-0.111493110656738,0.00351));
#7808=CARTESIAN_POINT('',(0.106002672672165,-0.111493110656738,0.00351));
#7809=CARTESIAN_POINT('',(0.10733201354742,-0.111493110656738,0.00351));
#7810=CARTESIAN_POINT('',(0.10733201354742,-0.111493110656738,0.00351));
#7811=CARTESIAN_POINT('',(0.104939243852985,-0.111033458262682,0.00351));
#7812=CARTESIAN_POINT('',(0.113625406819929,-0.0960186610329598,0.00251));
#7813=CARTESIAN_POINT('',(0.105205155909061,-0.110573805868626,0.00251));
#7814=CARTESIAN_POINT('',(0.105205155909061,-0.110573805868626,0.00351));
#7815=CARTESIAN_POINT('',(0.105205155909061,-0.110573805868626,0.00351));
#7816=CARTESIAN_POINT('',(0.104939243852985,-0.111033458262682,0.00351));
#7817=CARTESIAN_POINT('',(0.105205155909061,-0.110628344118595,0.00351));
#7818=CARTESIAN_POINT('',(0.105205155909061,-0.0908,0.00251));
#7819=CARTESIAN_POINT('',(0.105205155909061,-0.110682882368565,0.00251));
#7820=CARTESIAN_POINT('',(0.105205155909061,-0.110682882368565,0.00351));
#7821=CARTESIAN_POINT('',(0.105205155909061,-0.110682882368565,0.00351));
#7822=CARTESIAN_POINT('',(0.105205155909061,-0.110628344118595,0.00351));
#7823=CARTESIAN_POINT('',(0.106268584728241,-0.110682882368565,0.00351));
#7824=CARTESIAN_POINT('',(0.104604491886747,-0.110682882368565,0.00251));
#7825=CARTESIAN_POINT('',(0.10733201354742,-0.110682882368565,0.00251));
#7826=CARTESIAN_POINT('',(0.10733201354742,-0.110682882368565,0.00351));
#7827=CARTESIAN_POINT('',(0.10733201354742,-0.110682882368565,0.00351));
#7828=CARTESIAN_POINT('',(0.106268584728241,-0.110682882368565,0.00351));
#7829=CARTESIAN_POINT('',(0.102852745696106,-0.110675906445062,0.00351));
#7830=CARTESIAN_POINT('',(0.103461652877652,-0.110676644059273,0.00351));
#7831=CARTESIAN_POINT('',(0.103461652877652,-0.110676644059273,0.00351));
#7832=CARTESIAN_POINT('',(0.102852745696106,-0.110675906445062,0.00351));
#7833=CARTESIAN_POINT('',(0.10224383851456,-0.11067516883085,0.00351));
#7834=CARTESIAN_POINT('',(0.10224383851456,-0.11067516883085,0.00351));
#7835=CARTESIAN_POINT('',(0.102798959942231,-0.111809153158976,0.00351));
#7836=CARTESIAN_POINT('',(0.10213626700681,-0.112941662258678,0.00351));
#7837=CARTESIAN_POINT('',(0.10213626700681,-0.112941662258678,0.00351));
#7838=CARTESIAN_POINT('',(0.102798959942231,-0.111809153158976,0.00351));
#7839=CARTESIAN_POINT('',(0.105473710984198,-0.112941662258678,0.00351));
#7840=CARTESIAN_POINT('',(0.108811154961586,-0.112941662258678,0.00351));
#7841=CARTESIAN_POINT('',(0.108811154961586,-0.112941662258678,0.00351));
#7842=CARTESIAN_POINT('',(0.105473710984198,-0.112941662258678,0.00351));
#7843=CARTESIAN_POINT('',(0.108811154961586,-0.111959737930086,0.00351));
#7844=CARTESIAN_POINT('',(0.108811154961586,-0.110977813601494,0.00351));
#7845=CARTESIAN_POINT('',(0.108811154961586,-0.110977813601494,0.00351));
#7846=CARTESIAN_POINT('',(0.108811154961586,-0.111959737930086,0.00351));
#7847=CARTESIAN_POINT('',(0.108629077672958,-0.1108288615942,0.00351));
#7848=CARTESIAN_POINT('',(0.108447000384331,-0.110679909586906,0.00351));
#7849=CARTESIAN_POINT('',(0.108447000384331,-0.110679909586906,0.00351));
#7850=CARTESIAN_POINT('',(0.108629077672958,-0.1108288615942,0.00351));
#7851=CARTESIAN_POINT('',(0.108629077672958,-0.110679909586906,0.00351));
#7852=CARTESIAN_POINT('',(0.108811154961586,-0.110679909586906,0.00351));
#7853=CARTESIAN_POINT('',(0.108811154961586,-0.110679909586906,0.00351));
#7854=CARTESIAN_POINT('',(0.108629077672958,-0.110679909586906,0.00351));
#7855=CARTESIAN_POINT('',(0.108811154961586,-0.109932515770197,0.00351));
#7856=CARTESIAN_POINT('',(0.108811154961586,-0.109185121953487,0.00351));
#7857=CARTESIAN_POINT('',(0.108811154961586,-0.109185121953487,0.00351));
#7858=CARTESIAN_POINT('',(0.108811154961586,-0.109932515770197,0.00351));
#7859=CARTESIAN_POINT('',(0.105528404057149,-0.109181145315021,0.00351));
#7860=CARTESIAN_POINT('',(0.102245653152713,-0.109177168676555,0.00351));
#7861=CARTESIAN_POINT('',(0.102245653152713,-0.109177168676555,0.00351));
#7862=CARTESIAN_POINT('',(0.105528404057149,-0.109181145315021,0.00351));
#7863=CARTESIAN_POINT('',(0.102244745833637,-0.109926168753702,0.00351));
#7864=CARTESIAN_POINT('',(0.102244745833637,-0.109926168753702,0.00351));
#7865=CARTESIAN_POINT('',(0.10733201354742,-0.111087996512651,0.00351));
#7866=CARTESIAN_POINT('',(0.10733201354742,-0.0908,0.00251));
#7867=CARTESIAN_POINT('',(0.10733201354742,-0.111087996512651,0.00351));
#7868=CARTESIAN_POINT('',(0.105081033076687,-0.11545283008589,0.00351));
#7869=CARTESIAN_POINT('',(0.0999421030282974,-0.116277050226927,0.00351));
#7870=CARTESIAN_POINT('',(0.0999421030282974,-0.115530513226986,0.00351));
#7871=CARTESIAN_POINT('',(0.0999421030282974,-0.115530513226986,0.00351));
#7872=CARTESIAN_POINT('',(0.0999421030282974,-0.117023587226868,0.00351));
#7873=CARTESIAN_POINT('',(0.0999421030282974,-0.117023587226868,0.00351));
#7874=CARTESIAN_POINT('',(0.0999421030282974,-0.116277050226927,0.00351));
#7875=CARTESIAN_POINT('',(0.104376628994942,-0.117028959095478,0.00351));
#7876=CARTESIAN_POINT('',(0.108811154961586,-0.117034330964088,0.00351));
#7877=CARTESIAN_POINT('',(0.108811154961586,-0.117034330964088,0.00351));
#7878=CARTESIAN_POINT('',(0.104376628994942,-0.117028959095478,0.00351));
#7879=CARTESIAN_POINT('',(0.108811154961586,-0.115348149091005,0.00351));
#7880=CARTESIAN_POINT('',(0.108811154961586,-0.113661967217922,0.00351));
#7881=CARTESIAN_POINT('',(0.108811154961586,-0.113661967217922,0.00351));
#7882=CARTESIAN_POINT('',(0.108811154961586,-0.115348149091005,0.00351));
#7883=CARTESIAN_POINT('',(0.108070902526379,-0.113661967217922,0.00351));
#7884=CARTESIAN_POINT('',(0.107330650091171,-0.113661967217922,0.00351));
#7885=CARTESIAN_POINT('',(0.107330650091171,-0.113661967217922,0.00351));
#7886=CARTESIAN_POINT('',(0.108070902526379,-0.113661967217922,0.00351));
#7887=CARTESIAN_POINT('',(0.107330650091171,-0.114596240222454,0.00351));
#7888=CARTESIAN_POINT('',(0.107330650091171,-0.115530513226986,0.00351));
#7889=CARTESIAN_POINT('',(0.107330650091171,-0.115530513226986,0.00351));
#7890=CARTESIAN_POINT('',(0.107330650091171,-0.114596240222454,0.00351));
#7891=CARTESIAN_POINT('',(0.103636376559734,-0.115530513226986,0.00351));
#7892=CARTESIAN_POINT('',(0.103636376559734,-0.115530513226986,0.00351));
#7893=CARTESIAN_POINT('',(0.105081033076687,-0.11545283008589,0.00351));
#7894=CARTESIAN_POINT('',(0.10224339175491,-0.120016769493964,0.00351));
#7895=CARTESIAN_POINT('',(0.104864969371317,-0.119993378506759,0.00251));
#7896=CARTESIAN_POINT('',(0.101439356803894,-0.120023943483829,0.00251));
#7897=CARTESIAN_POINT('',(0.103047426705927,-0.120009595504098,0.00251));
#7898=CARTESIAN_POINT('',(0.101439356803894,-0.120023943483829,0.00351));
#7899=CARTESIAN_POINT('',(0.101439356803894,-0.120023943483829,0.00351));
#7900=CARTESIAN_POINT('',(0.10224339175491,-0.120016769493964,0.00351));
#7901=CARTESIAN_POINT('',(0.103047426705927,-0.120009595504098,0.00351));
#7902=CARTESIAN_POINT('',(0.103047426705927,-0.120009595504098,0.00351));
#7903=CARTESIAN_POINT('',(0.101439356803894,-0.119606424123049,0.00351));
#7904=CARTESIAN_POINT('',(0.101439356803894,-0.0908,0.00251));
#7905=CARTESIAN_POINT('',(0.101439356803894,-0.119188904762268,0.00251));
#7906=CARTESIAN_POINT('',(0.101439356803894,-0.119188904762268,0.00351));
#7907=CARTESIAN_POINT('',(0.101439356803894,-0.119188904762268,0.00351));
#7908=CARTESIAN_POINT('',(0.101439356803894,-0.119606424123049,0.00351));
#7909=CARTESIAN_POINT('',(0.102483507245779,-0.119188904762268,0.00351));
#7910=CARTESIAN_POINT('',(0.104604491886747,-0.119188904762268,0.00251));
#7911=CARTESIAN_POINT('',(0.103527657687664,-0.119188904762268,0.00251));
#7912=CARTESIAN_POINT('',(0.103527657687664,-0.119188904762268,0.00351));
#7913=CARTESIAN_POINT('',(0.103527657687664,-0.119188904762268,0.00351));
#7914=CARTESIAN_POINT('',(0.102483507245779,-0.119188904762268,0.00351));
#7915=CARTESIAN_POINT('',(0.0999421030282974,-0.119584042578936,0.00351));
#7916=CARTESIAN_POINT('',(0.0999421030282974,-0.117685124278069,0.00351));
#7917=CARTESIAN_POINT('',(0.0999421030282974,-0.117685124278069,0.00351));
#7918=CARTESIAN_POINT('',(0.0999421030282974,-0.121512482854809,0.00351));
#7919=CARTESIAN_POINT('',(0.0999421030282974,-0.121512482854809,0.00351));
#7920=CARTESIAN_POINT('',(0.0999421030282974,-0.119584042578936,0.00351));
#7921=CARTESIAN_POINT('',(0.101065815894609,-0.121512482854809,0.00351));
#7922=CARTESIAN_POINT('',(0.102189528760921,-0.121512482854809,0.00351));
#7923=CARTESIAN_POINT('',(0.102189528760921,-0.121512482854809,0.00351));
#7924=CARTESIAN_POINT('',(0.101065815894609,-0.121512482854809,0.00351));
#7925=CARTESIAN_POINT('',(0.102101133673196,-0.121663545641004,0.00351));
#7926=CARTESIAN_POINT('',(0.102012738585472,-0.121814608427199,0.00351));
#7927=CARTESIAN_POINT('',(0.102012738585472,-0.121814608427199,0.00351));
#7928=CARTESIAN_POINT('',(0.102101133673196,-0.121663545641004,0.00351));
#7929=CARTESIAN_POINT('',(0.102816052551503,-0.121814608427199,0.00351));
#7930=CARTESIAN_POINT('',(0.103619366517534,-0.121814608427199,0.00351));
#7931=CARTESIAN_POINT('',(0.103619366517534,-0.121814608427199,0.00351));
#7932=CARTESIAN_POINT('',(0.102816052551503,-0.121814608427199,0.00351));
#7933=CARTESIAN_POINT('',(0.103714890594716,-0.121651362554388,0.00351));
#7934=CARTESIAN_POINT('',(0.103810414671898,-0.121488116681576,0.00351));
#7935=CARTESIAN_POINT('',(0.103810414671898,-0.121488116681576,0.00351));
#7936=CARTESIAN_POINT('',(0.103714890594716,-0.121651362554388,0.00351));
#7937=CARTESIAN_POINT('',(0.106310784816742,-0.121488116681576,0.00351));
#7938=CARTESIAN_POINT('',(0.108811154961586,-0.121488116681576,0.00351));
#7939=CARTESIAN_POINT('',(0.108811154961586,-0.121488116681576,0.00351));
#7940=CARTESIAN_POINT('',(0.106310784816742,-0.121488116681576,0.00351));
#7941=CARTESIAN_POINT('',(0.108811154961586,-0.120764064342069,0.00351));
#7942=CARTESIAN_POINT('',(0.108811154961586,-0.120040012002563,0.00351));
#7943=CARTESIAN_POINT('',(0.108811154961586,-0.120040012002563,0.00351));
#7944=CARTESIAN_POINT('',(0.108811154961586,-0.120764064342069,0.00351));
#7945=CARTESIAN_POINT('',(0.106757408141281,-0.120040012002563,0.00351));
#7946=CARTESIAN_POINT('',(0.104703661320976,-0.120040012002563,0.00351));
#7947=CARTESIAN_POINT('',(0.104703661320976,-0.120040012002563,0.00351));
#7948=CARTESIAN_POINT('',(0.106757408141281,-0.120040012002563,0.00351));
#7949=CARTESIAN_POINT('',(0.105392648040439,-0.118862568140316,0.00351));
#7950=CARTESIAN_POINT('',(0.106081634759903,-0.117685124278069,0.00351));
#7951=CARTESIAN_POINT('',(0.106081634759903,-0.117685124278069,0.00351));
#7952=CARTESIAN_POINT('',(0.105392648040439,-0.118862568140316,0.00351));
#7953=CARTESIAN_POINT('',(0.1030118688941,-0.117685124278069,0.00351));
#7954=CARTESIAN_POINT('',(0.1030118688941,-0.117685124278069,0.00351));
#7955=CARTESIAN_POINT('',(0.103287542196795,-0.119599250133183,0.00351));
#7956=CARTESIAN_POINT('',(0.116177045528325,-0.0975717332647239,0.00251));
#7957=CARTESIAN_POINT('',(0.103287542196795,-0.119599250133183,0.00351));
#7958=CARTESIAN_POINT('',(0.105081033076687,-0.11545283008589,0.00351));
#7959=CARTESIAN_POINT('',(0.106307104229927,-0.125355556607246,0.00351));
#7960=CARTESIAN_POINT('',(0.106307104229927,-0.12461344897747,0.00351));
#7961=CARTESIAN_POINT('',(0.106307104229927,-0.12461344897747,0.00351));
#7962=CARTESIAN_POINT('',(0.106307104229927,-0.126097664237022,0.00351));
#7963=CARTESIAN_POINT('',(0.106307104229927,-0.126097664237022,0.00351));
#7964=CARTESIAN_POINT('',(0.106307104229927,-0.125355556607246,0.00351));
#7965=CARTESIAN_POINT('',(0.107559129595756,-0.126084014773369,0.00351));
#7966=CARTESIAN_POINT('',(0.108811154961586,-0.126070365309715,0.00351));
#7967=CARTESIAN_POINT('',(0.108811154961586,-0.126070365309715,0.00351));
#7968=CARTESIAN_POINT('',(0.107559129595756,-0.126084014773369,0.00351));
#7969=CARTESIAN_POINT('',(0.108811154961586,-0.124171062477816,0.00351));
#7970=CARTESIAN_POINT('',(0.108811154961586,-0.122271759645918,0.00351));
#7971=CARTESIAN_POINT('',(0.108811154961586,-0.122271759645918,0.00351));
#7972=CARTESIAN_POINT('',(0.108811154961586,-0.124171062477816,0.00351));
#7973=CARTESIAN_POINT('',(0.106583074583474,-0.122271759645918,0.00351));
#7974=CARTESIAN_POINT('',(0.104354994205361,-0.122271759645918,0.00351));
#7975=CARTESIAN_POINT('',(0.104354994205361,-0.122271759645918,0.00351));
#7976=CARTESIAN_POINT('',(0.106583074583474,-0.122271759645918,0.00351));
#7977=CARTESIAN_POINT('',(0.104214043273392,-0.122512637742747,0.00351));
#7978=CARTESIAN_POINT('',(0.104073092341423,-0.122753515839577,0.00351));
#7979=CARTESIAN_POINT('',(0.104073092341423,-0.122753515839577,0.00351));
#7980=CARTESIAN_POINT('',(0.104214043273392,-0.122512637742747,0.00351));
#7981=CARTESIAN_POINT('',(0.10394175350666,-0.122527178376913,0.00351));
#7982=CARTESIAN_POINT('',(0.103810414671898,-0.122300840914249,0.00351));
#7983=CARTESIAN_POINT('',(0.103810414671898,-0.122300840914249,0.00351));
#7984=CARTESIAN_POINT('',(0.10394175350666,-0.122527178376913,0.00351));
#7985=CARTESIAN_POINT('',(0.101894747465849,-0.122300840914249,0.00351));
#7986=CARTESIAN_POINT('',(0.0999790802598,-0.122300840914249,0.00351));
#7987=CARTESIAN_POINT('',(0.0999790802598,-0.122300840914249,0.00351));
#7988=CARTESIAN_POINT('',(0.101894747465849,-0.122300840914249,0.00351));
#7989=CARTESIAN_POINT('',(0.0999790802598,-0.124170485883951,0.00351));
#7990=CARTESIAN_POINT('',(0.0999790802598,-0.126040130853653,0.00351));
#7991=CARTESIAN_POINT('',(0.0999790802598,-0.126040130853653,0.00351));
#7992=CARTESIAN_POINT('',(0.0999790802598,-0.124170485883951,0.00351));
#7993=CARTESIAN_POINT('',(0.100709218531847,-0.126040130853653,0.00351));
#7994=CARTESIAN_POINT('',(0.101439356803894,-0.126040130853653,0.00351));
#7995=CARTESIAN_POINT('',(0.101439356803894,-0.126040130853653,0.00351));
#7996=CARTESIAN_POINT('',(0.100709218531847,-0.126040130853653,0.00351));
#7997=CARTESIAN_POINT('',(0.101439356803894,-0.124912589788437,0.00351));
#7998=CARTESIAN_POINT('',(0.101439356803894,-0.123785048723221,0.00351));
#7999=CARTESIAN_POINT('',(0.101439356803894,-0.123785048723221,0.00351));
#8000=CARTESIAN_POINT('',(0.101439356803894,-0.124912589788437,0.00351));
#8001=CARTESIAN_POINT('',(0.102227944880724,-0.123785048723221,0.00351));
#8002=CARTESIAN_POINT('',(0.103016532957554,-0.123785048723221,0.00351));
#8003=CARTESIAN_POINT('',(0.103016532957554,-0.123785048723221,0.00351));
#8004=CARTESIAN_POINT('',(0.102227944880724,-0.123785048723221,0.00351));
#8005=CARTESIAN_POINT('',(0.103315677493811,-0.124260552813221,0.00351));
#8006=CARTESIAN_POINT('',(0.103614822030067,-0.124736056903222,0.00351));
#8007=CARTESIAN_POINT('',(0.103614822030067,-0.124736056903222,0.00351));
#8008=CARTESIAN_POINT('',(0.103315677493811,-0.124260552813221,0.00351));
#8009=CARTESIAN_POINT('',(0.104104508250984,-0.124736056903222,0.00351));
#8010=CARTESIAN_POINT('',(0.1045941944719,-0.124736056903222,0.00351));
#8011=CARTESIAN_POINT('',(0.1045941944719,-0.124736056903222,0.00351));
#8012=CARTESIAN_POINT('',(0.104104508250984,-0.124736056903222,0.00351));
#8013=CARTESIAN_POINT('',(0.104892634391816,-0.124226037998606,0.00351));
#8014=CARTESIAN_POINT('',(0.105191074311733,-0.12371601909399,0.00351));
#8015=CARTESIAN_POINT('',(0.105191074311733,-0.12371601909399,0.00351));
#8016=CARTESIAN_POINT('',(0.104892634391816,-0.124226037998606,0.00351));
#8017=CARTESIAN_POINT('',(0.106266837567091,-0.12371601909399,0.00351));
#8018=CARTESIAN_POINT('',(0.107342600822449,-0.12371601909399,0.00351));
#8019=CARTESIAN_POINT('',(0.107342600822449,-0.12371601909399,0.00351));
#8020=CARTESIAN_POINT('',(0.106266837567091,-0.12371601909399,0.00351));
#8021=CARTESIAN_POINT('',(0.107342600822449,-0.12416473403573,0.00351));
#8022=CARTESIAN_POINT('',(0.107342600822449,-0.12461344897747,0.00351));
#8023=CARTESIAN_POINT('',(0.107342600822449,-0.12461344897747,0.00351));
#8024=CARTESIAN_POINT('',(0.107342600822449,-0.12416473403573,0.00351));
#8025=CARTESIAN_POINT('',(0.106824852526188,-0.12461344897747,0.00351));
#8026=CARTESIAN_POINT('',(0.106824852526188,-0.12461344897747,0.00351));
#8027=CARTESIAN_POINT('',(0.105081033076687,-0.11545283008589,0.00351));
#8028=CARTESIAN_POINT('',(0.106319069862366,-0.130545727908611,0.00351));
#8029=CARTESIAN_POINT('',(0.108811154961586,-0.13054932653904,0.00351));
#8030=CARTESIAN_POINT('',(0.108811154961586,-0.13054932653904,0.00351));
#8031=CARTESIAN_POINT('',(0.106319069862366,-0.130545727908611,0.00351));
#8032=CARTESIAN_POINT('',(0.103826984763145,-0.130542129278183,0.00351));
#8033=CARTESIAN_POINT('',(0.103826984763145,-0.130542129278183,0.00351));
#8034=CARTESIAN_POINT('',(0.108811154961586,-0.129812076687813,0.00351));
#8035=CARTESIAN_POINT('',(0.108811154961586,-0.129074826836586,0.00351));
#8036=CARTESIAN_POINT('',(0.108811154961586,-0.129074826836586,0.00351));
#8037=CARTESIAN_POINT('',(0.108811154961586,-0.129812076687813,0.00351));
#8038=CARTESIAN_POINT('',(0.106744855642319,-0.129074826836586,0.00351));
#8039=CARTESIAN_POINT('',(0.104678556323051,-0.129074826836586,0.00351));
#8040=CARTESIAN_POINT('',(0.104678556323051,-0.129074826836586,0.00351));
#8041=CARTESIAN_POINT('',(0.106744855642319,-0.129074826836586,0.00351));
#8042=CARTESIAN_POINT('',(0.105350606143475,-0.127926327288151,0.00351));
#8043=CARTESIAN_POINT('',(0.106022655963898,-0.126777827739716,0.00351));
#8044=CARTESIAN_POINT('',(0.106022655963898,-0.126777827739716,0.00351));
#8045=CARTESIAN_POINT('',(0.105350606143475,-0.127926327288151,0.00351));
#8046=CARTESIAN_POINT('',(0.10298840329051,-0.126777827739716,0.00351));
#8047=CARTESIAN_POINT('',(0.0999541506171227,-0.126777827739716,0.00351));
#8048=CARTESIAN_POINT('',(0.0999541506171227,-0.126777827739716,0.00351));
#8049=CARTESIAN_POINT('',(0.10298840329051,-0.126777827739716,0.00351));
#8050=CARTESIAN_POINT('',(0.0999541506171227,-0.1286685988307,0.00351));
#8051=CARTESIAN_POINT('',(0.0999541506171227,-0.130559369921684,0.00351));
#8052=CARTESIAN_POINT('',(0.0999541506171227,-0.130559369921684,0.00351));
#8053=CARTESIAN_POINT('',(0.0999541506171227,-0.1286685988307,0.00351));
#8054=CARTESIAN_POINT('',(0.10107047483325,-0.130559369921684,0.00351));
#8055=CARTESIAN_POINT('',(0.102186799049377,-0.130559369921684,0.00351));
#8056=CARTESIAN_POINT('',(0.102186799049377,-0.130559369921684,0.00351));
#8057=CARTESIAN_POINT('',(0.10107047483325,-0.130559369921684,0.00351));
#8058=CARTESIAN_POINT('',(0.102099768817425,-0.130708076059818,0.00351));
#8059=CARTESIAN_POINT('',(0.102012738585472,-0.130856782197952,0.00351));
#8060=CARTESIAN_POINT('',(0.102012738585472,-0.130856782197952,0.00351));
#8061=CARTESIAN_POINT('',(0.102099768817425,-0.130708076059818,0.00351));
#8062=CARTESIAN_POINT('',(0.102829482406378,-0.130856782197952,0.00351));
#8063=CARTESIAN_POINT('',(0.103646226227283,-0.130856782197952,0.00351));
#8064=CARTESIAN_POINT('',(0.103646226227283,-0.130856782197952,0.00351));
#8065=CARTESIAN_POINT('',(0.102829482406378,-0.130856782197952,0.00351));
#8066=CARTESIAN_POINT('',(0.102248755059891,-0.129081331906689,0.00351));
#8067=CARTESIAN_POINT('',(0.104852074382982,-0.129064487664524,0.00251));
#8068=CARTESIAN_POINT('',(0.101439356803894,-0.129086568951607,0.00251));
#8069=CARTESIAN_POINT('',(0.103058153315889,-0.12907609486177,0.00251));
#8070=CARTESIAN_POINT('',(0.101439356803894,-0.129086568951607,0.00351));
#8071=CARTESIAN_POINT('',(0.101439356803894,-0.129086568951607,0.00351));
#8072=CARTESIAN_POINT('',(0.102248755059891,-0.129081331906689,0.00351));
#8073=CARTESIAN_POINT('',(0.103058153315889,-0.12907609486177,0.00351));
#8074=CARTESIAN_POINT('',(0.103058153315889,-0.12907609486177,0.00351));
#8075=CARTESIAN_POINT('',(0.101439356803894,-0.128672525286674,0.00351));
#8076=CARTESIAN_POINT('',(0.101439356803894,-0.0908,0.00251));
#8077=CARTESIAN_POINT('',(0.101439356803894,-0.128258481621742,0.00251));
#8078=CARTESIAN_POINT('',(0.101439356803894,-0.128258481621742,0.00351));
#8079=CARTESIAN_POINT('',(0.101439356803894,-0.128258481621742,0.00351));
#8080=CARTESIAN_POINT('',(0.101439356803894,-0.128672525286674,0.00351));
#8081=CARTESIAN_POINT('',(0.102487970143557,-0.128258481621742,0.00351));
#8082=CARTESIAN_POINT('',(0.104604491886747,-0.128258481621742,0.00251));
#8083=CARTESIAN_POINT('',(0.103536583483219,-0.128258481621742,0.00251));
#8084=CARTESIAN_POINT('',(0.103536583483219,-0.128258481621742,0.00351));
#8085=CARTESIAN_POINT('',(0.103536583483219,-0.128258481621742,0.00351));
#8086=CARTESIAN_POINT('',(0.102487970143557,-0.128258481621742,0.00351));
#8087=CARTESIAN_POINT('',(0.103297368399554,-0.128667288241756,0.00351));
#8088=CARTESIAN_POINT('',(0.120137122353165,-0.099888990526707,0.00251));
#8089=CARTESIAN_POINT('',(0.103297368399554,-0.128667288241756,0.00351));
#8090=CARTESIAN_POINT('',(0.103736605495214,-0.130699455738068,0.00351));
#8091=CARTESIAN_POINT('',(0.103736605495214,-0.130699455738068,0.00351));
#8092=CARTESIAN_POINT('',(0.105081033076687,-0.11545283008589,0.00351));
#8093=CARTESIAN_POINT('',(0.104604491886747,-0.0908,0.00251));
#8094=CARTESIAN_POINT('',(0.10434753521611,-0.135155327527945,0.00351));
#8095=CARTESIAN_POINT('',(0.0998904851540002,-0.135155327527945,0.00351));
#8096=CARTESIAN_POINT('',(0.0998904851540002,-0.135155327527945,0.00351));
#8097=CARTESIAN_POINT('',(0.10880458527822,-0.135155327527945,0.00351));
#8098=CARTESIAN_POINT('',(0.10880458527822,-0.135155327527945,0.00351));
#8099=CARTESIAN_POINT('',(0.10434753521611,-0.135155327527945,0.00351));
#8100=CARTESIAN_POINT('',(0.10880458527822,-0.135121405894717,0.00351));
#8101=CARTESIAN_POINT('',(0.10880458527822,-0.135087484261489,0.00351));
#8102=CARTESIAN_POINT('',(0.10880458527822,-0.135087484261489,0.00351));
#8103=CARTESIAN_POINT('',(0.10880458527822,-0.135121405894717,0.00351));
#8104=CARTESIAN_POINT('',(0.108800624309296,-0.13435438932016,0.00351));
#8105=CARTESIAN_POINT('',(0.108796663340373,-0.133621294378832,0.00351));
#8106=CARTESIAN_POINT('',(0.108796663340373,-0.133621294378832,0.00351));
#8107=CARTESIAN_POINT('',(0.108800624309296,-0.13435438932016,0.00351));
#8108=CARTESIAN_POINT('',(0.105598849992011,-0.133621294378832,0.00351));
#8109=CARTESIAN_POINT('',(0.10240103664365,-0.133621294378832,0.00351));
#8110=CARTESIAN_POINT('',(0.10240103664365,-0.133621294378832,0.00351));
#8111=CARTESIAN_POINT('',(0.105598849992011,-0.133621294378832,0.00351));
#8112=CARTESIAN_POINT('',(0.102527682971296,-0.133422768752309,0.00351));
#8113=CARTESIAN_POINT('',(0.102654329298942,-0.133224243125786,0.00351));
#8114=CARTESIAN_POINT('',(0.102654329298942,-0.133224243125786,0.00351));
#8115=CARTESIAN_POINT('',(0.102527682971296,-0.133422768752309,0.00351));
#8116=CARTESIAN_POINT('',(0.10253899144583,-0.1330255330314,0.00351));
#8117=CARTESIAN_POINT('',(0.102423653592718,-0.132826822937014,0.00351));
#8118=CARTESIAN_POINT('',(0.102423653592718,-0.132826822937014,0.00351));
#8119=CARTESIAN_POINT('',(0.10253899144583,-0.1330255330314,0.00351));
#8120=CARTESIAN_POINT('',(0.105633798198185,-0.132826822937014,0.00351));
#8121=CARTESIAN_POINT('',(0.108843942803652,-0.132826822937014,0.00351));
#8122=CARTESIAN_POINT('',(0.108843942803652,-0.132826822937014,0.00351));
#8123=CARTESIAN_POINT('',(0.105633798198185,-0.132826822937014,0.00351));
#8124=CARTESIAN_POINT('',(0.108843942803652,-0.132084604806075,0.00351));
#8125=CARTESIAN_POINT('',(0.108843942803652,-0.131342386675136,0.00351));
#8126=CARTESIAN_POINT('',(0.108843942803652,-0.131342386675136,0.00351));
#8127=CARTESIAN_POINT('',(0.108843942803652,-0.132084604806075,0.00351));
#8128=CARTESIAN_POINT('',(0.104372052080152,-0.131342386675136,0.00351));
#8129=CARTESIAN_POINT('',(0.0999001613566529,-0.131342386675136,0.00351));
#8130=CARTESIAN_POINT('',(0.0999001613566529,-0.131342386675136,0.00351));
#8131=CARTESIAN_POINT('',(0.104372052080152,-0.131342386675136,0.00351));
#8132=CARTESIAN_POINT('',(0.100433137315516,-0.132290451115838,0.00351));
#8133=CARTESIAN_POINT('',(0.100966113274379,-0.133238515556541,0.00351));
#8134=CARTESIAN_POINT('',(0.100966113274379,-0.133238515556541,0.00351));
#8135=CARTESIAN_POINT('',(0.100433137315516,-0.132290451115838,0.00351));
#8136=CARTESIAN_POINT('',(0.100428299214189,-0.134196921542243,0.00351));
#8137=CARTESIAN_POINT('',(0.100428299214189,-0.134196921542243,0.00351));
#8138=CARTESIAN_POINT('',(0.105081033076687,-0.11545283008589,0.00351));
#8139=CARTESIAN_POINT('',(0.104604491886747,-0.0908,0.00251));
#8140=CARTESIAN_POINT('',(0.104604491886747,-0.0908,0.00251));
#8141=CARTESIAN_POINT('',(0.1188,-0.10395,0.00731566017177982));
#8142=CARTESIAN_POINT('',(0.1198,-0.1047,0.00731566017177982));
#8143=CARTESIAN_POINT('',(0.1198,-0.1047,0.00731566017177982));
#8144=CARTESIAN_POINT('',(0.1188,-0.10395,0.00731566017177982));
#8145=CARTESIAN_POINT('',(0.1178,-0.1032,0.00731566017177982));
#8146=CARTESIAN_POINT('',(0.1178,-0.1032,0.00731566017177982));
#8147=CARTESIAN_POINT('',(0.1198,-0.1032,0.00731566017177982));
#8148=CARTESIAN_POINT('',(0.1198,-0.1017,0.00731566017177982));
#8149=CARTESIAN_POINT('',(0.1198,-0.1017,0.00731566017177982));
#8150=CARTESIAN_POINT('',(0.1198,-0.1032,0.00731566017177982));
#8151=CARTESIAN_POINT('',(0.1188,-0.10245,0.00731566017177982));
#8152=CARTESIAN_POINT('',(0.1188,-0.10245,0.00731566017177982));
#8153=CARTESIAN_POINT('',(0.12022254491411,-0.08606,0.00731566017177982));
#8154=CARTESIAN_POINT('',(0.1377,-0.10245,0.00731566017177982));
#8155=CARTESIAN_POINT('',(0.1367,-0.1017,0.00731566017177982));
#8156=CARTESIAN_POINT('',(0.1367,-0.1017,0.00731566017177982));
#8157=CARTESIAN_POINT('',(0.1377,-0.10245,0.00731566017177982));
#8158=CARTESIAN_POINT('',(0.1387,-0.1032,0.00731566017177982));
#8159=CARTESIAN_POINT('',(0.1387,-0.1032,0.00731566017177982));
#8160=CARTESIAN_POINT('',(0.1367,-0.1032,0.00731566017177982));
#8161=CARTESIAN_POINT('',(0.1367,-0.1047,0.00731566017177982));
#8162=CARTESIAN_POINT('',(0.1367,-0.1047,0.00731566017177982));
#8163=CARTESIAN_POINT('',(0.1367,-0.1032,0.00731566017177982));
#8164=CARTESIAN_POINT('',(0.1377,-0.10395,0.00731566017177982));
#8165=CARTESIAN_POINT('',(0.1377,-0.10395,0.00731566017177982));
#8166=CARTESIAN_POINT('',(0.12022254491411,-0.08606,0.00731566017177982));
#8167=CARTESIAN_POINT('',(0.12755,-0.1067,0.00731566017177982));
#8168=CARTESIAN_POINT('',(0.1268,-0.1077,0.00731566017177982));
#8169=CARTESIAN_POINT('',(0.1268,-0.1077,0.00731566017177982));
#8170=CARTESIAN_POINT('',(0.12755,-0.1067,0.00731566017177982));
#8171=CARTESIAN_POINT('',(0.1283,-0.1057,0.00731566017177982));
#8172=CARTESIAN_POINT('',(0.1283,-0.1057,0.00731566017177982));
#8173=CARTESIAN_POINT('',(0.1283,-0.1077,0.00731566017177982));
#8174=CARTESIAN_POINT('',(0.1298,-0.1077,0.00731566017177982));
#8175=CARTESIAN_POINT('',(0.1298,-0.1077,0.00731566017177982));
#8176=CARTESIAN_POINT('',(0.1283,-0.1077,0.00731566017177982));
#8177=CARTESIAN_POINT('',(0.12905,-0.1067,0.00731566017177982));
#8178=CARTESIAN_POINT('',(0.12905,-0.1067,0.00731566017177982));
#8179=CARTESIAN_POINT('',(0.12022254491411,-0.08606,0.00731566017177982));
#8180=CARTESIAN_POINT('',(0.1275,-0.090712899160319,0.00731566017177982));
#8181=CARTESIAN_POINT('',(0.12695,-0.090712899160319,0.00731566017177982));
#8182=CARTESIAN_POINT('',(0.12695,-0.090712899160319,0.00731566017177982));
#8183=CARTESIAN_POINT('',(0.1275,-0.090712899160319,0.00731566017177982));
#8184=CARTESIAN_POINT('',(0.12805,-0.090712899160319,0.00731566017177982));
#8185=CARTESIAN_POINT('',(0.12805,-0.090712899160319,0.00731566017177982));
#8186=CARTESIAN_POINT('',(0.12695,-0.091962899160319,0.00731566017177982));
#8187=CARTESIAN_POINT('',(0.12695,-0.093212899160319,0.00731566017177982));
#8188=CARTESIAN_POINT('',(0.12695,-0.093212899160319,0.00731566017177982));
#8189=CARTESIAN_POINT('',(0.12695,-0.091962899160319,0.00731566017177982));
#8190=CARTESIAN_POINT('',(0.1275,-0.093212899160319,0.00731566017177982));
#8191=CARTESIAN_POINT('',(0.12805,-0.093212899160319,0.00731566017177982));
#8192=CARTESIAN_POINT('',(0.12805,-0.093212899160319,0.00731566017177982));
#8193=CARTESIAN_POINT('',(0.1275,-0.093212899160319,0.00731566017177982));
#8194=CARTESIAN_POINT('',(0.12805,-0.091962899160319,0.00731566017177982));
#8195=CARTESIAN_POINT('',(0.12805,-0.091962899160319,0.00731566017177982));
#8196=CARTESIAN_POINT('',(0.12022254491411,-0.08606,0.00731566017177982));
#8197=CARTESIAN_POINT('',(0.1291,-0.090712899160319,0.00731566017177982));
#8198=CARTESIAN_POINT('',(0.12855,-0.090712899160319,0.00731566017177982));
#8199=CARTESIAN_POINT('',(0.12855,-0.090712899160319,0.00731566017177982));
#8200=CARTESIAN_POINT('',(0.1291,-0.090712899160319,0.00731566017177982));
#8201=CARTESIAN_POINT('',(0.12965,-0.090712899160319,0.00731566017177982));
#8202=CARTESIAN_POINT('',(0.12965,-0.090712899160319,0.00731566017177982));
#8203=CARTESIAN_POINT('',(0.12855,-0.091962899160319,0.00731566017177982));
#8204=CARTESIAN_POINT('',(0.12855,-0.093212899160319,0.00731566017177982));
#8205=CARTESIAN_POINT('',(0.12855,-0.093212899160319,0.00731566017177982));
#8206=CARTESIAN_POINT('',(0.12855,-0.091962899160319,0.00731566017177982));
#8207=CARTESIAN_POINT('',(0.1291,-0.093212899160319,0.00731566017177982));
#8208=CARTESIAN_POINT('',(0.12965,-0.093212899160319,0.00731566017177982));
#8209=CARTESIAN_POINT('',(0.12965,-0.093212899160319,0.00731566017177982));
#8210=CARTESIAN_POINT('',(0.1291,-0.093212899160319,0.00731566017177982));
#8211=CARTESIAN_POINT('',(0.12965,-0.091962899160319,0.00731566017177982));
#8212=CARTESIAN_POINT('',(0.12965,-0.091962899160319,0.00731566017177982));
#8213=CARTESIAN_POINT('',(0.12022254491411,-0.08606,0.00731566017177982));
#8214=CARTESIAN_POINT('',(0.13413575,-0.09557,0.00731566017177982));
#8215=CARTESIAN_POINT('',(0.13388575,-0.09557,0.00731566017177982));
#8216=CARTESIAN_POINT('',(0.13388575,-0.09557,0.00731566017177982));
#8217=CARTESIAN_POINT('',(0.13413575,-0.09557,0.00731566017177982));
#8218=CARTESIAN_POINT('',(0.13438575,-0.09557,0.00731566017177982));
#8219=CARTESIAN_POINT('',(0.13438575,-0.09557,0.00731566017177982));
#8220=CARTESIAN_POINT('',(0.13388575,-0.09622,0.00731566017177982));
#8221=CARTESIAN_POINT('',(0.13388575,-0.09687,0.00731566017177982));
#8222=CARTESIAN_POINT('',(0.13388575,-0.09687,0.00731566017177982));
#8223=CARTESIAN_POINT('',(0.13388575,-0.09622,0.00731566017177982));
#8224=CARTESIAN_POINT('',(0.13413575,-0.09687,0.00731566017177982));
#8225=CARTESIAN_POINT('',(0.13438575,-0.09687,0.00731566017177982));
#8226=CARTESIAN_POINT('',(0.13438575,-0.09687,0.00731566017177982));
#8227=CARTESIAN_POINT('',(0.13413575,-0.09687,0.00731566017177982));
#8228=CARTESIAN_POINT('',(0.13438575,-0.09622,0.00731566017177982));
#8229=CARTESIAN_POINT('',(0.13438575,-0.09622,0.00731566017177982));
#8230=CARTESIAN_POINT('',(0.12022254491411,-0.08606,0.00731566017177982));
#8231=CARTESIAN_POINT('',(0.135083418987038,-0.0962641875926365,0.00731566017177982));
#8232=CARTESIAN_POINT('',(0.135083418987038,-0.0951141875926365,0.00731566017177982));
#8233=CARTESIAN_POINT('',(0.135083418987038,-0.0951141875926365,0.00731566017177982));
#8234=CARTESIAN_POINT('',(0.135083418987038,-0.0962641875926365,0.00731566017177982));
#8235=CARTESIAN_POINT('',(0.135083418987038,-0.0974141875926365,0.00731566017177982));
#8236=CARTESIAN_POINT('',(0.135083418987038,-0.0974141875926365,0.00731566017177982));
#8237=CARTESIAN_POINT('',(0.134859584493519,-0.0953420937963182,0.00731566017177982));
#8238=CARTESIAN_POINT('',(0.13463575,-0.09557,0.00731566017177982));
#8239=CARTESIAN_POINT('',(0.13463575,-0.09557,0.00731566017177982));
#8240=CARTESIAN_POINT('',(0.134859584493519,-0.0953420937963182,0.00731566017177982));
#8241=CARTESIAN_POINT('',(0.13463575,-0.09622,0.00731566017177982));
#8242=CARTESIAN_POINT('',(0.13463575,-0.09687,0.00731566017177982));
#8243=CARTESIAN_POINT('',(0.13463575,-0.09687,0.00731566017177982));
#8244=CARTESIAN_POINT('',(0.13463575,-0.09622,0.00731566017177982));
#8245=CARTESIAN_POINT('',(0.134859584493519,-0.0971420937963182,0.00731566017177982));
#8246=CARTESIAN_POINT('',(0.134859584493519,-0.0971420937963182,0.00731566017177982));
#8247=CARTESIAN_POINT('',(0.12022254491411,-0.08606,0.00731566017177982));
#8248=CARTESIAN_POINT('',(0.135420551358952,-0.0971494339799378,0.00731566017177982));
#8249=CARTESIAN_POINT('',(0.135557683730866,-0.0973118387524992,0.00731566017177982));
#8250=CARTESIAN_POINT('',(0.135557683730866,-0.0973118387524992,0.00731566017177982));
#8251=CARTESIAN_POINT('',(0.135420551358952,-0.0971494339799378,0.00731566017177982));
#8252=CARTESIAN_POINT('',(0.135283418987038,-0.0969870292073765,0.00731566017177982));
#8253=CARTESIAN_POINT('',(0.135283418987038,-0.0969870292073765,0.00731566017177982));
#8254=CARTESIAN_POINT('',(0.135083418987038,-0.0962641875926365,0.00731566017177982));
#8255=CARTESIAN_POINT('',(0.135582387563286,-0.095228074490742,0.00731566017177982));
#8256=CARTESIAN_POINT('',(0.135582387563286,-0.095228074490742,0.00731566017177982));
#8257=CARTESIAN_POINT('',(0.135083418987038,-0.0962641875926365,0.00731566017177982));
#8258=CARTESIAN_POINT('',(0.135432903275162,-0.0953847102343192,0.00731566017177982));
#8259=CARTESIAN_POINT('',(0.135283418987038,-0.0955413459778964,0.00731566017177982));
#8260=CARTESIAN_POINT('',(0.135283418987038,-0.0955413459778964,0.00731566017177982));
#8261=CARTESIAN_POINT('',(0.135432903275162,-0.0953847102343192,0.00731566017177982));
#8262=CARTESIAN_POINT('',(0.135083418987038,-0.0962641875926365,0.00731566017177982));
#8263=CARTESIAN_POINT('',(0.135083418987038,-0.0962641875926365,0.00731566017177982));
#8264=CARTESIAN_POINT('',(0.12022254491411,-0.08606,0.00731566017177982));
#8265=CARTESIAN_POINT('',(0.13605254493194,-0.0978978989196801,0.00731566017177982));
#8266=CARTESIAN_POINT('',(0.136216117087848,-0.0980916161172087,0.00731566017177982));
#8267=CARTESIAN_POINT('',(0.136216117087848,-0.0980916161172087,0.00731566017177982));
#8268=CARTESIAN_POINT('',(0.13605254493194,-0.0978978989196801,0.00731566017177982));
#8269=CARTESIAN_POINT('',(0.135888972776032,-0.0977041817221514,0.00731566017177982));
#8270=CARTESIAN_POINT('',(0.135888972776032,-0.0977041817221514,0.00731566017177982));
#8271=CARTESIAN_POINT('',(0.135083418987038,-0.0962641875926365,0.00731566017177982));
#8272=CARTESIAN_POINT('',(0.136291119989886,-0.0944854357022035,0.00731566017177982));
#8273=CARTESIAN_POINT('',(0.136291119989886,-0.0944854357022035,0.00731566017177982));
#8274=CARTESIAN_POINT('',(0.135083418987038,-0.0962641875926365,0.00731566017177982));
#8275=CARTESIAN_POINT('',(0.136115379694538,-0.094669583562717,0.00731566017177982));
#8276=CARTESIAN_POINT('',(0.135939639399189,-0.0948537314232305,0.00731566017177982));
#8277=CARTESIAN_POINT('',(0.135939639399189,-0.0948537314232305,0.00731566017177982));
#8278=CARTESIAN_POINT('',(0.136115379694538,-0.094669583562717,0.00731566017177982));
#8279=CARTESIAN_POINT('',(0.135083418987038,-0.0962641875926365,0.00731566017177982));
#8280=CARTESIAN_POINT('',(0.135083418987038,-0.0962641875926365,0.00731566017177982));
#8281=CARTESIAN_POINT('',(0.12022254491411,-0.08606,0.00731566017177982));
#8282=MECHANICAL_DESIGN_GEOMETRIC_PRESENTATION_REPRESENTATION('',(#4646,
#12,#13,#14,#15,#16,#17,#18,#19,#20,#21,#22,#23,#24,#25,#26,#27,#28,#29,
#30,#31,#32,#33,#34,#35,#36,#37,#38,#39,#40,#41,#42,#43,#44,#45,#46,#47,
#48,#49,#50,#51,#52,#53,#54,#55,#56,#57,#58,#59,#60,#61,#62,#63,#64,#65,
#66,#67,#68,#69,#70,#71,#72,#73,#74,#75,#76,#77,#78,#79,#80,#81,#82,#83,
#84,#85,#86,#87,#88,#89,#90,#91,#92,#93,#94,#95,#96,#97,#98,#99,#100,#101,
#102,#103,#104,#105,#106,#107,#108,#109,#110,#111,#112,#113,#114,#115,#116,
#117,#118,#119,#120,#121,#122,#123,#124,#125,#126,#127,#128,#129,#130,#131,
#132,#133,#134,#135,#136,#137,#138,#139,#140,#141,#142,#143,#144,#145,#146,
#147,#148,#149,#150,#151,#152,#153,#154,#155,#156,#157,#158,#159,#160,#161,
#162,#163,#164,#165,#166,#167,#168,#169,#170,#171,#172,#173,#174,#175),
#8283);
#8283=(
GEOMETRIC_REPRESENTATION_CONTEXT(3)
GLOBAL_UNCERTAINTY_ASSIGNED_CONTEXT((#8284))
GLOBAL_UNIT_ASSIGNED_CONTEXT((#8287,#8286,#8285))
REPRESENTATION_CONTEXT('Part 3','TOP_LEVEL_ASSEMBLY_PART')
);
#8284=UNCERTAINTY_MEASURE_WITH_UNIT(LENGTH_MEASURE(1.E-8),#8287,
'DISTANCE_ACCURACY_VALUE','Maximum Tolerance applied to model');
#8285=(
NAMED_UNIT(*)
SI_UNIT($,.STERADIAN.)
SOLID_ANGLE_UNIT()
);
#8286=(
NAMED_UNIT(*)
PLANE_ANGLE_UNIT()
SI_UNIT($,.RADIAN.)
);
#8287=(
LENGTH_UNIT()
NAMED_UNIT(*)
SI_UNIT($,.METRE.)
);
#8288=PRODUCT_DEFINITION_SHAPE('','',#8289);
#8289=PRODUCT_DEFINITION('','',#8291,#8290);
#8290=PRODUCT_DEFINITION_CONTEXT('',#8297,'design');
#8291=PRODUCT_DEFINITION_FORMATION_WITH_SPECIFIED_SOURCE('','',#8293,
 .NOT_KNOWN.);
#8292=PRODUCT_RELATED_PRODUCT_CATEGORY('','',(#8293));
#8293=PRODUCT('Part 3','Part 3','Part 3',(#8295));
#8294=PRODUCT_CATEGORY('','');
#8295=PRODUCT_CONTEXT('',#8297,'mechanical');
#8296=APPLICATION_PROTOCOL_DEFINITION('international standard',
'ap242_managed_model_based_3d_engineering',2020,#8297);
#8297=APPLICATION_CONTEXT('managed model based 3d engineering');
ENDSEC;
END-ISO-10303-21;
