ISO-10303-21;
HEADER;
/* Generated by software containing ST-Developer
 * from STEP Tools, Inc. (www.steptools.com) 
 */
/* OPTION: using custom renumber hook */

FILE_DESCRIPTION(
/* description */ ('STEP AP242 Edition 2',
'CAx-IF Rec.Pracs.---Representation and Presentation of Product Manufa
cturing Information (PMI)---4.0---2014-10-13',
'CAx-IF Rec.Pracs.---3D Tessellated Geometry---0.4---2014-09-14','2;1',
'CAx-IF Rec.Pracs.---User Defined Attributes---1.5---2016-08-15'),
/* implementation_level */ '2;1');

FILE_NAME(
/* name */ 'Assembly 1 - Part 1',
/* time_stamp */ '2026-06-15T15:23:23Z',
/* author */ (''),
/* organization */ (''),
/* preprocessor_version */ 'ST-DEVELOPER v20',
/* originating_system */ 'ONSHAPE BY PTC INC, 1.216',
/* authorisation */ '  ');

FILE_SCHEMA (('AP242_MANAGED_MODEL_BASED_3D_ENGINEERING_MIM_LF { 1 0 10303 442 3 1 4 }'));
ENDSEC;

DATA;
#10=SHAPE_REPRESENTATION_RELATIONSHIP('','',#3397,#11);
#11=ADVANCED_BREP_SHAPE_REPRESENTATION('',(#3395),#5577);
#12=ELLIPSE('',#3525,0.0106066017177976,0.00749999999999956);
#13=ELLIPSE('',#3526,0.0106066017177976,0.00749999999999956);
#14=ELLIPSE('',#3527,0.0106066017177976,0.00749999999999956);
#15=ELLIPSE('',#3529,0.0106066017177983,0.0075);
#16=CYLINDRICAL_SURFACE('',#3499,0.0055);
#17=CYLINDRICAL_SURFACE('',#3501,0.0055);
#18=CYLINDRICAL_SURFACE('',#3504,0.0135572218262985);
#19=CYLINDRICAL_SURFACE('',#3505,0.0036);
#20=CYLINDRICAL_SURFACE('',#3509,0.0135572218262985);
#21=CYLINDRICAL_SURFACE('',#3511,0.0036);
#22=CYLINDRICAL_SURFACE('',#3520,0.0055);
#23=CYLINDRICAL_SURFACE('',#3522,0.0055);
#24=CYLINDRICAL_SURFACE('',#3524,0.00749999999999956);
#25=CYLINDRICAL_SURFACE('',#3528,0.0075);
#26=CYLINDRICAL_SURFACE('',#3530,0.0150572218263042);
#27=CYLINDRICAL_SURFACE('',#3538,0.0075);
#28=CYLINDRICAL_SURFACE('',#3541,0.001);
#29=CYLINDRICAL_SURFACE('',#3542,0.001);
#30=CYLINDRICAL_SURFACE('',#3543,0.001);
#31=CYLINDRICAL_SURFACE('',#3545,0.00599999999999984);
#32=CYLINDRICAL_SURFACE('',#3548,0.0059999999999995);
#33=CYLINDRICAL_SURFACE('',#3551,0.00275);
#34=CYLINDRICAL_SURFACE('',#3553,0.0233235837205497);
#35=CYLINDRICAL_SURFACE('',#3557,0.0238235837205617);
#36=CYLINDRICAL_SURFACE('',#3562,0.0238235837205089);
#37=CYLINDRICAL_SURFACE('',#3571,0.005);
#38=CYLINDRICAL_SURFACE('',#3574,0.00575);
#39=CYLINDRICAL_SURFACE('',#3619,4.36395048053527E-5);
#40=CYLINDRICAL_SURFACE('',#3635,0.002);
#41=CYLINDRICAL_SURFACE('',#3636,0.002);
#42=CYLINDRICAL_SURFACE('',#3637,0.002);
#43=CYLINDRICAL_SURFACE('',#3638,0.002);
#44=CONICAL_SURFACE('',#3474,0.00235,0.785398163397453);
#45=CONICAL_SURFACE('',#3476,0.00235,0.785398163397452);
#46=CONICAL_SURFACE('',#3477,0.0053,0.785398163397448);
#47=CONICAL_SURFACE('',#3479,0.00382,0.785398163397449);
#48=CONICAL_SURFACE('',#3480,0.00382,0.785398163397448);
#49=CONICAL_SURFACE('',#3481,0.00380949330564492,0.785398163397448);
#50=CONICAL_SURFACE('',#3482,0.00383143092230633,0.785398163397449);
#51=CONICAL_SURFACE('',#3483,0.0038200000000001,0.785398163397448);
#52=CONICAL_SURFACE('',#3484,0.00381999999999995,0.785398163397448);
#53=CONICAL_SURFACE('',#3487,0.0036,0.785398163397448);
#54=CONICAL_SURFACE('',#3491,0.00360000000000005,0.785398163397448);
#55=CONICAL_SURFACE('',#3656,0.0026,0.78539816339745);
#56=CONICAL_SURFACE('',#3658,0.0135572218262985,0.785398163397448);
#57=B_SPLINE_CURVE_WITH_KNOTS('',3,(#4701,#4702,#4703,#4704),
 .UNSPECIFIED.,.F.,.F.,(4,4),(0.,0.00174745506987003),.UNSPECIFIED.);
#58=B_SPLINE_CURVE_WITH_KNOTS('',3,(#4748,#4749,#4750,#4751),
 .UNSPECIFIED.,.F.,.F.,(4,4),(0.00362957637927153,0.00533826285149546),
 .UNSPECIFIED.);
#59=B_SPLINE_CURVE_WITH_KNOTS('',3,(#4755,#4756,#4757,#4758),
 .UNSPECIFIED.,.F.,.F.,(4,4),(0.00473513514119993,0.00642168639115413),
 .UNSPECIFIED.);
#60=B_SPLINE_CURVE_WITH_KNOTS('',3,(#5048,#5049,#5050,#5051),
 .UNSPECIFIED.,.F.,.F.,(4,4),(0.299993234291038,1.),.UNSPECIFIED.);
#61=B_SPLINE_CURVE_WITH_KNOTS('',3,(#5055,#5056,#5057,#5058),
 .UNSPECIFIED.,.F.,.F.,(4,4),(0.00153975226899338,0.00320707440831107),
 .UNSPECIFIED.);
#62=B_SPLINE_CURVE_WITH_KNOTS('',3,(#5060,#5061,#5062,#5063),
 .UNSPECIFIED.,.F.,.F.,(4,4),(6.67402951909942E-15,0.00211490393994448),
 .UNSPECIFIED.);
#63=B_SPLINE_CURVE_WITH_KNOTS('',3,(#5064,#5065,#5066,#5067),
 .UNSPECIFIED.,.F.,.F.,(4,4),(0.,0.00211490393995725),.UNSPECIFIED.);
#64=B_SPLINE_CURVE_WITH_KNOTS('',3,(#5069,#5070,#5071,#5072),
 .UNSPECIFIED.,.F.,.F.,(4,4),(0.00795384539267662,0.00962130458500907),
 .UNSPECIFIED.);
#65=B_SPLINE_CURVE_WITH_KNOTS('',3,(#5079,#5080,#5081,#5082),
 .UNSPECIFIED.,.F.,.F.,(4,4),(0.,1.),.UNSPECIFIED.);
#66=B_SPLINE_CURVE_WITH_KNOTS('',3,(#5084,#5085,#5086,#5087),
 .UNSPECIFIED.,.F.,.F.,(4,4),(0.,1.),.UNSPECIFIED.);
#67=B_SPLINE_CURVE_WITH_KNOTS('',3,(#5099,#5100,#5101,#5102),
 .UNSPECIFIED.,.F.,.F.,(4,4),(0.,1.),.UNSPECIFIED.);
#68=CIRCLE('',#3400,4.36395048053527E-5);
#69=CIRCLE('',#3401,0.00275);
#70=CIRCLE('',#3406,0.0075);
#71=CIRCLE('',#3407,0.0055);
#72=CIRCLE('',#3408,0.0055);
#73=CIRCLE('',#3409,0.00749999999999956);
#74=CIRCLE('',#3413,0.001);
#75=CIRCLE('',#3414,0.001);
#76=CIRCLE('',#3415,0.0018200000000001);
#77=CIRCLE('',#3416,0.00180949330564493);
#78=CIRCLE('',#3417,0.00182);
#79=CIRCLE('',#3418,0.00182);
#80=CIRCLE('',#3419,0.00183143092230633);
#81=CIRCLE('',#3420,0.00181999999999995);
#82=CIRCLE('',#3421,0.0036);
#83=CIRCLE('',#3422,0.0135572218262985);
#84=CIRCLE('',#3423,0.0150572218263042);
#85=CIRCLE('',#3424,0.0055);
#86=CIRCLE('',#3425,0.0055);
#87=CIRCLE('',#3426,0.0033);
#88=CIRCLE('',#3430,0.001);
#89=CIRCLE('',#3431,0.001);
#90=CIRCLE('',#3432,0.00749999999999956);
#91=CIRCLE('',#3433,0.0075);
#92=CIRCLE('',#3434,0.0145572218262985);
#93=CIRCLE('',#3435,0.0026);
#94=CIRCLE('',#3436,0.0053);
#95=CIRCLE('',#3437,0.0038200000000001);
#96=CIRCLE('',#3438,0.00382);
#97=CIRCLE('',#3439,0.00383143092230633);
#98=CIRCLE('',#3440,0.00382);
#99=CIRCLE('',#3441,0.00382);
#100=CIRCLE('',#3442,0.00380949330564492);
#101=CIRCLE('',#3444,0.00575);
#102=CIRCLE('',#3445,0.002);
#103=CIRCLE('',#3446,0.002);
#104=CIRCLE('',#3447,0.0238235837205089);
#105=CIRCLE('',#3448,0.002);
#106=CIRCLE('',#3449,0.002);
#107=CIRCLE('',#3450,0.0238235837205617);
#108=CIRCLE('',#3451,0.00599999999999984);
#109=CIRCLE('',#3452,0.0233235837205497);
#110=CIRCLE('',#3453,0.0059999999999995);
#111=CIRCLE('',#3454,0.001);
#112=CIRCLE('',#3455,0.00360000000000006);
#113=CIRCLE('',#3456,0.0036);
#114=CIRCLE('',#3457,0.0135572218262985);
#115=CIRCLE('',#3458,0.0075);
#116=CIRCLE('',#3459,0.0075);
#117=CIRCLE('',#3460,0.00235);
#118=CIRCLE('',#3461,0.00235);
#119=CIRCLE('',#3465,0.001);
#120=CIRCLE('',#3466,0.000349999999999989);
#121=CIRCLE('',#3467,0.000349999999999991);
#122=CIRCLE('',#3468,0.00160000000000006);
#123=CIRCLE('',#3469,0.0016);
#124=CIRCLE('',#3470,0.0135572218262985);
#125=CIRCLE('',#3471,0.0036);
#126=CIRCLE('',#3472,0.0055);
#127=CIRCLE('',#3473,0.0055);
#128=CIRCLE('',#3492,0.00360000000000006);
#129=CIRCLE('',#3510,0.0135572218262985);
#130=CIRCLE('',#3512,0.0036);
#131=CIRCLE('',#3515,0.0075);
#132=CIRCLE('',#3516,0.00749999999999956);
#133=CIRCLE('',#3517,0.0055);
#134=CIRCLE('',#3518,0.0055);
#135=CIRCLE('',#3519,0.0150572218263042);
#136=CIRCLE('',#3546,0.00599999999999984);
#137=CIRCLE('',#3549,0.0059999999999995);
#138=CIRCLE('',#3552,0.00275);
#139=CIRCLE('',#3554,0.0233235837205497);
#140=CIRCLE('',#3558,0.0238235837205617);
#141=CIRCLE('',#3563,0.0238235837205089);
#142=CIRCLE('',#3567,0.002);
#143=CIRCLE('',#3568,0.002);
#144=CIRCLE('',#3569,0.002);
#145=CIRCLE('',#3570,0.002);
#146=CIRCLE('',#3572,0.005);
#147=CIRCLE('',#3573,0.005);
#148=CIRCLE('',#3575,0.00575);
#149=CIRCLE('',#3620,4.36395048053527E-5);
#150=ORIENTED_EDGE('',*,*,#1112,.T.);
#151=ORIENTED_EDGE('',*,*,#1113,.T.);
#152=ORIENTED_EDGE('',*,*,#1114,.T.);
#153=ORIENTED_EDGE('',*,*,#1115,.T.);
#154=ORIENTED_EDGE('',*,*,#1116,.T.);
#155=ORIENTED_EDGE('',*,*,#1117,.T.);
#156=ORIENTED_EDGE('',*,*,#1118,.T.);
#157=ORIENTED_EDGE('',*,*,#1119,.T.);
#158=ORIENTED_EDGE('',*,*,#1120,.T.);
#159=ORIENTED_EDGE('',*,*,#1121,.T.);
#160=ORIENTED_EDGE('',*,*,#1122,.T.);
#161=ORIENTED_EDGE('',*,*,#1123,.T.);
#162=ORIENTED_EDGE('',*,*,#1124,.T.);
#163=ORIENTED_EDGE('',*,*,#1125,.T.);
#164=ORIENTED_EDGE('',*,*,#1126,.T.);
#165=ORIENTED_EDGE('',*,*,#1127,.T.);
#166=ORIENTED_EDGE('',*,*,#1128,.T.);
#167=ORIENTED_EDGE('',*,*,#1129,.T.);
#168=ORIENTED_EDGE('',*,*,#1130,.T.);
#169=ORIENTED_EDGE('',*,*,#1131,.T.);
#170=ORIENTED_EDGE('',*,*,#1132,.T.);
#171=ORIENTED_EDGE('',*,*,#1133,.T.);
#172=ORIENTED_EDGE('',*,*,#1134,.T.);
#173=ORIENTED_EDGE('',*,*,#1135,.T.);
#174=ORIENTED_EDGE('',*,*,#1136,.T.);
#175=ORIENTED_EDGE('',*,*,#1137,.T.);
#176=ORIENTED_EDGE('',*,*,#1138,.T.);
#177=ORIENTED_EDGE('',*,*,#1139,.T.);
#178=ORIENTED_EDGE('',*,*,#1140,.T.);
#179=ORIENTED_EDGE('',*,*,#1141,.T.);
#180=ORIENTED_EDGE('',*,*,#1142,.T.);
#181=ORIENTED_EDGE('',*,*,#1143,.T.);
#182=ORIENTED_EDGE('',*,*,#1144,.T.);
#183=ORIENTED_EDGE('',*,*,#1145,.T.);
#184=ORIENTED_EDGE('',*,*,#1146,.T.);
#185=ORIENTED_EDGE('',*,*,#1147,.T.);
#186=ORIENTED_EDGE('',*,*,#1148,.T.);
#187=ORIENTED_EDGE('',*,*,#1149,.T.);
#188=ORIENTED_EDGE('',*,*,#1150,.T.);
#189=ORIENTED_EDGE('',*,*,#1151,.T.);
#190=ORIENTED_EDGE('',*,*,#1152,.T.);
#191=ORIENTED_EDGE('',*,*,#1153,.T.);
#192=ORIENTED_EDGE('',*,*,#1154,.T.);
#193=ORIENTED_EDGE('',*,*,#1155,.T.);
#194=ORIENTED_EDGE('',*,*,#1156,.T.);
#195=ORIENTED_EDGE('',*,*,#1157,.T.);
#196=ORIENTED_EDGE('',*,*,#1158,.T.);
#197=ORIENTED_EDGE('',*,*,#1159,.F.);
#198=ORIENTED_EDGE('',*,*,#1160,.F.);
#199=ORIENTED_EDGE('',*,*,#1161,.F.);
#200=ORIENTED_EDGE('',*,*,#1162,.F.);
#201=ORIENTED_EDGE('',*,*,#1163,.F.);
#202=ORIENTED_EDGE('',*,*,#1164,.F.);
#203=ORIENTED_EDGE('',*,*,#1165,.F.);
#204=ORIENTED_EDGE('',*,*,#1166,.T.);
#205=ORIENTED_EDGE('',*,*,#1167,.T.);
#206=ORIENTED_EDGE('',*,*,#1168,.F.);
#207=ORIENTED_EDGE('',*,*,#1169,.F.);
#208=ORIENTED_EDGE('',*,*,#1170,.T.);
#209=ORIENTED_EDGE('',*,*,#1171,.F.);
#210=ORIENTED_EDGE('',*,*,#1172,.T.);
#211=ORIENTED_EDGE('',*,*,#1173,.T.);
#212=ORIENTED_EDGE('',*,*,#1174,.T.);
#213=ORIENTED_EDGE('',*,*,#1175,.F.);
#214=ORIENTED_EDGE('',*,*,#1176,.T.);
#215=ORIENTED_EDGE('',*,*,#1177,.F.);
#216=ORIENTED_EDGE('',*,*,#1178,.T.);
#217=ORIENTED_EDGE('',*,*,#1179,.F.);
#218=ORIENTED_EDGE('',*,*,#1180,.F.);
#219=ORIENTED_EDGE('',*,*,#1179,.T.);
#220=ORIENTED_EDGE('',*,*,#1181,.T.);
#221=ORIENTED_EDGE('',*,*,#1182,.T.);
#222=ORIENTED_EDGE('',*,*,#1183,.T.);
#223=ORIENTED_EDGE('',*,*,#1184,.T.);
#224=ORIENTED_EDGE('',*,*,#1185,.F.);
#225=ORIENTED_EDGE('',*,*,#1186,.T.);
#226=ORIENTED_EDGE('',*,*,#1187,.F.);
#227=ORIENTED_EDGE('',*,*,#1188,.T.);
#228=ORIENTED_EDGE('',*,*,#1189,.T.);
#229=ORIENTED_EDGE('',*,*,#1190,.T.);
#230=ORIENTED_EDGE('',*,*,#1191,.T.);
#231=ORIENTED_EDGE('',*,*,#1192,.T.);
#232=ORIENTED_EDGE('',*,*,#1193,.T.);
#233=ORIENTED_EDGE('',*,*,#1194,.F.);
#234=ORIENTED_EDGE('',*,*,#1195,.F.);
#235=ORIENTED_EDGE('',*,*,#1196,.T.);
#236=ORIENTED_EDGE('',*,*,#1197,.F.);
#237=ORIENTED_EDGE('',*,*,#1198,.F.);
#238=ORIENTED_EDGE('',*,*,#1199,.F.);
#239=ORIENTED_EDGE('',*,*,#1200,.T.);
#240=ORIENTED_EDGE('',*,*,#1201,.T.);
#241=ORIENTED_EDGE('',*,*,#1202,.T.);
#242=ORIENTED_EDGE('',*,*,#1203,.T.);
#243=ORIENTED_EDGE('',*,*,#1204,.T.);
#244=ORIENTED_EDGE('',*,*,#1205,.T.);
#245=ORIENTED_EDGE('',*,*,#1206,.T.);
#246=ORIENTED_EDGE('',*,*,#1207,.F.);
#247=ORIENTED_EDGE('',*,*,#1208,.F.);
#248=ORIENTED_EDGE('',*,*,#1209,.T.);
#249=ORIENTED_EDGE('',*,*,#1210,.T.);
#250=ORIENTED_EDGE('',*,*,#1211,.T.);
#251=ORIENTED_EDGE('',*,*,#1212,.T.);
#252=ORIENTED_EDGE('',*,*,#1213,.T.);
#253=ORIENTED_EDGE('',*,*,#1214,.T.);
#254=ORIENTED_EDGE('',*,*,#1215,.T.);
#255=ORIENTED_EDGE('',*,*,#1216,.T.);
#256=ORIENTED_EDGE('',*,*,#1217,.F.);
#257=ORIENTED_EDGE('',*,*,#1218,.F.);
#258=ORIENTED_EDGE('',*,*,#1219,.F.);
#259=ORIENTED_EDGE('',*,*,#1220,.T.);
#260=ORIENTED_EDGE('',*,*,#1221,.F.);
#261=ORIENTED_EDGE('',*,*,#1222,.F.);
#262=ORIENTED_EDGE('',*,*,#1174,.F.);
#263=ORIENTED_EDGE('',*,*,#1223,.F.);
#264=ORIENTED_EDGE('',*,*,#1224,.T.);
#265=ORIENTED_EDGE('',*,*,#1225,.F.);
#266=ORIENTED_EDGE('',*,*,#1226,.T.);
#267=ORIENTED_EDGE('',*,*,#1227,.T.);
#268=ORIENTED_EDGE('',*,*,#1228,.T.);
#269=ORIENTED_EDGE('',*,*,#1229,.F.);
#270=ORIENTED_EDGE('',*,*,#1230,.T.);
#271=ORIENTED_EDGE('',*,*,#1231,.F.);
#272=ORIENTED_EDGE('',*,*,#1232,.F.);
#273=ORIENTED_EDGE('',*,*,#1233,.F.);
#274=ORIENTED_EDGE('',*,*,#1234,.T.);
#275=ORIENTED_EDGE('',*,*,#1235,.T.);
#276=ORIENTED_EDGE('',*,*,#1236,.T.);
#277=ORIENTED_EDGE('',*,*,#1237,.T.);
#278=ORIENTED_EDGE('',*,*,#1238,.F.);
#279=ORIENTED_EDGE('',*,*,#1193,.F.);
#280=ORIENTED_EDGE('',*,*,#1239,.T.);
#281=ORIENTED_EDGE('',*,*,#1240,.T.);
#282=ORIENTED_EDGE('',*,*,#1241,.T.);
#283=ORIENTED_EDGE('',*,*,#1242,.T.);
#284=ORIENTED_EDGE('',*,*,#1228,.F.);
#285=ORIENTED_EDGE('',*,*,#1243,.F.);
#286=ORIENTED_EDGE('',*,*,#1244,.T.);
#287=ORIENTED_EDGE('',*,*,#1245,.F.);
#288=ORIENTED_EDGE('',*,*,#1188,.F.);
#289=ORIENTED_EDGE('',*,*,#1246,.T.);
#290=ORIENTED_EDGE('',*,*,#1247,.T.);
#291=ORIENTED_EDGE('',*,*,#1248,.T.);
#292=ORIENTED_EDGE('',*,*,#1249,.T.);
#293=ORIENTED_EDGE('',*,*,#1250,.F.);
#294=ORIENTED_EDGE('',*,*,#1251,.T.);
#295=ORIENTED_EDGE('',*,*,#1252,.F.);
#296=ORIENTED_EDGE('',*,*,#1170,.F.);
#297=ORIENTED_EDGE('',*,*,#1253,.T.);
#298=ORIENTED_EDGE('',*,*,#1254,.T.);
#299=ORIENTED_EDGE('',*,*,#1255,.T.);
#300=ORIENTED_EDGE('',*,*,#1256,.T.);
#301=ORIENTED_EDGE('',*,*,#1257,.T.);
#302=ORIENTED_EDGE('',*,*,#1258,.T.);
#303=ORIENTED_EDGE('',*,*,#1259,.T.);
#304=ORIENTED_EDGE('',*,*,#1260,.T.);
#305=ORIENTED_EDGE('',*,*,#1261,.T.);
#306=ORIENTED_EDGE('',*,*,#1262,.T.);
#307=ORIENTED_EDGE('',*,*,#1263,.T.);
#308=ORIENTED_EDGE('',*,*,#1264,.T.);
#309=ORIENTED_EDGE('',*,*,#1265,.T.);
#310=ORIENTED_EDGE('',*,*,#1266,.T.);
#311=ORIENTED_EDGE('',*,*,#1267,.T.);
#312=ORIENTED_EDGE('',*,*,#1268,.T.);
#313=ORIENTED_EDGE('',*,*,#1269,.T.);
#314=ORIENTED_EDGE('',*,*,#1270,.T.);
#315=ORIENTED_EDGE('',*,*,#1271,.T.);
#316=ORIENTED_EDGE('',*,*,#1272,.T.);
#317=ORIENTED_EDGE('',*,*,#1273,.F.);
#318=ORIENTED_EDGE('',*,*,#1274,.T.);
#319=ORIENTED_EDGE('',*,*,#1275,.T.);
#320=ORIENTED_EDGE('',*,*,#1276,.T.);
#321=ORIENTED_EDGE('',*,*,#1277,.T.);
#322=ORIENTED_EDGE('',*,*,#1278,.T.);
#323=ORIENTED_EDGE('',*,*,#1279,.T.);
#324=ORIENTED_EDGE('',*,*,#1280,.F.);
#325=ORIENTED_EDGE('',*,*,#1281,.T.);
#326=ORIENTED_EDGE('',*,*,#1282,.F.);
#327=ORIENTED_EDGE('',*,*,#1283,.T.);
#328=ORIENTED_EDGE('',*,*,#1284,.F.);
#329=ORIENTED_EDGE('',*,*,#1285,.T.);
#330=ORIENTED_EDGE('',*,*,#1286,.F.);
#331=ORIENTED_EDGE('',*,*,#1287,.F.);
#332=ORIENTED_EDGE('',*,*,#1288,.F.);
#333=ORIENTED_EDGE('',*,*,#1289,.T.);
#334=ORIENTED_EDGE('',*,*,#1290,.F.);
#335=ORIENTED_EDGE('',*,*,#1291,.F.);
#336=ORIENTED_EDGE('',*,*,#1292,.T.);
#337=ORIENTED_EDGE('',*,*,#1293,.T.);
#338=ORIENTED_EDGE('',*,*,#1294,.T.);
#339=ORIENTED_EDGE('',*,*,#1295,.T.);
#340=ORIENTED_EDGE('',*,*,#1296,.F.);
#341=ORIENTED_EDGE('',*,*,#1297,.T.);
#342=ORIENTED_EDGE('',*,*,#1298,.T.);
#343=ORIENTED_EDGE('',*,*,#1299,.T.);
#344=ORIENTED_EDGE('',*,*,#1300,.T.);
#345=ORIENTED_EDGE('',*,*,#1301,.T.);
#346=ORIENTED_EDGE('',*,*,#1302,.T.);
#347=ORIENTED_EDGE('',*,*,#1303,.T.);
#348=ORIENTED_EDGE('',*,*,#1304,.T.);
#349=ORIENTED_EDGE('',*,*,#1305,.T.);
#350=ORIENTED_EDGE('',*,*,#1177,.T.);
#351=ORIENTED_EDGE('',*,*,#1306,.T.);
#352=ORIENTED_EDGE('',*,*,#1307,.T.);
#353=ORIENTED_EDGE('',*,*,#1190,.F.);
#354=ORIENTED_EDGE('',*,*,#1308,.T.);
#355=ORIENTED_EDGE('',*,*,#1309,.T.);
#356=ORIENTED_EDGE('',*,*,#1310,.T.);
#357=ORIENTED_EDGE('',*,*,#1311,.T.);
#358=ORIENTED_EDGE('',*,*,#1312,.T.);
#359=ORIENTED_EDGE('',*,*,#1196,.F.);
#360=ORIENTED_EDGE('',*,*,#1313,.T.);
#361=ORIENTED_EDGE('',*,*,#1314,.T.);
#362=ORIENTED_EDGE('',*,*,#1315,.T.);
#363=ORIENTED_EDGE('',*,*,#1316,.T.);
#364=ORIENTED_EDGE('',*,*,#1218,.T.);
#365=ORIENTED_EDGE('',*,*,#1317,.T.);
#366=ORIENTED_EDGE('',*,*,#1238,.T.);
#367=ORIENTED_EDGE('',*,*,#1318,.F.);
#368=ORIENTED_EDGE('',*,*,#1319,.F.);
#369=ORIENTED_EDGE('',*,*,#1320,.F.);
#370=ORIENTED_EDGE('',*,*,#1321,.T.);
#371=ORIENTED_EDGE('',*,*,#1322,.T.);
#372=ORIENTED_EDGE('',*,*,#1323,.T.);
#373=ORIENTED_EDGE('',*,*,#1324,.T.);
#374=ORIENTED_EDGE('',*,*,#1325,.T.);
#375=ORIENTED_EDGE('',*,*,#1326,.T.);
#376=ORIENTED_EDGE('',*,*,#1327,.T.);
#377=ORIENTED_EDGE('',*,*,#1328,.T.);
#378=ORIENTED_EDGE('',*,*,#1329,.T.);
#379=ORIENTED_EDGE('',*,*,#1330,.T.);
#380=ORIENTED_EDGE('',*,*,#1331,.T.);
#381=ORIENTED_EDGE('',*,*,#1332,.T.);
#382=ORIENTED_EDGE('',*,*,#1333,.F.);
#383=ORIENTED_EDGE('',*,*,#1334,.F.);
#384=ORIENTED_EDGE('',*,*,#1335,.T.);
#385=ORIENTED_EDGE('',*,*,#1336,.F.);
#386=ORIENTED_EDGE('',*,*,#1318,.T.);
#387=ORIENTED_EDGE('',*,*,#1237,.F.);
#388=ORIENTED_EDGE('',*,*,#1337,.F.);
#389=ORIENTED_EDGE('',*,*,#1194,.T.);
#390=ORIENTED_EDGE('',*,*,#1247,.F.);
#391=ORIENTED_EDGE('',*,*,#1338,.F.);
#392=ORIENTED_EDGE('',*,*,#1339,.T.);
#393=ORIENTED_EDGE('',*,*,#1340,.F.);
#394=ORIENTED_EDGE('',*,*,#1341,.T.);
#395=ORIENTED_EDGE('',*,*,#1342,.T.);
#396=ORIENTED_EDGE('',*,*,#1343,.T.);
#397=ORIENTED_EDGE('',*,*,#1308,.F.);
#398=ORIENTED_EDGE('',*,*,#1199,.T.);
#399=ORIENTED_EDGE('',*,*,#1344,.F.);
#400=ORIENTED_EDGE('',*,*,#1326,.F.);
#401=ORIENTED_EDGE('',*,*,#1345,.T.);
#402=ORIENTED_EDGE('',*,*,#1344,.T.);
#403=ORIENTED_EDGE('',*,*,#1198,.T.);
#404=ORIENTED_EDGE('',*,*,#1346,.F.);
#405=ORIENTED_EDGE('',*,*,#1321,.F.);
#406=ORIENTED_EDGE('',*,*,#1346,.T.);
#407=ORIENTED_EDGE('',*,*,#1197,.T.);
#408=ORIENTED_EDGE('',*,*,#1312,.F.);
#409=ORIENTED_EDGE('',*,*,#1347,.T.);
#410=ORIENTED_EDGE('',*,*,#1322,.F.);
#411=ORIENTED_EDGE('',*,*,#1348,.F.);
#412=ORIENTED_EDGE('',*,*,#1349,.T.);
#413=ORIENTED_EDGE('',*,*,#1262,.F.);
#414=ORIENTED_EDGE('',*,*,#1350,.T.);
#415=ORIENTED_EDGE('',*,*,#1351,.F.);
#416=ORIENTED_EDGE('',*,*,#1230,.F.);
#417=ORIENTED_EDGE('',*,*,#1352,.F.);
#418=ORIENTED_EDGE('',*,*,#1213,.F.);
#419=ORIENTED_EDGE('',*,*,#1353,.F.);
#420=ORIENTED_EDGE('',*,*,#1270,.F.);
#421=ORIENTED_EDGE('',*,*,#1353,.T.);
#422=ORIENTED_EDGE('',*,*,#1212,.F.);
#423=ORIENTED_EDGE('',*,*,#1354,.F.);
#424=ORIENTED_EDGE('',*,*,#1271,.F.);
#425=ORIENTED_EDGE('',*,*,#1352,.T.);
#426=ORIENTED_EDGE('',*,*,#1269,.F.);
#427=ORIENTED_EDGE('',*,*,#1355,.F.);
#428=ORIENTED_EDGE('',*,*,#1214,.F.);
#429=ORIENTED_EDGE('',*,*,#1354,.T.);
#430=ORIENTED_EDGE('',*,*,#1211,.F.);
#431=ORIENTED_EDGE('',*,*,#1356,.F.);
#432=ORIENTED_EDGE('',*,*,#1272,.F.);
#433=ORIENTED_EDGE('',*,*,#1355,.T.);
#434=ORIENTED_EDGE('',*,*,#1268,.F.);
#435=ORIENTED_EDGE('',*,*,#1357,.F.);
#436=ORIENTED_EDGE('',*,*,#1215,.F.);
#437=ORIENTED_EDGE('',*,*,#1356,.T.);
#438=ORIENTED_EDGE('',*,*,#1210,.F.);
#439=ORIENTED_EDGE('',*,*,#1358,.F.);
#440=ORIENTED_EDGE('',*,*,#1265,.F.);
#441=ORIENTED_EDGE('',*,*,#1357,.T.);
#442=ORIENTED_EDGE('',*,*,#1267,.F.);
#443=ORIENTED_EDGE('',*,*,#1359,.F.);
#444=ORIENTED_EDGE('',*,*,#1216,.F.);
#445=ORIENTED_EDGE('',*,*,#1358,.T.);
#446=ORIENTED_EDGE('',*,*,#1209,.F.);
#447=ORIENTED_EDGE('',*,*,#1359,.T.);
#448=ORIENTED_EDGE('',*,*,#1266,.F.);
#449=ORIENTED_EDGE('',*,*,#1360,.F.);
#450=ORIENTED_EDGE('',*,*,#1331,.F.);
#451=ORIENTED_EDGE('',*,*,#1361,.F.);
#452=ORIENTED_EDGE('',*,*,#1301,.F.);
#453=ORIENTED_EDGE('',*,*,#1361,.T.);
#454=ORIENTED_EDGE('',*,*,#1330,.F.);
#455=ORIENTED_EDGE('',*,*,#1362,.F.);
#456=ORIENTED_EDGE('',*,*,#1302,.F.);
#457=ORIENTED_EDGE('',*,*,#1360,.T.);
#458=ORIENTED_EDGE('',*,*,#1300,.F.);
#459=ORIENTED_EDGE('',*,*,#1363,.F.);
#460=ORIENTED_EDGE('',*,*,#1332,.F.);
#461=ORIENTED_EDGE('',*,*,#1362,.T.);
#462=ORIENTED_EDGE('',*,*,#1329,.F.);
#463=ORIENTED_EDGE('',*,*,#1364,.F.);
#464=ORIENTED_EDGE('',*,*,#1365,.F.);
#465=ORIENTED_EDGE('',*,*,#1363,.T.);
#466=ORIENTED_EDGE('',*,*,#1299,.F.);
#467=ORIENTED_EDGE('',*,*,#1366,.F.);
#468=ORIENTED_EDGE('',*,*,#1327,.F.);
#469=ORIENTED_EDGE('',*,*,#1364,.T.);
#470=ORIENTED_EDGE('',*,*,#1328,.F.);
#471=ORIENTED_EDGE('',*,*,#1366,.T.);
#472=ORIENTED_EDGE('',*,*,#1298,.F.);
#473=ORIENTED_EDGE('',*,*,#1367,.F.);
#474=ORIENTED_EDGE('',*,*,#1345,.F.);
#475=ORIENTED_EDGE('',*,*,#1325,.F.);
#476=ORIENTED_EDGE('',*,*,#1368,.F.);
#477=ORIENTED_EDGE('',*,*,#1309,.F.);
#478=ORIENTED_EDGE('',*,*,#1368,.T.);
#479=ORIENTED_EDGE('',*,*,#1324,.F.);
#480=ORIENTED_EDGE('',*,*,#1369,.F.);
#481=ORIENTED_EDGE('',*,*,#1310,.F.);
#482=ORIENTED_EDGE('',*,*,#1369,.T.);
#483=ORIENTED_EDGE('',*,*,#1323,.F.);
#484=ORIENTED_EDGE('',*,*,#1347,.F.);
#485=ORIENTED_EDGE('',*,*,#1311,.F.);
#486=ORIENTED_EDGE('',*,*,#1183,.F.);
#487=ORIENTED_EDGE('',*,*,#1370,.T.);
#488=ORIENTED_EDGE('',*,*,#1342,.F.);
#489=ORIENTED_EDGE('',*,*,#1371,.F.);
#490=ORIENTED_EDGE('',*,*,#1372,.F.);
#491=ORIENTED_EDGE('',*,*,#1304,.F.);
#492=ORIENTED_EDGE('',*,*,#1373,.T.);
#493=ORIENTED_EDGE('',*,*,#1343,.F.);
#494=ORIENTED_EDGE('',*,*,#1370,.F.);
#495=ORIENTED_EDGE('',*,*,#1182,.F.);
#496=ORIENTED_EDGE('',*,*,#1246,.F.);
#497=ORIENTED_EDGE('',*,*,#1187,.T.);
#498=ORIENTED_EDGE('',*,*,#1374,.T.);
#499=ORIENTED_EDGE('',*,*,#1338,.T.);
#500=ORIENTED_EDGE('',*,*,#1186,.F.);
#501=ORIENTED_EDGE('',*,*,#1375,.T.);
#502=ORIENTED_EDGE('',*,*,#1339,.F.);
#503=ORIENTED_EDGE('',*,*,#1374,.F.);
#504=ORIENTED_EDGE('',*,*,#1375,.F.);
#505=ORIENTED_EDGE('',*,*,#1185,.T.);
#506=ORIENTED_EDGE('',*,*,#1376,.T.);
#507=ORIENTED_EDGE('',*,*,#1340,.T.);
#508=ORIENTED_EDGE('',*,*,#1184,.F.);
#509=ORIENTED_EDGE('',*,*,#1371,.T.);
#510=ORIENTED_EDGE('',*,*,#1341,.F.);
#511=ORIENTED_EDGE('',*,*,#1376,.F.);
#512=ORIENTED_EDGE('',*,*,#1195,.T.);
#513=ORIENTED_EDGE('',*,*,#1337,.T.);
#514=ORIENTED_EDGE('',*,*,#1236,.F.);
#515=ORIENTED_EDGE('',*,*,#1377,.T.);
#516=ORIENTED_EDGE('',*,*,#1293,.F.);
#517=ORIENTED_EDGE('',*,*,#1378,.T.);
#518=ORIENTED_EDGE('',*,*,#1336,.T.);
#519=ORIENTED_EDGE('',*,*,#1379,.F.);
#520=ORIENTED_EDGE('',*,*,#1297,.F.);
#521=ORIENTED_EDGE('',*,*,#1380,.T.);
#522=ORIENTED_EDGE('',*,*,#1333,.T.);
#523=ORIENTED_EDGE('',*,*,#1373,.F.);
#524=ORIENTED_EDGE('',*,*,#1303,.F.);
#525=ORIENTED_EDGE('',*,*,#1367,.T.);
#526=ORIENTED_EDGE('',*,*,#1379,.T.);
#527=ORIENTED_EDGE('',*,*,#1335,.F.);
#528=ORIENTED_EDGE('',*,*,#1381,.F.);
#529=ORIENTED_EDGE('',*,*,#1381,.T.);
#530=ORIENTED_EDGE('',*,*,#1334,.T.);
#531=ORIENTED_EDGE('',*,*,#1380,.F.);
#532=ORIENTED_EDGE('',*,*,#1365,.T.);
#533=ORIENTED_EDGE('',*,*,#1382,.F.);
#534=ORIENTED_EDGE('',*,*,#1383,.T.);
#535=ORIENTED_EDGE('',*,*,#1384,.T.);
#536=ORIENTED_EDGE('',*,*,#1219,.T.);
#537=ORIENTED_EDGE('',*,*,#1385,.F.);
#538=ORIENTED_EDGE('',*,*,#1386,.T.);
#539=ORIENTED_EDGE('',*,*,#1387,.T.);
#540=ORIENTED_EDGE('',*,*,#1221,.T.);
#541=ORIENTED_EDGE('',*,*,#1387,.F.);
#542=ORIENTED_EDGE('',*,*,#1388,.T.);
#543=ORIENTED_EDGE('',*,*,#1175,.T.);
#544=ORIENTED_EDGE('',*,*,#1222,.T.);
#545=ORIENTED_EDGE('',*,*,#1384,.F.);
#546=ORIENTED_EDGE('',*,*,#1389,.T.);
#547=ORIENTED_EDGE('',*,*,#1385,.T.);
#548=ORIENTED_EDGE('',*,*,#1220,.F.);
#549=ORIENTED_EDGE('',*,*,#1296,.T.);
#550=ORIENTED_EDGE('',*,*,#1390,.T.);
#551=ORIENTED_EDGE('',*,*,#1257,.F.);
#552=ORIENTED_EDGE('',*,*,#1391,.T.);
#553=ORIENTED_EDGE('',*,*,#1382,.T.);
#554=ORIENTED_EDGE('',*,*,#1319,.T.);
#555=ORIENTED_EDGE('',*,*,#1378,.F.);
#556=ORIENTED_EDGE('',*,*,#1172,.F.);
#557=ORIENTED_EDGE('',*,*,#1392,.F.);
#558=ORIENTED_EDGE('',*,*,#1169,.T.);
#559=ORIENTED_EDGE('',*,*,#1393,.F.);
#560=ORIENTED_EDGE('',*,*,#1244,.F.);
#561=ORIENTED_EDGE('',*,*,#1394,.T.);
#562=ORIENTED_EDGE('',*,*,#1395,.T.);
#563=ORIENTED_EDGE('',*,*,#1396,.F.);
#564=ORIENTED_EDGE('',*,*,#1397,.T.);
#565=ORIENTED_EDGE('',*,*,#1398,.F.);
#566=ORIENTED_EDGE('',*,*,#1397,.F.);
#567=ORIENTED_EDGE('',*,*,#1399,.T.);
#568=ORIENTED_EDGE('',*,*,#1224,.F.);
#569=ORIENTED_EDGE('',*,*,#1400,.F.);
#570=ORIENTED_EDGE('',*,*,#1399,.F.);
#571=ORIENTED_EDGE('',*,*,#1396,.T.);
#572=ORIENTED_EDGE('',*,*,#1401,.T.);
#573=ORIENTED_EDGE('',*,*,#1225,.T.);
#574=ORIENTED_EDGE('',*,*,#1395,.F.);
#575=ORIENTED_EDGE('',*,*,#1402,.T.);
#576=ORIENTED_EDGE('',*,*,#1226,.F.);
#577=ORIENTED_EDGE('',*,*,#1401,.F.);
#578=ORIENTED_EDGE('',*,*,#1394,.F.);
#579=ORIENTED_EDGE('',*,*,#1243,.T.);
#580=ORIENTED_EDGE('',*,*,#1227,.F.);
#581=ORIENTED_EDGE('',*,*,#1402,.F.);
#582=ORIENTED_EDGE('',*,*,#1168,.T.);
#583=ORIENTED_EDGE('',*,*,#1403,.T.);
#584=ORIENTED_EDGE('',*,*,#1250,.T.);
#585=ORIENTED_EDGE('',*,*,#1404,.T.);
#586=ORIENTED_EDGE('',*,*,#1405,.F.);
#587=ORIENTED_EDGE('',*,*,#1406,.T.);
#588=ORIENTED_EDGE('',*,*,#1306,.F.);
#589=ORIENTED_EDGE('',*,*,#1180,.T.);
#590=ORIENTED_EDGE('',*,*,#1189,.F.);
#591=ORIENTED_EDGE('',*,*,#1245,.T.);
#592=ORIENTED_EDGE('',*,*,#1393,.T.);
#593=ORIENTED_EDGE('',*,*,#1252,.T.);
#594=ORIENTED_EDGE('',*,*,#1407,.T.);
#595=ORIENTED_EDGE('',*,*,#1166,.F.);
#596=ORIENTED_EDGE('',*,*,#1392,.T.);
#597=ORIENTED_EDGE('',*,*,#1171,.T.);
#598=ORIENTED_EDGE('',*,*,#1173,.F.);
#599=ORIENTED_EDGE('',*,*,#1398,.T.);
#600=ORIENTED_EDGE('',*,*,#1400,.T.);
#601=ORIENTED_EDGE('',*,*,#1223,.T.);
#602=ORIENTED_EDGE('',*,*,#1405,.T.);
#603=ORIENTED_EDGE('',*,*,#1408,.T.);
#604=ORIENTED_EDGE('',*,*,#1200,.F.);
#605=ORIENTED_EDGE('',*,*,#1409,.T.);
#606=ORIENTED_EDGE('',*,*,#1410,.F.);
#607=ORIENTED_EDGE('',*,*,#1411,.T.);
#608=ORIENTED_EDGE('',*,*,#1233,.T.);
#609=ORIENTED_EDGE('',*,*,#1317,.F.);
#610=ORIENTED_EDGE('',*,*,#1412,.T.);
#611=ORIENTED_EDGE('',*,*,#1413,.T.);
#612=ORIENTED_EDGE('',*,*,#1410,.T.);
#613=ORIENTED_EDGE('',*,*,#1217,.T.);
#614=ORIENTED_EDGE('',*,*,#1414,.F.);
#615=ORIENTED_EDGE('',*,*,#1351,.T.);
#616=ORIENTED_EDGE('',*,*,#1415,.T.);
#617=ORIENTED_EDGE('',*,*,#1416,.T.);
#618=ORIENTED_EDGE('',*,*,#1231,.T.);
#619=ORIENTED_EDGE('',*,*,#1416,.F.);
#620=ORIENTED_EDGE('',*,*,#1417,.T.);
#621=ORIENTED_EDGE('',*,*,#1414,.T.);
#622=ORIENTED_EDGE('',*,*,#1232,.T.);
#623=ORIENTED_EDGE('',*,*,#1418,.T.);
#624=ORIENTED_EDGE('',*,*,#1419,.T.);
#625=ORIENTED_EDGE('',*,*,#1348,.T.);
#626=ORIENTED_EDGE('',*,*,#1229,.T.);
#627=ORIENTED_EDGE('',*,*,#1242,.F.);
#628=ORIENTED_EDGE('',*,*,#1420,.T.);
#629=ORIENTED_EDGE('',*,*,#1421,.T.);
#630=ORIENTED_EDGE('',*,*,#1422,.T.);
#631=ORIENTED_EDGE('',*,*,#1423,.T.);
#632=ORIENTED_EDGE('',*,*,#1240,.F.);
#633=ORIENTED_EDGE('',*,*,#1178,.F.);
#634=ORIENTED_EDGE('',*,*,#1305,.F.);
#635=ORIENTED_EDGE('',*,*,#1372,.T.);
#636=ORIENTED_EDGE('',*,*,#1181,.F.);
#637=ORIENTED_EDGE('',*,*,#1423,.F.);
#638=ORIENTED_EDGE('',*,*,#1424,.T.);
#639=ORIENTED_EDGE('',*,*,#1420,.F.);
#640=ORIENTED_EDGE('',*,*,#1241,.F.);
#641=ORIENTED_EDGE('',*,*,#1425,.T.);
#642=ORIENTED_EDGE('',*,*,#1426,.T.);
#643=ORIENTED_EDGE('',*,*,#1421,.F.);
#644=ORIENTED_EDGE('',*,*,#1239,.F.);
#645=ORIENTED_EDGE('',*,*,#1192,.F.);
#646=ORIENTED_EDGE('',*,*,#1292,.F.);
#647=ORIENTED_EDGE('',*,*,#1320,.T.);
#648=ORIENTED_EDGE('',*,*,#1249,.F.);
#649=ORIENTED_EDGE('',*,*,#1208,.T.);
#650=ORIENTED_EDGE('',*,*,#1248,.F.);
#651=ORIENTED_EDGE('',*,*,#1207,.T.);
#652=ORIENTED_EDGE('',*,*,#1287,.T.);
#653=ORIENTED_EDGE('',*,*,#1427,.F.);
#654=ORIENTED_EDGE('',*,*,#1428,.F.);
#655=ORIENTED_EDGE('',*,*,#1429,.T.);
#656=ORIENTED_EDGE('',*,*,#1286,.T.);
#657=ORIENTED_EDGE('',*,*,#1430,.F.);
#658=ORIENTED_EDGE('',*,*,#1431,.F.);
#659=ORIENTED_EDGE('',*,*,#1427,.T.);
#660=ORIENTED_EDGE('',*,*,#1291,.T.);
#661=ORIENTED_EDGE('',*,*,#1432,.F.);
#662=ORIENTED_EDGE('',*,*,#1433,.F.);
#663=ORIENTED_EDGE('',*,*,#1430,.T.);
#664=ORIENTED_EDGE('',*,*,#1290,.T.);
#665=ORIENTED_EDGE('',*,*,#1434,.F.);
#666=ORIENTED_EDGE('',*,*,#1435,.F.);
#667=ORIENTED_EDGE('',*,*,#1432,.T.);
#668=ORIENTED_EDGE('',*,*,#1289,.F.);
#669=ORIENTED_EDGE('',*,*,#1436,.F.);
#670=ORIENTED_EDGE('',*,*,#1437,.T.);
#671=ORIENTED_EDGE('',*,*,#1434,.T.);
#672=ORIENTED_EDGE('',*,*,#1438,.T.);
#673=ORIENTED_EDGE('',*,*,#1159,.T.);
#674=ORIENTED_EDGE('',*,*,#1288,.T.);
#675=ORIENTED_EDGE('',*,*,#1429,.F.);
#676=ORIENTED_EDGE('',*,*,#1439,.F.);
#677=ORIENTED_EDGE('',*,*,#1436,.T.);
#678=ORIENTED_EDGE('',*,*,#1438,.F.);
#679=ORIENTED_EDGE('',*,*,#1428,.T.);
#680=ORIENTED_EDGE('',*,*,#1431,.T.);
#681=ORIENTED_EDGE('',*,*,#1433,.T.);
#682=ORIENTED_EDGE('',*,*,#1435,.T.);
#683=ORIENTED_EDGE('',*,*,#1437,.F.);
#684=ORIENTED_EDGE('',*,*,#1439,.T.);
#685=ORIENTED_EDGE('',*,*,#1440,.T.);
#686=ORIENTED_EDGE('',*,*,#1441,.T.);
#687=ORIENTED_EDGE('',*,*,#1274,.F.);
#688=ORIENTED_EDGE('',*,*,#1442,.F.);
#689=ORIENTED_EDGE('',*,*,#1285,.F.);
#690=ORIENTED_EDGE('',*,*,#1443,.F.);
#691=ORIENTED_EDGE('',*,*,#1444,.T.);
#692=ORIENTED_EDGE('',*,*,#1442,.T.);
#693=ORIENTED_EDGE('',*,*,#1284,.T.);
#694=ORIENTED_EDGE('',*,*,#1445,.T.);
#695=ORIENTED_EDGE('',*,*,#1446,.F.);
#696=ORIENTED_EDGE('',*,*,#1443,.T.);
#697=ORIENTED_EDGE('',*,*,#1447,.F.);
#698=ORIENTED_EDGE('',*,*,#1448,.T.);
#699=ORIENTED_EDGE('',*,*,#1282,.T.);
#700=ORIENTED_EDGE('',*,*,#1449,.T.);
#701=ORIENTED_EDGE('',*,*,#1450,.F.);
#702=ORIENTED_EDGE('',*,*,#1451,.T.);
#703=ORIENTED_EDGE('',*,*,#1280,.T.);
#704=ORIENTED_EDGE('',*,*,#1452,.F.);
#705=ORIENTED_EDGE('',*,*,#1279,.F.);
#706=ORIENTED_EDGE('',*,*,#1453,.F.);
#707=ORIENTED_EDGE('',*,*,#1454,.T.);
#708=ORIENTED_EDGE('',*,*,#1452,.T.);
#709=ORIENTED_EDGE('',*,*,#1278,.F.);
#710=ORIENTED_EDGE('',*,*,#1455,.T.);
#711=ORIENTED_EDGE('',*,*,#1456,.T.);
#712=ORIENTED_EDGE('',*,*,#1453,.T.);
#713=ORIENTED_EDGE('',*,*,#1276,.F.);
#714=ORIENTED_EDGE('',*,*,#1457,.T.);
#715=ORIENTED_EDGE('',*,*,#1458,.T.);
#716=ORIENTED_EDGE('',*,*,#1459,.T.);
#717=ORIENTED_EDGE('',*,*,#1446,.T.);
#718=ORIENTED_EDGE('',*,*,#1460,.T.);
#719=ORIENTED_EDGE('',*,*,#1447,.T.);
#720=ORIENTED_EDGE('',*,*,#1461,.T.);
#721=ORIENTED_EDGE('',*,*,#1450,.T.);
#722=ORIENTED_EDGE('',*,*,#1454,.F.);
#723=ORIENTED_EDGE('',*,*,#1456,.F.);
#724=ORIENTED_EDGE('',*,*,#1462,.T.);
#725=ORIENTED_EDGE('',*,*,#1458,.F.);
#726=ORIENTED_EDGE('',*,*,#1463,.T.);
#727=ORIENTED_EDGE('',*,*,#1440,.F.);
#728=ORIENTED_EDGE('',*,*,#1444,.F.);
#729=ORIENTED_EDGE('',*,*,#1464,.T.);
#730=ORIENTED_EDGE('',*,*,#1465,.T.);
#731=ORIENTED_EDGE('',*,*,#1466,.F.);
#732=ORIENTED_EDGE('',*,*,#1273,.T.);
#733=ORIENTED_EDGE('',*,*,#1464,.F.);
#734=ORIENTED_EDGE('',*,*,#1466,.T.);
#735=ORIENTED_EDGE('',*,*,#1465,.F.);
#736=ORIENTED_EDGE('',*,*,#1161,.T.);
#737=ORIENTED_EDGE('',*,*,#1467,.F.);
#738=ORIENTED_EDGE('',*,*,#1468,.F.);
#739=ORIENTED_EDGE('',*,*,#1469,.T.);
#740=ORIENTED_EDGE('',*,*,#1160,.T.);
#741=ORIENTED_EDGE('',*,*,#1470,.F.);
#742=ORIENTED_EDGE('',*,*,#1471,.F.);
#743=ORIENTED_EDGE('',*,*,#1467,.T.);
#744=ORIENTED_EDGE('',*,*,#1165,.T.);
#745=ORIENTED_EDGE('',*,*,#1472,.F.);
#746=ORIENTED_EDGE('',*,*,#1473,.F.);
#747=ORIENTED_EDGE('',*,*,#1470,.T.);
#748=ORIENTED_EDGE('',*,*,#1164,.T.);
#749=ORIENTED_EDGE('',*,*,#1474,.F.);
#750=ORIENTED_EDGE('',*,*,#1475,.F.);
#751=ORIENTED_EDGE('',*,*,#1472,.T.);
#752=ORIENTED_EDGE('',*,*,#1163,.T.);
#753=ORIENTED_EDGE('',*,*,#1476,.F.);
#754=ORIENTED_EDGE('',*,*,#1477,.F.);
#755=ORIENTED_EDGE('',*,*,#1474,.T.);
#756=ORIENTED_EDGE('',*,*,#1162,.T.);
#757=ORIENTED_EDGE('',*,*,#1469,.F.);
#758=ORIENTED_EDGE('',*,*,#1478,.F.);
#759=ORIENTED_EDGE('',*,*,#1476,.T.);
#760=ORIENTED_EDGE('',*,*,#1468,.T.);
#761=ORIENTED_EDGE('',*,*,#1471,.T.);
#762=ORIENTED_EDGE('',*,*,#1473,.T.);
#763=ORIENTED_EDGE('',*,*,#1475,.T.);
#764=ORIENTED_EDGE('',*,*,#1477,.T.);
#765=ORIENTED_EDGE('',*,*,#1478,.T.);
#766=ORIENTED_EDGE('',*,*,#1121,.F.);
#767=ORIENTED_EDGE('',*,*,#1479,.F.);
#768=ORIENTED_EDGE('',*,*,#1480,.T.);
#769=ORIENTED_EDGE('',*,*,#1481,.T.);
#770=ORIENTED_EDGE('',*,*,#1158,.F.);
#771=ORIENTED_EDGE('',*,*,#1482,.F.);
#772=ORIENTED_EDGE('',*,*,#1483,.T.);
#773=ORIENTED_EDGE('',*,*,#1479,.T.);
#774=ORIENTED_EDGE('',*,*,#1157,.F.);
#775=ORIENTED_EDGE('',*,*,#1484,.F.);
#776=ORIENTED_EDGE('',*,*,#1485,.T.);
#777=ORIENTED_EDGE('',*,*,#1482,.T.);
#778=ORIENTED_EDGE('',*,*,#1156,.F.);
#779=ORIENTED_EDGE('',*,*,#1486,.F.);
#780=ORIENTED_EDGE('',*,*,#1487,.T.);
#781=ORIENTED_EDGE('',*,*,#1484,.T.);
#782=ORIENTED_EDGE('',*,*,#1155,.F.);
#783=ORIENTED_EDGE('',*,*,#1488,.F.);
#784=ORIENTED_EDGE('',*,*,#1489,.T.);
#785=ORIENTED_EDGE('',*,*,#1486,.T.);
#786=ORIENTED_EDGE('',*,*,#1154,.F.);
#787=ORIENTED_EDGE('',*,*,#1490,.F.);
#788=ORIENTED_EDGE('',*,*,#1491,.T.);
#789=ORIENTED_EDGE('',*,*,#1488,.T.);
#790=ORIENTED_EDGE('',*,*,#1153,.F.);
#791=ORIENTED_EDGE('',*,*,#1492,.F.);
#792=ORIENTED_EDGE('',*,*,#1493,.T.);
#793=ORIENTED_EDGE('',*,*,#1490,.T.);
#794=ORIENTED_EDGE('',*,*,#1152,.F.);
#795=ORIENTED_EDGE('',*,*,#1494,.F.);
#796=ORIENTED_EDGE('',*,*,#1495,.T.);
#797=ORIENTED_EDGE('',*,*,#1492,.T.);
#798=ORIENTED_EDGE('',*,*,#1151,.F.);
#799=ORIENTED_EDGE('',*,*,#1496,.F.);
#800=ORIENTED_EDGE('',*,*,#1497,.T.);
#801=ORIENTED_EDGE('',*,*,#1494,.T.);
#802=ORIENTED_EDGE('',*,*,#1150,.F.);
#803=ORIENTED_EDGE('',*,*,#1498,.F.);
#804=ORIENTED_EDGE('',*,*,#1499,.T.);
#805=ORIENTED_EDGE('',*,*,#1496,.T.);
#806=ORIENTED_EDGE('',*,*,#1149,.F.);
#807=ORIENTED_EDGE('',*,*,#1500,.F.);
#808=ORIENTED_EDGE('',*,*,#1501,.T.);
#809=ORIENTED_EDGE('',*,*,#1498,.T.);
#810=ORIENTED_EDGE('',*,*,#1148,.F.);
#811=ORIENTED_EDGE('',*,*,#1502,.F.);
#812=ORIENTED_EDGE('',*,*,#1503,.T.);
#813=ORIENTED_EDGE('',*,*,#1500,.T.);
#814=ORIENTED_EDGE('',*,*,#1147,.F.);
#815=ORIENTED_EDGE('',*,*,#1504,.F.);
#816=ORIENTED_EDGE('',*,*,#1505,.T.);
#817=ORIENTED_EDGE('',*,*,#1502,.T.);
#818=ORIENTED_EDGE('',*,*,#1146,.F.);
#819=ORIENTED_EDGE('',*,*,#1506,.F.);
#820=ORIENTED_EDGE('',*,*,#1507,.T.);
#821=ORIENTED_EDGE('',*,*,#1504,.T.);
#822=ORIENTED_EDGE('',*,*,#1145,.F.);
#823=ORIENTED_EDGE('',*,*,#1508,.F.);
#824=ORIENTED_EDGE('',*,*,#1509,.T.);
#825=ORIENTED_EDGE('',*,*,#1506,.T.);
#826=ORIENTED_EDGE('',*,*,#1144,.F.);
#827=ORIENTED_EDGE('',*,*,#1510,.F.);
#828=ORIENTED_EDGE('',*,*,#1511,.T.);
#829=ORIENTED_EDGE('',*,*,#1508,.T.);
#830=ORIENTED_EDGE('',*,*,#1143,.F.);
#831=ORIENTED_EDGE('',*,*,#1512,.F.);
#832=ORIENTED_EDGE('',*,*,#1513,.T.);
#833=ORIENTED_EDGE('',*,*,#1510,.T.);
#834=ORIENTED_EDGE('',*,*,#1142,.F.);
#835=ORIENTED_EDGE('',*,*,#1514,.F.);
#836=ORIENTED_EDGE('',*,*,#1515,.T.);
#837=ORIENTED_EDGE('',*,*,#1512,.T.);
#838=ORIENTED_EDGE('',*,*,#1141,.F.);
#839=ORIENTED_EDGE('',*,*,#1516,.F.);
#840=ORIENTED_EDGE('',*,*,#1517,.T.);
#841=ORIENTED_EDGE('',*,*,#1514,.T.);
#842=ORIENTED_EDGE('',*,*,#1140,.F.);
#843=ORIENTED_EDGE('',*,*,#1518,.F.);
#844=ORIENTED_EDGE('',*,*,#1519,.T.);
#845=ORIENTED_EDGE('',*,*,#1516,.T.);
#846=ORIENTED_EDGE('',*,*,#1139,.F.);
#847=ORIENTED_EDGE('',*,*,#1520,.F.);
#848=ORIENTED_EDGE('',*,*,#1521,.T.);
#849=ORIENTED_EDGE('',*,*,#1518,.T.);
#850=ORIENTED_EDGE('',*,*,#1138,.F.);
#851=ORIENTED_EDGE('',*,*,#1522,.F.);
#852=ORIENTED_EDGE('',*,*,#1523,.T.);
#853=ORIENTED_EDGE('',*,*,#1520,.T.);
#854=ORIENTED_EDGE('',*,*,#1137,.F.);
#855=ORIENTED_EDGE('',*,*,#1524,.F.);
#856=ORIENTED_EDGE('',*,*,#1525,.T.);
#857=ORIENTED_EDGE('',*,*,#1522,.T.);
#858=ORIENTED_EDGE('',*,*,#1136,.F.);
#859=ORIENTED_EDGE('',*,*,#1526,.F.);
#860=ORIENTED_EDGE('',*,*,#1527,.T.);
#861=ORIENTED_EDGE('',*,*,#1524,.T.);
#862=ORIENTED_EDGE('',*,*,#1135,.F.);
#863=ORIENTED_EDGE('',*,*,#1528,.F.);
#864=ORIENTED_EDGE('',*,*,#1529,.T.);
#865=ORIENTED_EDGE('',*,*,#1526,.T.);
#866=ORIENTED_EDGE('',*,*,#1134,.F.);
#867=ORIENTED_EDGE('',*,*,#1530,.F.);
#868=ORIENTED_EDGE('',*,*,#1531,.T.);
#869=ORIENTED_EDGE('',*,*,#1528,.T.);
#870=ORIENTED_EDGE('',*,*,#1133,.F.);
#871=ORIENTED_EDGE('',*,*,#1532,.F.);
#872=ORIENTED_EDGE('',*,*,#1533,.T.);
#873=ORIENTED_EDGE('',*,*,#1530,.T.);
#874=ORIENTED_EDGE('',*,*,#1132,.F.);
#875=ORIENTED_EDGE('',*,*,#1534,.F.);
#876=ORIENTED_EDGE('',*,*,#1535,.T.);
#877=ORIENTED_EDGE('',*,*,#1532,.T.);
#878=ORIENTED_EDGE('',*,*,#1131,.F.);
#879=ORIENTED_EDGE('',*,*,#1536,.F.);
#880=ORIENTED_EDGE('',*,*,#1537,.T.);
#881=ORIENTED_EDGE('',*,*,#1534,.T.);
#882=ORIENTED_EDGE('',*,*,#1130,.F.);
#883=ORIENTED_EDGE('',*,*,#1538,.F.);
#884=ORIENTED_EDGE('',*,*,#1539,.T.);
#885=ORIENTED_EDGE('',*,*,#1536,.T.);
#886=ORIENTED_EDGE('',*,*,#1129,.F.);
#887=ORIENTED_EDGE('',*,*,#1540,.F.);
#888=ORIENTED_EDGE('',*,*,#1541,.T.);
#889=ORIENTED_EDGE('',*,*,#1538,.T.);
#890=ORIENTED_EDGE('',*,*,#1128,.F.);
#891=ORIENTED_EDGE('',*,*,#1542,.F.);
#892=ORIENTED_EDGE('',*,*,#1543,.T.);
#893=ORIENTED_EDGE('',*,*,#1540,.T.);
#894=ORIENTED_EDGE('',*,*,#1127,.F.);
#895=ORIENTED_EDGE('',*,*,#1544,.F.);
#896=ORIENTED_EDGE('',*,*,#1545,.T.);
#897=ORIENTED_EDGE('',*,*,#1542,.T.);
#898=ORIENTED_EDGE('',*,*,#1126,.F.);
#899=ORIENTED_EDGE('',*,*,#1546,.F.);
#900=ORIENTED_EDGE('',*,*,#1547,.T.);
#901=ORIENTED_EDGE('',*,*,#1544,.T.);
#902=ORIENTED_EDGE('',*,*,#1125,.F.);
#903=ORIENTED_EDGE('',*,*,#1548,.F.);
#904=ORIENTED_EDGE('',*,*,#1549,.T.);
#905=ORIENTED_EDGE('',*,*,#1546,.T.);
#906=ORIENTED_EDGE('',*,*,#1124,.F.);
#907=ORIENTED_EDGE('',*,*,#1550,.F.);
#908=ORIENTED_EDGE('',*,*,#1551,.T.);
#909=ORIENTED_EDGE('',*,*,#1548,.T.);
#910=ORIENTED_EDGE('',*,*,#1123,.F.);
#911=ORIENTED_EDGE('',*,*,#1552,.F.);
#912=ORIENTED_EDGE('',*,*,#1553,.T.);
#913=ORIENTED_EDGE('',*,*,#1550,.T.);
#914=ORIENTED_EDGE('',*,*,#1122,.F.);
#915=ORIENTED_EDGE('',*,*,#1481,.F.);
#916=ORIENTED_EDGE('',*,*,#1554,.T.);
#917=ORIENTED_EDGE('',*,*,#1552,.T.);
#918=ORIENTED_EDGE('',*,*,#1480,.F.);
#919=ORIENTED_EDGE('',*,*,#1483,.F.);
#920=ORIENTED_EDGE('',*,*,#1485,.F.);
#921=ORIENTED_EDGE('',*,*,#1487,.F.);
#922=ORIENTED_EDGE('',*,*,#1489,.F.);
#923=ORIENTED_EDGE('',*,*,#1491,.F.);
#924=ORIENTED_EDGE('',*,*,#1493,.F.);
#925=ORIENTED_EDGE('',*,*,#1495,.F.);
#926=ORIENTED_EDGE('',*,*,#1497,.F.);
#927=ORIENTED_EDGE('',*,*,#1499,.F.);
#928=ORIENTED_EDGE('',*,*,#1501,.F.);
#929=ORIENTED_EDGE('',*,*,#1503,.F.);
#930=ORIENTED_EDGE('',*,*,#1505,.F.);
#931=ORIENTED_EDGE('',*,*,#1507,.F.);
#932=ORIENTED_EDGE('',*,*,#1509,.F.);
#933=ORIENTED_EDGE('',*,*,#1511,.F.);
#934=ORIENTED_EDGE('',*,*,#1513,.F.);
#935=ORIENTED_EDGE('',*,*,#1515,.F.);
#936=ORIENTED_EDGE('',*,*,#1517,.F.);
#937=ORIENTED_EDGE('',*,*,#1519,.F.);
#938=ORIENTED_EDGE('',*,*,#1521,.F.);
#939=ORIENTED_EDGE('',*,*,#1523,.F.);
#940=ORIENTED_EDGE('',*,*,#1525,.F.);
#941=ORIENTED_EDGE('',*,*,#1527,.F.);
#942=ORIENTED_EDGE('',*,*,#1529,.F.);
#943=ORIENTED_EDGE('',*,*,#1531,.F.);
#944=ORIENTED_EDGE('',*,*,#1533,.F.);
#945=ORIENTED_EDGE('',*,*,#1535,.F.);
#946=ORIENTED_EDGE('',*,*,#1537,.F.);
#947=ORIENTED_EDGE('',*,*,#1539,.F.);
#948=ORIENTED_EDGE('',*,*,#1541,.F.);
#949=ORIENTED_EDGE('',*,*,#1543,.F.);
#950=ORIENTED_EDGE('',*,*,#1545,.F.);
#951=ORIENTED_EDGE('',*,*,#1547,.F.);
#952=ORIENTED_EDGE('',*,*,#1549,.F.);
#953=ORIENTED_EDGE('',*,*,#1551,.F.);
#954=ORIENTED_EDGE('',*,*,#1553,.F.);
#955=ORIENTED_EDGE('',*,*,#1554,.F.);
#956=ORIENTED_EDGE('',*,*,#1112,.F.);
#957=ORIENTED_EDGE('',*,*,#1555,.F.);
#958=ORIENTED_EDGE('',*,*,#1556,.T.);
#959=ORIENTED_EDGE('',*,*,#1557,.T.);
#960=ORIENTED_EDGE('',*,*,#1120,.F.);
#961=ORIENTED_EDGE('',*,*,#1558,.F.);
#962=ORIENTED_EDGE('',*,*,#1559,.T.);
#963=ORIENTED_EDGE('',*,*,#1555,.T.);
#964=ORIENTED_EDGE('',*,*,#1119,.F.);
#965=ORIENTED_EDGE('',*,*,#1560,.F.);
#966=ORIENTED_EDGE('',*,*,#1561,.T.);
#967=ORIENTED_EDGE('',*,*,#1558,.T.);
#968=ORIENTED_EDGE('',*,*,#1118,.F.);
#969=ORIENTED_EDGE('',*,*,#1562,.F.);
#970=ORIENTED_EDGE('',*,*,#1563,.T.);
#971=ORIENTED_EDGE('',*,*,#1560,.T.);
#972=ORIENTED_EDGE('',*,*,#1117,.F.);
#973=ORIENTED_EDGE('',*,*,#1564,.F.);
#974=ORIENTED_EDGE('',*,*,#1565,.T.);
#975=ORIENTED_EDGE('',*,*,#1562,.T.);
#976=ORIENTED_EDGE('',*,*,#1116,.F.);
#977=ORIENTED_EDGE('',*,*,#1566,.F.);
#978=ORIENTED_EDGE('',*,*,#1567,.T.);
#979=ORIENTED_EDGE('',*,*,#1564,.T.);
#980=ORIENTED_EDGE('',*,*,#1115,.F.);
#981=ORIENTED_EDGE('',*,*,#1568,.F.);
#982=ORIENTED_EDGE('',*,*,#1569,.T.);
#983=ORIENTED_EDGE('',*,*,#1566,.T.);
#984=ORIENTED_EDGE('',*,*,#1114,.F.);
#985=ORIENTED_EDGE('',*,*,#1570,.F.);
#986=ORIENTED_EDGE('',*,*,#1571,.T.);
#987=ORIENTED_EDGE('',*,*,#1568,.T.);
#988=ORIENTED_EDGE('',*,*,#1113,.F.);
#989=ORIENTED_EDGE('',*,*,#1557,.F.);
#990=ORIENTED_EDGE('',*,*,#1572,.T.);
#991=ORIENTED_EDGE('',*,*,#1570,.T.);
#992=ORIENTED_EDGE('',*,*,#1556,.F.);
#993=ORIENTED_EDGE('',*,*,#1559,.F.);
#994=ORIENTED_EDGE('',*,*,#1561,.F.);
#995=ORIENTED_EDGE('',*,*,#1563,.F.);
#996=ORIENTED_EDGE('',*,*,#1565,.F.);
#997=ORIENTED_EDGE('',*,*,#1567,.F.);
#998=ORIENTED_EDGE('',*,*,#1569,.F.);
#999=ORIENTED_EDGE('',*,*,#1571,.F.);
#1000=ORIENTED_EDGE('',*,*,#1572,.F.);
#1001=ORIENTED_EDGE('',*,*,#1463,.F.);
#1002=ORIENTED_EDGE('',*,*,#1457,.F.);
#1003=ORIENTED_EDGE('',*,*,#1275,.F.);
#1004=ORIENTED_EDGE('',*,*,#1441,.F.);
#1005=ORIENTED_EDGE('',*,*,#1460,.F.);
#1006=ORIENTED_EDGE('',*,*,#1445,.F.);
#1007=ORIENTED_EDGE('',*,*,#1283,.F.);
#1008=ORIENTED_EDGE('',*,*,#1448,.F.);
#1009=ORIENTED_EDGE('',*,*,#1462,.F.);
#1010=ORIENTED_EDGE('',*,*,#1455,.F.);
#1011=ORIENTED_EDGE('',*,*,#1277,.F.);
#1012=ORIENTED_EDGE('',*,*,#1459,.F.);
#1013=ORIENTED_EDGE('',*,*,#1461,.F.);
#1014=ORIENTED_EDGE('',*,*,#1449,.F.);
#1015=ORIENTED_EDGE('',*,*,#1281,.F.);
#1016=ORIENTED_EDGE('',*,*,#1451,.F.);
#1017=ORIENTED_EDGE('',*,*,#1264,.F.);
#1018=ORIENTED_EDGE('',*,*,#1573,.T.);
#1019=ORIENTED_EDGE('',*,*,#1574,.F.);
#1020=ORIENTED_EDGE('',*,*,#1201,.F.);
#1021=ORIENTED_EDGE('',*,*,#1408,.F.);
#1022=ORIENTED_EDGE('',*,*,#1404,.F.);
#1023=ORIENTED_EDGE('',*,*,#1574,.T.);
#1024=ORIENTED_EDGE('',*,*,#1575,.T.);
#1025=ORIENTED_EDGE('',*,*,#1418,.F.);
#1026=ORIENTED_EDGE('',*,*,#1576,.F.);
#1027=ORIENTED_EDGE('',*,*,#1202,.F.);
#1028=ORIENTED_EDGE('',*,*,#1409,.F.);
#1029=ORIENTED_EDGE('',*,*,#1206,.F.);
#1030=ORIENTED_EDGE('',*,*,#1577,.F.);
#1031=ORIENTED_EDGE('',*,*,#1307,.F.);
#1032=ORIENTED_EDGE('',*,*,#1406,.F.);
#1033=ORIENTED_EDGE('',*,*,#1576,.T.);
#1034=ORIENTED_EDGE('',*,*,#1424,.F.);
#1035=ORIENTED_EDGE('',*,*,#1578,.F.);
#1036=ORIENTED_EDGE('',*,*,#1203,.F.);
#1037=ORIENTED_EDGE('',*,*,#1577,.T.);
#1038=ORIENTED_EDGE('',*,*,#1205,.F.);
#1039=ORIENTED_EDGE('',*,*,#1579,.F.);
#1040=ORIENTED_EDGE('',*,*,#1425,.F.);
#1041=ORIENTED_EDGE('',*,*,#1191,.F.);
#1042=ORIENTED_EDGE('',*,*,#1578,.T.);
#1043=ORIENTED_EDGE('',*,*,#1422,.F.);
#1044=ORIENTED_EDGE('',*,*,#1426,.F.);
#1045=ORIENTED_EDGE('',*,*,#1579,.T.);
#1046=ORIENTED_EDGE('',*,*,#1204,.F.);
#1047=ORIENTED_EDGE('',*,*,#1573,.F.);
#1048=ORIENTED_EDGE('',*,*,#1263,.F.);
#1049=ORIENTED_EDGE('',*,*,#1349,.F.);
#1050=ORIENTED_EDGE('',*,*,#1419,.F.);
#1051=ORIENTED_EDGE('',*,*,#1575,.F.);
#1052=ORIENTED_EDGE('',*,*,#1350,.F.);
#1053=ORIENTED_EDGE('',*,*,#1261,.F.);
#1054=ORIENTED_EDGE('',*,*,#1580,.F.);
#1055=ORIENTED_EDGE('',*,*,#1415,.F.);
#1056=ORIENTED_EDGE('',*,*,#1581,.F.);
#1057=ORIENTED_EDGE('',*,*,#1390,.F.);
#1058=ORIENTED_EDGE('',*,*,#1582,.F.);
#1059=ORIENTED_EDGE('',*,*,#1316,.F.);
#1060=ORIENTED_EDGE('',*,*,#1580,.T.);
#1061=ORIENTED_EDGE('',*,*,#1260,.F.);
#1062=ORIENTED_EDGE('',*,*,#1583,.F.);
#1063=ORIENTED_EDGE('',*,*,#1417,.F.);
#1064=ORIENTED_EDGE('',*,*,#1377,.F.);
#1065=ORIENTED_EDGE('',*,*,#1235,.F.);
#1066=ORIENTED_EDGE('',*,*,#1584,.F.);
#1067=ORIENTED_EDGE('',*,*,#1294,.F.);
#1068=ORIENTED_EDGE('',*,*,#1582,.T.);
#1069=ORIENTED_EDGE('',*,*,#1295,.F.);
#1070=ORIENTED_EDGE('',*,*,#1585,.F.);
#1071=ORIENTED_EDGE('',*,*,#1313,.F.);
#1072=ORIENTED_EDGE('',*,*,#1586,.F.);
#1073=ORIENTED_EDGE('',*,*,#1258,.F.);
#1074=ORIENTED_EDGE('',*,*,#1581,.T.);
#1075=ORIENTED_EDGE('',*,*,#1315,.F.);
#1076=ORIENTED_EDGE('',*,*,#1587,.F.);
#1077=ORIENTED_EDGE('',*,*,#1259,.F.);
#1078=ORIENTED_EDGE('',*,*,#1586,.T.);
#1079=ORIENTED_EDGE('',*,*,#1588,.F.);
#1080=ORIENTED_EDGE('',*,*,#1412,.F.);
#1081=ORIENTED_EDGE('',*,*,#1583,.T.);
#1082=ORIENTED_EDGE('',*,*,#1585,.T.);
#1083=ORIENTED_EDGE('',*,*,#1584,.T.);
#1084=ORIENTED_EDGE('',*,*,#1589,.F.);
#1085=ORIENTED_EDGE('',*,*,#1587,.T.);
#1086=ORIENTED_EDGE('',*,*,#1314,.F.);
#1087=ORIENTED_EDGE('',*,*,#1589,.T.);
#1088=ORIENTED_EDGE('',*,*,#1234,.F.);
#1089=ORIENTED_EDGE('',*,*,#1411,.F.);
#1090=ORIENTED_EDGE('',*,*,#1413,.F.);
#1091=ORIENTED_EDGE('',*,*,#1588,.T.);
#1092=ORIENTED_EDGE('',*,*,#1391,.F.);
#1093=ORIENTED_EDGE('',*,*,#1256,.F.);
#1094=ORIENTED_EDGE('',*,*,#1590,.F.);
#1095=ORIENTED_EDGE('',*,*,#1383,.F.);
#1096=ORIENTED_EDGE('',*,*,#1590,.T.);
#1097=ORIENTED_EDGE('',*,*,#1255,.F.);
#1098=ORIENTED_EDGE('',*,*,#1591,.F.);
#1099=ORIENTED_EDGE('',*,*,#1389,.F.);
#1100=ORIENTED_EDGE('',*,*,#1591,.T.);
#1101=ORIENTED_EDGE('',*,*,#1254,.F.);
#1102=ORIENTED_EDGE('',*,*,#1592,.F.);
#1103=ORIENTED_EDGE('',*,*,#1386,.F.);
#1104=ORIENTED_EDGE('',*,*,#1592,.T.);
#1105=ORIENTED_EDGE('',*,*,#1253,.F.);
#1106=ORIENTED_EDGE('',*,*,#1176,.F.);
#1107=ORIENTED_EDGE('',*,*,#1388,.F.);
#1108=ORIENTED_EDGE('',*,*,#1403,.F.);
#1109=ORIENTED_EDGE('',*,*,#1167,.F.);
#1110=ORIENTED_EDGE('',*,*,#1407,.F.);
#1111=ORIENTED_EDGE('',*,*,#1251,.F.);
#1112=EDGE_CURVE('',#1593,#1594,#1911,.T.);
#1113=EDGE_CURVE('',#1594,#1595,#1912,.T.);
#1114=EDGE_CURVE('',#1595,#1596,#1913,.T.);
#1115=EDGE_CURVE('',#1596,#1597,#1914,.T.);
#1116=EDGE_CURVE('',#1597,#1598,#1915,.T.);
#1117=EDGE_CURVE('',#1598,#1599,#1916,.T.);
#1118=EDGE_CURVE('',#1599,#1600,#1917,.T.);
#1119=EDGE_CURVE('',#1600,#1601,#1918,.T.);
#1120=EDGE_CURVE('',#1601,#1593,#1919,.T.);
#1121=EDGE_CURVE('',#1602,#1603,#1920,.T.);
#1122=EDGE_CURVE('',#1603,#1604,#1921,.T.);
#1123=EDGE_CURVE('',#1604,#1605,#1922,.T.);
#1124=EDGE_CURVE('',#1605,#1606,#1923,.T.);
#1125=EDGE_CURVE('',#1606,#1607,#68,.T.);
#1126=EDGE_CURVE('',#1607,#1608,#1924,.T.);
#1127=EDGE_CURVE('',#1608,#1609,#1925,.T.);
#1128=EDGE_CURVE('',#1609,#1610,#1926,.T.);
#1129=EDGE_CURVE('',#1610,#1611,#1927,.T.);
#1130=EDGE_CURVE('',#1611,#1612,#1928,.T.);
#1131=EDGE_CURVE('',#1612,#1613,#1929,.T.);
#1132=EDGE_CURVE('',#1613,#1614,#1930,.T.);
#1133=EDGE_CURVE('',#1614,#1615,#1931,.T.);
#1134=EDGE_CURVE('',#1615,#1616,#1932,.T.);
#1135=EDGE_CURVE('',#1616,#1617,#1933,.T.);
#1136=EDGE_CURVE('',#1617,#1618,#1934,.T.);
#1137=EDGE_CURVE('',#1618,#1619,#1935,.T.);
#1138=EDGE_CURVE('',#1619,#1620,#1936,.T.);
#1139=EDGE_CURVE('',#1620,#1621,#1937,.T.);
#1140=EDGE_CURVE('',#1621,#1622,#1938,.T.);
#1141=EDGE_CURVE('',#1622,#1623,#1939,.T.);
#1142=EDGE_CURVE('',#1623,#1624,#1940,.T.);
#1143=EDGE_CURVE('',#1624,#1625,#1941,.T.);
#1144=EDGE_CURVE('',#1625,#1626,#1942,.T.);
#1145=EDGE_CURVE('',#1626,#1627,#1943,.T.);
#1146=EDGE_CURVE('',#1627,#1628,#1944,.T.);
#1147=EDGE_CURVE('',#1628,#1629,#1945,.T.);
#1148=EDGE_CURVE('',#1629,#1630,#1946,.T.);
#1149=EDGE_CURVE('',#1630,#1631,#1947,.T.);
#1150=EDGE_CURVE('',#1631,#1632,#1948,.T.);
#1151=EDGE_CURVE('',#1632,#1633,#1949,.T.);
#1152=EDGE_CURVE('',#1633,#1634,#1950,.T.);
#1153=EDGE_CURVE('',#1634,#1635,#1951,.T.);
#1154=EDGE_CURVE('',#1635,#1636,#1952,.T.);
#1155=EDGE_CURVE('',#1636,#1637,#1953,.T.);
#1156=EDGE_CURVE('',#1637,#1638,#1954,.T.);
#1157=EDGE_CURVE('',#1638,#1639,#1955,.T.);
#1158=EDGE_CURVE('',#1639,#1602,#1956,.T.);
#1159=EDGE_CURVE('',#1640,#1640,#69,.F.);
#1160=EDGE_CURVE('',#1641,#1642,#1957,.T.);
#1161=EDGE_CURVE('',#1643,#1641,#1958,.T.);
#1162=EDGE_CURVE('',#1644,#1643,#1959,.T.);
#1163=EDGE_CURVE('',#1645,#1644,#1960,.T.);
#1164=EDGE_CURVE('',#1646,#1645,#1961,.T.);
#1165=EDGE_CURVE('',#1642,#1646,#1962,.T.);
#1166=EDGE_CURVE('',#1647,#1648,#1963,.T.);
#1167=EDGE_CURVE('',#1648,#1649,#1964,.T.);
#1168=EDGE_CURVE('',#1650,#1649,#1965,.T.);
#1169=EDGE_CURVE('',#1647,#1650,#1966,.T.);
#1170=EDGE_CURVE('',#1651,#1652,#1967,.T.);
#1171=EDGE_CURVE('',#1653,#1652,#1968,.T.);
#1172=EDGE_CURVE('',#1653,#1654,#1969,.T.);
#1173=EDGE_CURVE('',#1654,#1655,#1970,.T.);
#1174=EDGE_CURVE('',#1655,#1656,#1971,.T.);
#1175=EDGE_CURVE('',#1657,#1656,#1972,.T.);
#1176=EDGE_CURVE('',#1657,#1651,#57,.T.);
#1177=EDGE_CURVE('',#1658,#1659,#1973,.T.);
#1178=EDGE_CURVE('',#1658,#1660,#1974,.T.);
#1179=EDGE_CURVE('',#1661,#1660,#1975,.T.);
#1180=EDGE_CURVE('',#1659,#1661,#1976,.T.);
#1181=EDGE_CURVE('',#1660,#1662,#70,.F.);
#1182=EDGE_CURVE('',#1662,#1663,#1977,.T.);
#1183=EDGE_CURVE('',#1663,#1664,#1978,.T.);
#1184=EDGE_CURVE('',#1664,#1665,#71,.T.);
#1185=EDGE_CURVE('',#1666,#1665,#1979,.T.);
#1186=EDGE_CURVE('',#1666,#1667,#72,.T.);
#1187=EDGE_CURVE('',#1668,#1667,#1980,.T.);
#1188=EDGE_CURVE('',#1668,#1669,#1981,.T.);
#1189=EDGE_CURVE('',#1669,#1661,#73,.F.);
#1190=EDGE_CURVE('',#1670,#1671,#1982,.T.);
#1191=EDGE_CURVE('',#1671,#1672,#1983,.T.);
#1192=EDGE_CURVE('',#1672,#1673,#1984,.T.);
#1193=EDGE_CURVE('',#1673,#1674,#1985,.T.);
#1194=EDGE_CURVE('',#1675,#1674,#1986,.T.);
#1195=EDGE_CURVE('',#1676,#1675,#1987,.T.);
#1196=EDGE_CURVE('',#1676,#1677,#1988,.T.);
#1197=EDGE_CURVE('',#1678,#1677,#58,.T.);
#1198=EDGE_CURVE('',#1679,#1678,#1989,.T.);
#1199=EDGE_CURVE('',#1670,#1679,#59,.T.);
#1200=EDGE_CURVE('',#1680,#1681,#1990,.T.);
#1201=EDGE_CURVE('',#1681,#1682,#1991,.T.);
#1202=EDGE_CURVE('',#1682,#1683,#1992,.T.);
#1203=EDGE_CURVE('',#1683,#1684,#1993,.T.);
#1204=EDGE_CURVE('',#1684,#1685,#1994,.T.);
#1205=EDGE_CURVE('',#1685,#1686,#1995,.T.);
#1206=EDGE_CURVE('',#1686,#1680,#1996,.T.);
#1207=EDGE_CURVE('',#1687,#1687,#74,.F.);
#1208=EDGE_CURVE('',#1688,#1688,#75,.F.);
#1209=EDGE_CURVE('',#1689,#1690,#1997,.F.);
#1210=EDGE_CURVE('',#1690,#1691,#76,.T.);
#1211=EDGE_CURVE('',#1691,#1692,#77,.T.);
#1212=EDGE_CURVE('',#1692,#1693,#78,.T.);
#1213=EDGE_CURVE('',#1693,#1694,#1998,.T.);
#1214=EDGE_CURVE('',#1694,#1695,#79,.T.);
#1215=EDGE_CURVE('',#1695,#1696,#80,.T.);
#1216=EDGE_CURVE('',#1696,#1689,#81,.T.);
#1217=EDGE_CURVE('',#1697,#1698,#1999,.T.);
#1218=EDGE_CURVE('',#1699,#1697,#2000,.T.);
#1219=EDGE_CURVE('',#1700,#1699,#2001,.T.);
#1220=EDGE_CURVE('',#1700,#1701,#82,.F.);
#1221=EDGE_CURVE('',#1702,#1701,#2002,.T.);
#1222=EDGE_CURVE('',#1656,#1702,#83,.F.);
#1223=EDGE_CURVE('',#1703,#1655,#84,.T.);
#1224=EDGE_CURVE('',#1703,#1704,#85,.T.);
#1225=EDGE_CURVE('',#1705,#1704,#2003,.T.);
#1226=EDGE_CURVE('',#1705,#1706,#86,.T.);
#1227=EDGE_CURVE('',#1706,#1707,#2004,.T.);
#1228=EDGE_CURVE('',#1707,#1708,#2005,.T.);
#1229=EDGE_CURVE('',#1709,#1708,#2006,.T.);
#1230=EDGE_CURVE('',#1709,#1710,#87,.T.);
#1231=EDGE_CURVE('',#1711,#1710,#2007,.T.);
#1232=EDGE_CURVE('',#1698,#1711,#2008,.T.);
#1233=EDGE_CURVE('',#1712,#1713,#2009,.T.);
#1234=EDGE_CURVE('',#1712,#1714,#2010,.T.);
#1235=EDGE_CURVE('',#1714,#1715,#2011,.T.);
#1236=EDGE_CURVE('',#1715,#1716,#2012,.T.);
#1237=EDGE_CURVE('',#1716,#1717,#2013,.T.);
#1238=EDGE_CURVE('',#1713,#1717,#2014,.T.);
#1239=EDGE_CURVE('',#1673,#1718,#2015,.F.);
#1240=EDGE_CURVE('',#1718,#1719,#2016,.T.);
#1241=EDGE_CURVE('',#1719,#1720,#2017,.T.);
#1242=EDGE_CURVE('',#1720,#1708,#2018,.T.);
#1243=EDGE_CURVE('',#1721,#1707,#2019,.T.);
#1244=EDGE_CURVE('',#1721,#1722,#2020,.T.);
#1245=EDGE_CURVE('',#1669,#1722,#2021,.T.);
#1246=EDGE_CURVE('',#1668,#1723,#2022,.T.);
#1247=EDGE_CURVE('',#1723,#1674,#2023,.T.);
#1248=EDGE_CURVE('',#1724,#1724,#88,.T.);
#1249=EDGE_CURVE('',#1725,#1725,#89,.T.);
#1250=EDGE_CURVE('',#1726,#1727,#90,.F.);
#1251=EDGE_CURVE('',#1726,#1728,#2024,.T.);
#1252=EDGE_CURVE('',#1652,#1728,#91,.F.);
#1253=EDGE_CURVE('',#1651,#1729,#92,.F.);
#1254=EDGE_CURVE('',#1729,#1730,#2025,.T.);
#1255=EDGE_CURVE('',#1730,#1731,#93,.T.);
#1256=EDGE_CURVE('',#1731,#1732,#2026,.T.);
#1257=EDGE_CURVE('',#1732,#1733,#2027,.T.);
#1258=EDGE_CURVE('',#1733,#1734,#2028,.T.);
#1259=EDGE_CURVE('',#1734,#1735,#2029,.T.);
#1260=EDGE_CURVE('',#1735,#1736,#2030,.T.);
#1261=EDGE_CURVE('',#1736,#1737,#2031,.T.);
#1262=EDGE_CURVE('',#1737,#1738,#94,.F.);
#1263=EDGE_CURVE('',#1738,#1739,#2032,.T.);
#1264=EDGE_CURVE('',#1739,#1727,#2033,.T.);
#1265=EDGE_CURVE('',#1740,#1741,#95,.F.);
#1266=EDGE_CURVE('',#1741,#1742,#2034,.T.);
#1267=EDGE_CURVE('',#1742,#1743,#96,.F.);
#1268=EDGE_CURVE('',#1743,#1744,#97,.F.);
#1269=EDGE_CURVE('',#1744,#1745,#98,.F.);
#1270=EDGE_CURVE('',#1745,#1746,#2035,.T.);
#1271=EDGE_CURVE('',#1746,#1747,#99,.F.);
#1272=EDGE_CURVE('',#1747,#1740,#100,.F.);
#1273=EDGE_CURVE('',#1748,#1748,#101,.T.);
#1274=EDGE_CURVE('',#1749,#1750,#2036,.T.);
#1275=EDGE_CURVE('',#1750,#1751,#102,.T.);
#1276=EDGE_CURVE('',#1751,#1752,#2037,.T.);
#1277=EDGE_CURVE('',#1752,#1753,#103,.T.);
#1278=EDGE_CURVE('',#1753,#1754,#2038,.T.);
#1279=EDGE_CURVE('',#1754,#1755,#104,.T.);
#1280=EDGE_CURVE('',#1756,#1755,#2039,.T.);
#1281=EDGE_CURVE('',#1756,#1757,#105,.F.);
#1282=EDGE_CURVE('',#1758,#1757,#2040,.T.);
#1283=EDGE_CURVE('',#1758,#1759,#106,.F.);
#1284=EDGE_CURVE('',#1760,#1759,#2041,.T.);
#1285=EDGE_CURVE('',#1760,#1749,#107,.T.);
#1286=EDGE_CURVE('',#1761,#1762,#108,.T.);
#1287=EDGE_CURVE('',#1763,#1761,#2042,.T.);
#1288=EDGE_CURVE('',#1764,#1763,#109,.T.);
#1289=EDGE_CURVE('',#1764,#1765,#2043,.T.);
#1290=EDGE_CURVE('',#1766,#1765,#110,.T.);
#1291=EDGE_CURVE('',#1762,#1766,#2044,.T.);
#1292=EDGE_CURVE('',#1767,#1767,#111,.F.);
#1293=EDGE_CURVE('',#1676,#1768,#2045,.T.);
#1294=EDGE_CURVE('',#1768,#1769,#2046,.T.);
#1295=EDGE_CURVE('',#1769,#1770,#2047,.T.);
#1296=EDGE_CURVE('',#1771,#1770,#2048,.T.);
#1297=EDGE_CURVE('',#1771,#1772,#2049,.T.);
#1298=EDGE_CURVE('',#1772,#1773,#112,.F.);
#1299=EDGE_CURVE('',#1773,#1774,#2050,.T.);
#1300=EDGE_CURVE('',#1774,#1775,#2051,.T.);
#1301=EDGE_CURVE('',#1775,#1776,#2052,.T.);
#1302=EDGE_CURVE('',#1776,#1777,#113,.F.);
#1303=EDGE_CURVE('',#1777,#1778,#114,.F.);
#1304=EDGE_CURVE('',#1778,#1779,#2053,.T.);
#1305=EDGE_CURVE('',#1779,#1658,#115,.T.);
#1306=EDGE_CURVE('',#1659,#1780,#116,.T.);
#1307=EDGE_CURVE('',#1780,#1671,#2054,.T.);
#1308=EDGE_CURVE('',#1670,#1781,#117,.F.);
#1309=EDGE_CURVE('',#1781,#1782,#2055,.T.);
#1310=EDGE_CURVE('',#1782,#1783,#2056,.T.);
#1311=EDGE_CURVE('',#1783,#1784,#2057,.T.);
#1312=EDGE_CURVE('',#1784,#1677,#118,.F.);
#1313=EDGE_CURVE('',#1785,#1786,#2058,.T.);
#1314=EDGE_CURVE('',#1786,#1787,#2059,.T.);
#1315=EDGE_CURVE('',#1787,#1788,#2060,.T.);
#1316=EDGE_CURVE('',#1788,#1785,#2061,.T.);
#1317=EDGE_CURVE('',#1697,#1713,#2062,.T.);
#1318=EDGE_CURVE('',#1789,#1717,#2063,.T.);
#1319=EDGE_CURVE('',#1699,#1789,#2064,.T.);
#1320=EDGE_CURVE('',#1790,#1790,#119,.F.);
#1321=EDGE_CURVE('',#1791,#1792,#2065,.T.);
#1322=EDGE_CURVE('',#1792,#1793,#120,.T.);
#1323=EDGE_CURVE('',#1793,#1794,#2066,.T.);
#1324=EDGE_CURVE('',#1794,#1795,#2067,.T.);
#1325=EDGE_CURVE('',#1795,#1796,#2068,.T.);
#1326=EDGE_CURVE('',#1796,#1791,#121,.T.);
#1327=EDGE_CURVE('',#1797,#1798,#2069,.F.);
#1328=EDGE_CURVE('',#1798,#1799,#122,.T.);
#1329=EDGE_CURVE('',#1799,#1800,#2070,.T.);
#1330=EDGE_CURVE('',#1800,#1801,#123,.T.);
#1331=EDGE_CURVE('',#1801,#1802,#2071,.T.);
#1332=EDGE_CURVE('',#1802,#1797,#2072,.T.);
#1333=EDGE_CURVE('',#1803,#1804,#124,.T.);
#1334=EDGE_CURVE('',#1805,#1803,#2073,.T.);
#1335=EDGE_CURVE('',#1805,#1806,#125,.T.);
#1336=EDGE_CURVE('',#1789,#1806,#2074,.T.);
#1337=EDGE_CURVE('',#1675,#1716,#2075,.T.);
#1338=EDGE_CURVE('',#1807,#1723,#2076,.T.);
#1339=EDGE_CURVE('',#1807,#1808,#126,.T.);
#1340=EDGE_CURVE('',#1809,#1808,#2077,.T.);
#1341=EDGE_CURVE('',#1809,#1810,#127,.T.);
#1342=EDGE_CURVE('',#1810,#1811,#2078,.T.);
#1343=EDGE_CURVE('',#1811,#1804,#2079,.T.);
#1344=EDGE_CURVE('',#1791,#1679,#2080,.T.);
#1345=EDGE_CURVE('',#1796,#1781,#2081,.T.);
#1346=EDGE_CURVE('',#1792,#1678,#60,.F.);
#1347=EDGE_CURVE('',#1784,#1793,#2082,.T.);
#1348=EDGE_CURVE('',#1812,#1709,#61,.T.);
#1349=EDGE_CURVE('',#1812,#1738,#62,.T.);
#1350=EDGE_CURVE('',#1737,#1813,#63,.T.);
#1351=EDGE_CURVE('',#1710,#1813,#64,.T.);
#1352=EDGE_CURVE('',#1694,#1745,#2083,.T.);
#1353=EDGE_CURVE('',#1746,#1693,#2084,.T.);
#1354=EDGE_CURVE('',#1747,#1692,#2085,.T.);
#1355=EDGE_CURVE('',#1695,#1744,#65,.F.);
#1356=EDGE_CURVE('',#1740,#1691,#66,.F.);
#1357=EDGE_CURVE('',#1696,#1743,#2086,.T.);
#1358=EDGE_CURVE('',#1741,#1690,#2087,.T.);
#1359=EDGE_CURVE('',#1689,#1742,#2088,.T.);
#1360=EDGE_CURVE('',#1802,#1775,#2089,.F.);
#1361=EDGE_CURVE('',#1776,#1801,#2090,.T.);
#1362=EDGE_CURVE('',#1777,#1800,#67,.T.);
#1363=EDGE_CURVE('',#1797,#1774,#2091,.T.);
#1364=EDGE_CURVE('',#1814,#1799,#2092,.T.);
#1365=EDGE_CURVE('',#1777,#1814,#2093,.T.);
#1366=EDGE_CURVE('',#1798,#1773,#2094,.T.);
#1367=EDGE_CURVE('',#1814,#1772,#128,.F.);
#1368=EDGE_CURVE('',#1782,#1795,#2095,.T.);
#1369=EDGE_CURVE('',#1783,#1794,#2096,.T.);
#1370=EDGE_CURVE('',#1663,#1811,#2097,.T.);
#1371=EDGE_CURVE('',#1664,#1810,#2098,.T.);
#1372=EDGE_CURVE('',#1779,#1662,#2099,.T.);
#1373=EDGE_CURVE('',#1778,#1804,#2100,.T.);
#1374=EDGE_CURVE('',#1667,#1807,#2101,.T.);
#1375=EDGE_CURVE('',#1666,#1808,#2102,.T.);
#1376=EDGE_CURVE('',#1665,#1809,#2103,.T.);
#1377=EDGE_CURVE('',#1715,#1768,#2104,.T.);
#1378=EDGE_CURVE('',#1771,#1789,#2105,.T.);
#1379=EDGE_CURVE('',#1772,#1806,#2106,.T.);
#1380=EDGE_CURVE('',#1777,#1803,#2107,.T.);
#1381=EDGE_CURVE('',#1814,#1805,#2108,.T.);
#1382=EDGE_CURVE('',#1815,#1699,#2109,.T.);
#1383=EDGE_CURVE('',#1815,#1816,#2110,.T.);
#1384=EDGE_CURVE('',#1816,#1700,#2111,.T.);
#1385=EDGE_CURVE('',#1817,#1701,#2112,.T.);
#1386=EDGE_CURVE('',#1817,#1818,#2113,.T.);
#1387=EDGE_CURVE('',#1818,#1702,#2114,.T.);
#1388=EDGE_CURVE('',#1818,#1657,#129,.T.);
#1389=EDGE_CURVE('',#1816,#1817,#130,.F.);
#1390=EDGE_CURVE('',#1770,#1733,#2115,.T.);
#1391=EDGE_CURVE('',#1732,#1815,#2116,.F.);
#1392=EDGE_CURVE('',#1647,#1653,#131,.T.);
#1393=EDGE_CURVE('',#1722,#1650,#132,.T.);
#1394=EDGE_CURVE('',#1721,#1819,#2117,.T.);
#1395=EDGE_CURVE('',#1819,#1820,#133,.T.);
#1396=EDGE_CURVE('',#1821,#1820,#2118,.T.);
#1397=EDGE_CURVE('',#1821,#1822,#134,.T.);
#1398=EDGE_CURVE('',#1654,#1822,#135,.T.);
#1399=EDGE_CURVE('',#1821,#1704,#2119,.T.);
#1400=EDGE_CURVE('',#1822,#1703,#2120,.T.);
#1401=EDGE_CURVE('',#1820,#1705,#2121,.T.);
#1402=EDGE_CURVE('',#1819,#1706,#2122,.T.);
#1403=EDGE_CURVE('',#1649,#1726,#12,.F.);
#1404=EDGE_CURVE('',#1727,#1823,#13,.T.);
#1405=EDGE_CURVE('',#1824,#1823,#2123,.T.);
#1406=EDGE_CURVE('',#1824,#1780,#14,.T.);
#1407=EDGE_CURVE('',#1728,#1648,#15,.F.);
#1408=EDGE_CURVE('',#1823,#1681,#2124,.F.);
#1409=EDGE_CURVE('',#1680,#1824,#2125,.F.);
#1410=EDGE_CURVE('',#1825,#1697,#2126,.T.);
#1411=EDGE_CURVE('',#1825,#1712,#2127,.T.);
#1412=EDGE_CURVE('',#1826,#1827,#2128,.T.);
#1413=EDGE_CURVE('',#1827,#1825,#2129,.T.);
#1414=EDGE_CURVE('',#1826,#1698,#2130,.T.);
#1415=EDGE_CURVE('',#1813,#1828,#2131,.T.);
#1416=EDGE_CURVE('',#1828,#1711,#2132,.T.);
#1417=EDGE_CURVE('',#1828,#1826,#2133,.T.);
#1418=EDGE_CURVE('',#1829,#1830,#2134,.T.);
#1419=EDGE_CURVE('',#1830,#1812,#2135,.T.);
#1420=EDGE_CURVE('',#1720,#1829,#2136,.T.);
#1421=EDGE_CURVE('',#1718,#1831,#2137,.T.);
#1422=EDGE_CURVE('',#1831,#1832,#2138,.T.);
#1423=EDGE_CURVE('',#1832,#1719,#2139,.T.);
#1424=EDGE_CURVE('',#1832,#1829,#2140,.T.);
#1425=EDGE_CURVE('',#1672,#1833,#2141,.T.);
#1426=EDGE_CURVE('',#1833,#1831,#2142,.T.);
#1427=EDGE_CURVE('',#1834,#1761,#2143,.T.);
#1428=EDGE_CURVE('',#1835,#1834,#2144,.T.);
#1429=EDGE_CURVE('',#1835,#1763,#2145,.T.);
#1430=EDGE_CURVE('',#1836,#1762,#2146,.T.);
#1431=EDGE_CURVE('',#1834,#1836,#136,.T.);
#1432=EDGE_CURVE('',#1837,#1766,#2147,.T.);
#1433=EDGE_CURVE('',#1836,#1837,#2148,.T.);
#1434=EDGE_CURVE('',#1838,#1765,#2149,.T.);
#1435=EDGE_CURVE('',#1837,#1838,#137,.T.);
#1436=EDGE_CURVE('',#1839,#1764,#2150,.T.);
#1437=EDGE_CURVE('',#1839,#1838,#2151,.T.);
#1438=EDGE_CURVE('',#1840,#1840,#138,.T.);
#1439=EDGE_CURVE('',#1839,#1835,#139,.T.);
#1440=EDGE_CURVE('',#1841,#1842,#2152,.T.);
#1441=EDGE_CURVE('',#1842,#1750,#2153,.T.);
#1442=EDGE_CURVE('',#1841,#1749,#2154,.T.);
#1443=EDGE_CURVE('',#1843,#1760,#2155,.T.);
#1444=EDGE_CURVE('',#1843,#1841,#140,.T.);
#1445=EDGE_CURVE('',#1759,#1844,#2156,.F.);
#1446=EDGE_CURVE('',#1843,#1844,#2157,.T.);
#1447=EDGE_CURVE('',#1845,#1846,#2158,.T.);
#1448=EDGE_CURVE('',#1845,#1758,#2159,.T.);
#1449=EDGE_CURVE('',#1757,#1846,#2160,.F.);
#1450=EDGE_CURVE('',#1847,#1848,#2161,.T.);
#1451=EDGE_CURVE('',#1847,#1756,#2162,.T.);
#1452=EDGE_CURVE('',#1848,#1755,#2163,.T.);
#1453=EDGE_CURVE('',#1849,#1754,#2164,.T.);
#1454=EDGE_CURVE('',#1849,#1848,#141,.T.);
#1455=EDGE_CURVE('',#1753,#1850,#2165,.F.);
#1456=EDGE_CURVE('',#1850,#1849,#2166,.T.);
#1457=EDGE_CURVE('',#1751,#1851,#2167,.F.);
#1458=EDGE_CURVE('',#1851,#1852,#2168,.T.);
#1459=EDGE_CURVE('',#1852,#1752,#2169,.T.);
#1460=EDGE_CURVE('',#1844,#1845,#142,.T.);
#1461=EDGE_CURVE('',#1846,#1847,#143,.T.);
#1462=EDGE_CURVE('',#1850,#1852,#144,.F.);
#1463=EDGE_CURVE('',#1851,#1842,#145,.F.);
#1464=EDGE_CURVE('',#1853,#1853,#146,.T.);
#1465=EDGE_CURVE('',#1854,#1854,#147,.F.);
#1466=EDGE_CURVE('',#1855,#1855,#148,.T.);
#1467=EDGE_CURVE('',#1856,#1641,#2170,.T.);
#1468=EDGE_CURVE('',#1857,#1856,#2171,.T.);
#1469=EDGE_CURVE('',#1857,#1643,#2172,.T.);
#1470=EDGE_CURVE('',#1858,#1642,#2173,.T.);
#1471=EDGE_CURVE('',#1856,#1858,#2174,.T.);
#1472=EDGE_CURVE('',#1859,#1646,#2175,.T.);
#1473=EDGE_CURVE('',#1858,#1859,#2176,.T.);
#1474=EDGE_CURVE('',#1860,#1645,#2177,.T.);
#1475=EDGE_CURVE('',#1859,#1860,#2178,.T.);
#1476=EDGE_CURVE('',#1861,#1644,#2179,.T.);
#1477=EDGE_CURVE('',#1860,#1861,#2180,.T.);
#1478=EDGE_CURVE('',#1861,#1857,#2181,.T.);
#1479=EDGE_CURVE('',#1862,#1602,#2182,.T.);
#1480=EDGE_CURVE('',#1862,#1863,#2183,.T.);
#1481=EDGE_CURVE('',#1863,#1603,#2184,.T.);
#1482=EDGE_CURVE('',#1864,#1639,#2185,.T.);
#1483=EDGE_CURVE('',#1864,#1862,#2186,.T.);
#1484=EDGE_CURVE('',#1865,#1638,#2187,.T.);
#1485=EDGE_CURVE('',#1865,#1864,#2188,.T.);
#1486=EDGE_CURVE('',#1866,#1637,#2189,.T.);
#1487=EDGE_CURVE('',#1866,#1865,#2190,.T.);
#1488=EDGE_CURVE('',#1867,#1636,#2191,.T.);
#1489=EDGE_CURVE('',#1867,#1866,#2192,.T.);
#1490=EDGE_CURVE('',#1868,#1635,#2193,.T.);
#1491=EDGE_CURVE('',#1868,#1867,#2194,.T.);
#1492=EDGE_CURVE('',#1869,#1634,#2195,.T.);
#1493=EDGE_CURVE('',#1869,#1868,#2196,.T.);
#1494=EDGE_CURVE('',#1870,#1633,#2197,.T.);
#1495=EDGE_CURVE('',#1870,#1869,#2198,.T.);
#1496=EDGE_CURVE('',#1871,#1632,#2199,.T.);
#1497=EDGE_CURVE('',#1871,#1870,#2200,.T.);
#1498=EDGE_CURVE('',#1872,#1631,#2201,.T.);
#1499=EDGE_CURVE('',#1872,#1871,#2202,.T.);
#1500=EDGE_CURVE('',#1873,#1630,#2203,.T.);
#1501=EDGE_CURVE('',#1873,#1872,#2204,.T.);
#1502=EDGE_CURVE('',#1874,#1629,#2205,.T.);
#1503=EDGE_CURVE('',#1874,#1873,#2206,.T.);
#1504=EDGE_CURVE('',#1875,#1628,#2207,.T.);
#1505=EDGE_CURVE('',#1875,#1874,#2208,.T.);
#1506=EDGE_CURVE('',#1876,#1627,#2209,.T.);
#1507=EDGE_CURVE('',#1876,#1875,#2210,.T.);
#1508=EDGE_CURVE('',#1877,#1626,#2211,.T.);
#1509=EDGE_CURVE('',#1877,#1876,#2212,.T.);
#1510=EDGE_CURVE('',#1878,#1625,#2213,.T.);
#1511=EDGE_CURVE('',#1878,#1877,#2214,.T.);
#1512=EDGE_CURVE('',#1879,#1624,#2215,.T.);
#1513=EDGE_CURVE('',#1879,#1878,#2216,.T.);
#1514=EDGE_CURVE('',#1880,#1623,#2217,.T.);
#1515=EDGE_CURVE('',#1880,#1879,#2218,.T.);
#1516=EDGE_CURVE('',#1881,#1622,#2219,.T.);
#1517=EDGE_CURVE('',#1881,#1880,#2220,.T.);
#1518=EDGE_CURVE('',#1882,#1621,#2221,.T.);
#1519=EDGE_CURVE('',#1882,#1881,#2222,.T.);
#1520=EDGE_CURVE('',#1883,#1620,#2223,.T.);
#1521=EDGE_CURVE('',#1883,#1882,#2224,.T.);
#1522=EDGE_CURVE('',#1884,#1619,#2225,.T.);
#1523=EDGE_CURVE('',#1884,#1883,#2226,.T.);
#1524=EDGE_CURVE('',#1885,#1618,#2227,.T.);
#1525=EDGE_CURVE('',#1885,#1884,#2228,.T.);
#1526=EDGE_CURVE('',#1886,#1617,#2229,.T.);
#1527=EDGE_CURVE('',#1886,#1885,#2230,.T.);
#1528=EDGE_CURVE('',#1887,#1616,#2231,.T.);
#1529=EDGE_CURVE('',#1887,#1886,#2232,.T.);
#1530=EDGE_CURVE('',#1888,#1615,#2233,.T.);
#1531=EDGE_CURVE('',#1888,#1887,#2234,.T.);
#1532=EDGE_CURVE('',#1889,#1614,#2235,.T.);
#1533=EDGE_CURVE('',#1889,#1888,#2236,.T.);
#1534=EDGE_CURVE('',#1890,#1613,#2237,.T.);
#1535=EDGE_CURVE('',#1890,#1889,#2238,.T.);
#1536=EDGE_CURVE('',#1891,#1612,#2239,.T.);
#1537=EDGE_CURVE('',#1891,#1890,#2240,.T.);
#1538=EDGE_CURVE('',#1892,#1611,#2241,.T.);
#1539=EDGE_CURVE('',#1892,#1891,#2242,.T.);
#1540=EDGE_CURVE('',#1893,#1610,#2243,.T.);
#1541=EDGE_CURVE('',#1893,#1892,#2244,.T.);
#1542=EDGE_CURVE('',#1894,#1609,#2245,.T.);
#1543=EDGE_CURVE('',#1894,#1893,#2246,.T.);
#1544=EDGE_CURVE('',#1895,#1608,#2247,.T.);
#1545=EDGE_CURVE('',#1895,#1894,#2248,.T.);
#1546=EDGE_CURVE('',#1896,#1607,#2249,.T.);
#1547=EDGE_CURVE('',#1896,#1895,#2250,.T.);
#1548=EDGE_CURVE('',#1897,#1606,#2251,.T.);
#1549=EDGE_CURVE('',#1897,#1896,#149,.T.);
#1550=EDGE_CURVE('',#1898,#1605,#2252,.T.);
#1551=EDGE_CURVE('',#1898,#1897,#2253,.T.);
#1552=EDGE_CURVE('',#1899,#1604,#2254,.T.);
#1553=EDGE_CURVE('',#1899,#1898,#2255,.T.);
#1554=EDGE_CURVE('',#1863,#1899,#2256,.T.);
#1555=EDGE_CURVE('',#1900,#1593,#2257,.T.);
#1556=EDGE_CURVE('',#1900,#1901,#2258,.T.);
#1557=EDGE_CURVE('',#1901,#1594,#2259,.T.);
#1558=EDGE_CURVE('',#1902,#1601,#2260,.T.);
#1559=EDGE_CURVE('',#1902,#1900,#2261,.T.);
#1560=EDGE_CURVE('',#1903,#1600,#2262,.T.);
#1561=EDGE_CURVE('',#1903,#1902,#2263,.T.);
#1562=EDGE_CURVE('',#1904,#1599,#2264,.T.);
#1563=EDGE_CURVE('',#1904,#1903,#2265,.T.);
#1564=EDGE_CURVE('',#1905,#1598,#2266,.T.);
#1565=EDGE_CURVE('',#1905,#1904,#2267,.T.);
#1566=EDGE_CURVE('',#1906,#1597,#2268,.T.);
#1567=EDGE_CURVE('',#1906,#1905,#2269,.T.);
#1568=EDGE_CURVE('',#1907,#1596,#2270,.T.);
#1569=EDGE_CURVE('',#1907,#1906,#2271,.T.);
#1570=EDGE_CURVE('',#1908,#1595,#2272,.T.);
#1571=EDGE_CURVE('',#1908,#1907,#2273,.T.);
#1572=EDGE_CURVE('',#1901,#1908,#2274,.T.);
#1573=EDGE_CURVE('',#1739,#1909,#2275,.F.);
#1574=EDGE_CURVE('',#1682,#1909,#2276,.T.);
#1575=EDGE_CURVE('',#1909,#1830,#2277,.T.);
#1576=EDGE_CURVE('',#1683,#1829,#2278,.F.);
#1577=EDGE_CURVE('',#1671,#1686,#2279,.F.);
#1578=EDGE_CURVE('',#1684,#1832,#2280,.T.);
#1579=EDGE_CURVE('',#1833,#1685,#2281,.F.);
#1580=EDGE_CURVE('',#1828,#1736,#2282,.F.);
#1581=EDGE_CURVE('',#1733,#1788,#2283,.F.);
#1582=EDGE_CURVE('',#1785,#1770,#2284,.T.);
#1583=EDGE_CURVE('',#1826,#1735,#2285,.F.);
#1584=EDGE_CURVE('',#1769,#1714,#2286,.T.);
#1585=EDGE_CURVE('',#1786,#1769,#2287,.F.);
#1586=EDGE_CURVE('',#1734,#1910,#2288,.F.);
#1587=EDGE_CURVE('',#1910,#1787,#2289,.F.);
#1588=EDGE_CURVE('',#1827,#1910,#2290,.T.);
#1589=EDGE_CURVE('',#1786,#1714,#2291,.F.);
#1590=EDGE_CURVE('',#1816,#1731,#2292,.T.);
#1591=EDGE_CURVE('',#1817,#1730,#2293,.T.);
#1592=EDGE_CURVE('',#1818,#1729,#2294,.T.);
#1593=VERTEX_POINT('',#4571);
#1594=VERTEX_POINT('',#4572);
#1595=VERTEX_POINT('',#4574);
#1596=VERTEX_POINT('',#4576);
#1597=VERTEX_POINT('',#4578);
#1598=VERTEX_POINT('',#4580);
#1599=VERTEX_POINT('',#4582);
#1600=VERTEX_POINT('',#4584);
#1601=VERTEX_POINT('',#4586);
#1602=VERTEX_POINT('',#4589);
#1603=VERTEX_POINT('',#4590);
#1604=VERTEX_POINT('',#4592);
#1605=VERTEX_POINT('',#4594);
#1606=VERTEX_POINT('',#4596);
#1607=VERTEX_POINT('',#4598);
#1608=VERTEX_POINT('',#4600);
#1609=VERTEX_POINT('',#4602);
#1610=VERTEX_POINT('',#4604);
#1611=VERTEX_POINT('',#4606);
#1612=VERTEX_POINT('',#4608);
#1613=VERTEX_POINT('',#4610);
#1614=VERTEX_POINT('',#4612);
#1615=VERTEX_POINT('',#4614);
#1616=VERTEX_POINT('',#4616);
#1617=VERTEX_POINT('',#4618);
#1618=VERTEX_POINT('',#4620);
#1619=VERTEX_POINT('',#4622);
#1620=VERTEX_POINT('',#4624);
#1621=VERTEX_POINT('',#4626);
#1622=VERTEX_POINT('',#4628);
#1623=VERTEX_POINT('',#4630);
#1624=VERTEX_POINT('',#4632);
#1625=VERTEX_POINT('',#4634);
#1626=VERTEX_POINT('',#4636);
#1627=VERTEX_POINT('',#4638);
#1628=VERTEX_POINT('',#4640);
#1629=VERTEX_POINT('',#4642);
#1630=VERTEX_POINT('',#4644);
#1631=VERTEX_POINT('',#4646);
#1632=VERTEX_POINT('',#4648);
#1633=VERTEX_POINT('',#4650);
#1634=VERTEX_POINT('',#4652);
#1635=VERTEX_POINT('',#4654);
#1636=VERTEX_POINT('',#4656);
#1637=VERTEX_POINT('',#4658);
#1638=VERTEX_POINT('',#4660);
#1639=VERTEX_POINT('',#4662);
#1640=VERTEX_POINT('',#4665);
#1641=VERTEX_POINT('',#4667);
#1642=VERTEX_POINT('',#4668);
#1643=VERTEX_POINT('',#4670);
#1644=VERTEX_POINT('',#4672);
#1645=VERTEX_POINT('',#4674);
#1646=VERTEX_POINT('',#4676);
#1647=VERTEX_POINT('',#4680);
#1648=VERTEX_POINT('',#4681);
#1649=VERTEX_POINT('',#4683);
#1650=VERTEX_POINT('',#4685);
#1651=VERTEX_POINT('',#4689);
#1652=VERTEX_POINT('',#4690);
#1653=VERTEX_POINT('',#4692);
#1654=VERTEX_POINT('',#4694);
#1655=VERTEX_POINT('',#4696);
#1656=VERTEX_POINT('',#4698);
#1657=VERTEX_POINT('',#4700);
#1658=VERTEX_POINT('',#4707);
#1659=VERTEX_POINT('',#4708);
#1660=VERTEX_POINT('',#4710);
#1661=VERTEX_POINT('',#4712);
#1662=VERTEX_POINT('',#4716);
#1663=VERTEX_POINT('',#4718);
#1664=VERTEX_POINT('',#4720);
#1665=VERTEX_POINT('',#4722);
#1666=VERTEX_POINT('',#4724);
#1667=VERTEX_POINT('',#4726);
#1668=VERTEX_POINT('',#4728);
#1669=VERTEX_POINT('',#4730);
#1670=VERTEX_POINT('',#4734);
#1671=VERTEX_POINT('',#4735);
#1672=VERTEX_POINT('',#4737);
#1673=VERTEX_POINT('',#4739);
#1674=VERTEX_POINT('',#4741);
#1675=VERTEX_POINT('',#4743);
#1676=VERTEX_POINT('',#4745);
#1677=VERTEX_POINT('',#4747);
#1678=VERTEX_POINT('',#4752);
#1679=VERTEX_POINT('',#4754);
#1680=VERTEX_POINT('',#4761);
#1681=VERTEX_POINT('',#4762);
#1682=VERTEX_POINT('',#4764);
#1683=VERTEX_POINT('',#4766);
#1684=VERTEX_POINT('',#4768);
#1685=VERTEX_POINT('',#4770);
#1686=VERTEX_POINT('',#4772);
#1687=VERTEX_POINT('',#4776);
#1688=VERTEX_POINT('',#4778);
#1689=VERTEX_POINT('',#4780);
#1690=VERTEX_POINT('',#4781);
#1691=VERTEX_POINT('',#4783);
#1692=VERTEX_POINT('',#4785);
#1693=VERTEX_POINT('',#4787);
#1694=VERTEX_POINT('',#4789);
#1695=VERTEX_POINT('',#4791);
#1696=VERTEX_POINT('',#4793);
#1697=VERTEX_POINT('',#4796);
#1698=VERTEX_POINT('',#4797);
#1699=VERTEX_POINT('',#4799);
#1700=VERTEX_POINT('',#4801);
#1701=VERTEX_POINT('',#4803);
#1702=VERTEX_POINT('',#4805);
#1703=VERTEX_POINT('',#4808);
#1704=VERTEX_POINT('',#4810);
#1705=VERTEX_POINT('',#4812);
#1706=VERTEX_POINT('',#4814);
#1707=VERTEX_POINT('',#4816);
#1708=VERTEX_POINT('',#4818);
#1709=VERTEX_POINT('',#4820);
#1710=VERTEX_POINT('',#4822);
#1711=VERTEX_POINT('',#4824);
#1712=VERTEX_POINT('',#4828);
#1713=VERTEX_POINT('',#4829);
#1714=VERTEX_POINT('',#4831);
#1715=VERTEX_POINT('',#4833);
#1716=VERTEX_POINT('',#4835);
#1717=VERTEX_POINT('',#4837);
#1718=VERTEX_POINT('',#4841);
#1719=VERTEX_POINT('',#4843);
#1720=VERTEX_POINT('',#4845);
#1721=VERTEX_POINT('',#4848);
#1722=VERTEX_POINT('',#4850);
#1723=VERTEX_POINT('',#4853);
#1724=VERTEX_POINT('',#4857);
#1725=VERTEX_POINT('',#4859);
#1726=VERTEX_POINT('',#4861);
#1727=VERTEX_POINT('',#4862);
#1728=VERTEX_POINT('',#4864);
#1729=VERTEX_POINT('',#4867);
#1730=VERTEX_POINT('',#4869);
#1731=VERTEX_POINT('',#4871);
#1732=VERTEX_POINT('',#4873);
#1733=VERTEX_POINT('',#4875);
#1734=VERTEX_POINT('',#4877);
#1735=VERTEX_POINT('',#4879);
#1736=VERTEX_POINT('',#4881);
#1737=VERTEX_POINT('',#4883);
#1738=VERTEX_POINT('',#4885);
#1739=VERTEX_POINT('',#4887);
#1740=VERTEX_POINT('',#4890);
#1741=VERTEX_POINT('',#4891);
#1742=VERTEX_POINT('',#4893);
#1743=VERTEX_POINT('',#4895);
#1744=VERTEX_POINT('',#4897);
#1745=VERTEX_POINT('',#4899);
#1746=VERTEX_POINT('',#4901);
#1747=VERTEX_POINT('',#4903);
#1748=VERTEX_POINT('',#4907);
#1749=VERTEX_POINT('',#4909);
#1750=VERTEX_POINT('',#4910);
#1751=VERTEX_POINT('',#4912);
#1752=VERTEX_POINT('',#4914);
#1753=VERTEX_POINT('',#4916);
#1754=VERTEX_POINT('',#4918);
#1755=VERTEX_POINT('',#4920);
#1756=VERTEX_POINT('',#4922);
#1757=VERTEX_POINT('',#4924);
#1758=VERTEX_POINT('',#4926);
#1759=VERTEX_POINT('',#4928);
#1760=VERTEX_POINT('',#4930);
#1761=VERTEX_POINT('',#4933);
#1762=VERTEX_POINT('',#4934);
#1763=VERTEX_POINT('',#4936);
#1764=VERTEX_POINT('',#4938);
#1765=VERTEX_POINT('',#4940);
#1766=VERTEX_POINT('',#4942);
#1767=VERTEX_POINT('',#4945);
#1768=VERTEX_POINT('',#4947);
#1769=VERTEX_POINT('',#4949);
#1770=VERTEX_POINT('',#4951);
#1771=VERTEX_POINT('',#4953);
#1772=VERTEX_POINT('',#4955);
#1773=VERTEX_POINT('',#4957);
#1774=VERTEX_POINT('',#4959);
#1775=VERTEX_POINT('',#4961);
#1776=VERTEX_POINT('',#4963);
#1777=VERTEX_POINT('',#4965);
#1778=VERTEX_POINT('',#4967);
#1779=VERTEX_POINT('',#4969);
#1780=VERTEX_POINT('',#4972);
#1781=VERTEX_POINT('',#4975);
#1782=VERTEX_POINT('',#4977);
#1783=VERTEX_POINT('',#4979);
#1784=VERTEX_POINT('',#4981);
#1785=VERTEX_POINT('',#4985);
#1786=VERTEX_POINT('',#4986);
#1787=VERTEX_POINT('',#4988);
#1788=VERTEX_POINT('',#4990);
#1789=VERTEX_POINT('',#4995);
#1790=VERTEX_POINT('',#4999);
#1791=VERTEX_POINT('',#5001);
#1792=VERTEX_POINT('',#5002);
#1793=VERTEX_POINT('',#5004);
#1794=VERTEX_POINT('',#5006);
#1795=VERTEX_POINT('',#5008);
#1796=VERTEX_POINT('',#5010);
#1797=VERTEX_POINT('',#5013);
#1798=VERTEX_POINT('',#5014);
#1799=VERTEX_POINT('',#5016);
#1800=VERTEX_POINT('',#5018);
#1801=VERTEX_POINT('',#5020);
#1802=VERTEX_POINT('',#5022);
#1803=VERTEX_POINT('',#5025);
#1804=VERTEX_POINT('',#5026);
#1805=VERTEX_POINT('',#5028);
#1806=VERTEX_POINT('',#5030);
#1807=VERTEX_POINT('',#5034);
#1808=VERTEX_POINT('',#5036);
#1809=VERTEX_POINT('',#5038);
#1810=VERTEX_POINT('',#5040);
#1811=VERTEX_POINT('',#5042);
#1812=VERTEX_POINT('',#5059);
#1813=VERTEX_POINT('',#5068);
#1814=VERTEX_POINT('',#5107);
#1815=VERTEX_POINT('',#5143);
#1816=VERTEX_POINT('',#5145);
#1817=VERTEX_POINT('',#5149);
#1818=VERTEX_POINT('',#5151);
#1819=VERTEX_POINT('',#5164);
#1820=VERTEX_POINT('',#5166);
#1821=VERTEX_POINT('',#5168);
#1822=VERTEX_POINT('',#5170);
#1823=VERTEX_POINT('',#5183);
#1824=VERTEX_POINT('',#5185);
#1825=VERTEX_POINT('',#5195);
#1826=VERTEX_POINT('',#5199);
#1827=VERTEX_POINT('',#5200);
#1828=VERTEX_POINT('',#5205);
#1829=VERTEX_POINT('',#5211);
#1830=VERTEX_POINT('',#5212);
#1831=VERTEX_POINT('',#5217);
#1832=VERTEX_POINT('',#5219);
#1833=VERTEX_POINT('',#5226);
#1834=VERTEX_POINT('',#5233);
#1835=VERTEX_POINT('',#5235);
#1836=VERTEX_POINT('',#5239);
#1837=VERTEX_POINT('',#5243);
#1838=VERTEX_POINT('',#5247);
#1839=VERTEX_POINT('',#5251);
#1840=VERTEX_POINT('',#5255);
#1841=VERTEX_POINT('',#5261);
#1842=VERTEX_POINT('',#5262);
#1843=VERTEX_POINT('',#5267);
#1844=VERTEX_POINT('',#5271);
#1845=VERTEX_POINT('',#5275);
#1846=VERTEX_POINT('',#5276);
#1847=VERTEX_POINT('',#5281);
#1848=VERTEX_POINT('',#5282);
#1849=VERTEX_POINT('',#5287);
#1850=VERTEX_POINT('',#5291);
#1851=VERTEX_POINT('',#5295);
#1852=VERTEX_POINT('',#5297);
#1853=VERTEX_POINT('',#5306);
#1854=VERTEX_POINT('',#5308);
#1855=VERTEX_POINT('',#5311);
#1856=VERTEX_POINT('',#5316);
#1857=VERTEX_POINT('',#5318);
#1858=VERTEX_POINT('',#5322);
#1859=VERTEX_POINT('',#5326);
#1860=VERTEX_POINT('',#5330);
#1861=VERTEX_POINT('',#5334);
#1862=VERTEX_POINT('',#5341);
#1863=VERTEX_POINT('',#5343);
#1864=VERTEX_POINT('',#5347);
#1865=VERTEX_POINT('',#5351);
#1866=VERTEX_POINT('',#5355);
#1867=VERTEX_POINT('',#5359);
#1868=VERTEX_POINT('',#5363);
#1869=VERTEX_POINT('',#5367);
#1870=VERTEX_POINT('',#5371);
#1871=VERTEX_POINT('',#5375);
#1872=VERTEX_POINT('',#5379);
#1873=VERTEX_POINT('',#5383);
#1874=VERTEX_POINT('',#5387);
#1875=VERTEX_POINT('',#5391);
#1876=VERTEX_POINT('',#5395);
#1877=VERTEX_POINT('',#5399);
#1878=VERTEX_POINT('',#5403);
#1879=VERTEX_POINT('',#5407);
#1880=VERTEX_POINT('',#5411);
#1881=VERTEX_POINT('',#5415);
#1882=VERTEX_POINT('',#5419);
#1883=VERTEX_POINT('',#5423);
#1884=VERTEX_POINT('',#5427);
#1885=VERTEX_POINT('',#5431);
#1886=VERTEX_POINT('',#5435);
#1887=VERTEX_POINT('',#5439);
#1888=VERTEX_POINT('',#5443);
#1889=VERTEX_POINT('',#5447);
#1890=VERTEX_POINT('',#5451);
#1891=VERTEX_POINT('',#5455);
#1892=VERTEX_POINT('',#5459);
#1893=VERTEX_POINT('',#5463);
#1894=VERTEX_POINT('',#5467);
#1895=VERTEX_POINT('',#5471);
#1896=VERTEX_POINT('',#5475);
#1897=VERTEX_POINT('',#5479);
#1898=VERTEX_POINT('',#5483);
#1899=VERTEX_POINT('',#5487);
#1900=VERTEX_POINT('',#5494);
#1901=VERTEX_POINT('',#5496);
#1902=VERTEX_POINT('',#5500);
#1903=VERTEX_POINT('',#5504);
#1904=VERTEX_POINT('',#5508);
#1905=VERTEX_POINT('',#5512);
#1906=VERTEX_POINT('',#5516);
#1907=VERTEX_POINT('',#5520);
#1908=VERTEX_POINT('',#5524);
#1909=VERTEX_POINT('',#5535);
#1910=VERTEX_POINT('',#5561);
#1911=LINE('',#4570,#2295);
#1912=LINE('',#4573,#2296);
#1913=LINE('',#4575,#2297);
#1914=LINE('',#4577,#2298);
#1915=LINE('',#4579,#2299);
#1916=LINE('',#4581,#2300);
#1917=LINE('',#4583,#2301);
#1918=LINE('',#4585,#2302);
#1919=LINE('',#4587,#2303);
#1920=LINE('',#4588,#2304);
#1921=LINE('',#4591,#2305);
#1922=LINE('',#4593,#2306);
#1923=LINE('',#4595,#2307);
#1924=LINE('',#4599,#2308);
#1925=LINE('',#4601,#2309);
#1926=LINE('',#4603,#2310);
#1927=LINE('',#4605,#2311);
#1928=LINE('',#4607,#2312);
#1929=LINE('',#4609,#2313);
#1930=LINE('',#4611,#2314);
#1931=LINE('',#4613,#2315);
#1932=LINE('',#4615,#2316);
#1933=LINE('',#4617,#2317);
#1934=LINE('',#4619,#2318);
#1935=LINE('',#4621,#2319);
#1936=LINE('',#4623,#2320);
#1937=LINE('',#4625,#2321);
#1938=LINE('',#4627,#2322);
#1939=LINE('',#4629,#2323);
#1940=LINE('',#4631,#2324);
#1941=LINE('',#4633,#2325);
#1942=LINE('',#4635,#2326);
#1943=LINE('',#4637,#2327);
#1944=LINE('',#4639,#2328);
#1945=LINE('',#4641,#2329);
#1946=LINE('',#4643,#2330);
#1947=LINE('',#4645,#2331);
#1948=LINE('',#4647,#2332);
#1949=LINE('',#4649,#2333);
#1950=LINE('',#4651,#2334);
#1951=LINE('',#4653,#2335);
#1952=LINE('',#4655,#2336);
#1953=LINE('',#4657,#2337);
#1954=LINE('',#4659,#2338);
#1955=LINE('',#4661,#2339);
#1956=LINE('',#4663,#2340);
#1957=LINE('',#4666,#2341);
#1958=LINE('',#4669,#2342);
#1959=LINE('',#4671,#2343);
#1960=LINE('',#4673,#2344);
#1961=LINE('',#4675,#2345);
#1962=LINE('',#4677,#2346);
#1963=LINE('',#4679,#2347);
#1964=LINE('',#4682,#2348);
#1965=LINE('',#4684,#2349);
#1966=LINE('',#4686,#2350);
#1967=LINE('',#4688,#2351);
#1968=LINE('',#4691,#2352);
#1969=LINE('',#4693,#2353);
#1970=LINE('',#4695,#2354);
#1971=LINE('',#4697,#2355);
#1972=LINE('',#4699,#2356);
#1973=LINE('',#4706,#2357);
#1974=LINE('',#4709,#2358);
#1975=LINE('',#4711,#2359);
#1976=LINE('',#4713,#2360);
#1977=LINE('',#4717,#2361);
#1978=LINE('',#4719,#2362);
#1979=LINE('',#4723,#2363);
#1980=LINE('',#4727,#2364);
#1981=LINE('',#4729,#2365);
#1982=LINE('',#4733,#2366);
#1983=LINE('',#4736,#2367);
#1984=LINE('',#4738,#2368);
#1985=LINE('',#4740,#2369);
#1986=LINE('',#4742,#2370);
#1987=LINE('',#4744,#2371);
#1988=LINE('',#4746,#2372);
#1989=LINE('',#4753,#2373);
#1990=LINE('',#4760,#2374);
#1991=LINE('',#4763,#2375);
#1992=LINE('',#4765,#2376);
#1993=LINE('',#4767,#2377);
#1994=LINE('',#4769,#2378);
#1995=LINE('',#4771,#2379);
#1996=LINE('',#4773,#2380);
#1997=LINE('',#4779,#2381);
#1998=LINE('',#4788,#2382);
#1999=LINE('',#4795,#2383);
#2000=LINE('',#4798,#2384);
#2001=LINE('',#4800,#2385);
#2002=LINE('',#4804,#2386);
#2003=LINE('',#4811,#2387);
#2004=LINE('',#4815,#2388);
#2005=LINE('',#4817,#2389);
#2006=LINE('',#4819,#2390);
#2007=LINE('',#4823,#2391);
#2008=LINE('',#4825,#2392);
#2009=LINE('',#4827,#2393);
#2010=LINE('',#4830,#2394);
#2011=LINE('',#4832,#2395);
#2012=LINE('',#4834,#2396);
#2013=LINE('',#4836,#2397);
#2014=LINE('',#4838,#2398);
#2015=LINE('',#4840,#2399);
#2016=LINE('',#4842,#2400);
#2017=LINE('',#4844,#2401);
#2018=LINE('',#4846,#2402);
#2019=LINE('',#4847,#2403);
#2020=LINE('',#4849,#2404);
#2021=LINE('',#4851,#2405);
#2022=LINE('',#4852,#2406);
#2023=LINE('',#4854,#2407);
#2024=LINE('',#4863,#2408);
#2025=LINE('',#4868,#2409);
#2026=LINE('',#4872,#2410);
#2027=LINE('',#4874,#2411);
#2028=LINE('',#4876,#2412);
#2029=LINE('',#4878,#2413);
#2030=LINE('',#4880,#2414);
#2031=LINE('',#4882,#2415);
#2032=LINE('',#4886,#2416);
#2033=LINE('',#4888,#2417);
#2034=LINE('',#4892,#2418);
#2035=LINE('',#4900,#2419);
#2036=LINE('',#4908,#2420);
#2037=LINE('',#4913,#2421);
#2038=LINE('',#4917,#2422);
#2039=LINE('',#4921,#2423);
#2040=LINE('',#4925,#2424);
#2041=LINE('',#4929,#2425);
#2042=LINE('',#4935,#2426);
#2043=LINE('',#4939,#2427);
#2044=LINE('',#4943,#2428);
#2045=LINE('',#4946,#2429);
#2046=LINE('',#4948,#2430);
#2047=LINE('',#4950,#2431);
#2048=LINE('',#4952,#2432);
#2049=LINE('',#4954,#2433);
#2050=LINE('',#4958,#2434);
#2051=LINE('',#4960,#2435);
#2052=LINE('',#4962,#2436);
#2053=LINE('',#4968,#2437);
#2054=LINE('',#4973,#2438);
#2055=LINE('',#4976,#2439);
#2056=LINE('',#4978,#2440);
#2057=LINE('',#4980,#2441);
#2058=LINE('',#4984,#2442);
#2059=LINE('',#4987,#2443);
#2060=LINE('',#4989,#2444);
#2061=LINE('',#4991,#2445);
#2062=LINE('',#4993,#2446);
#2063=LINE('',#4994,#2447);
#2064=LINE('',#4996,#2448);
#2065=LINE('',#5000,#2449);
#2066=LINE('',#5005,#2450);
#2067=LINE('',#5007,#2451);
#2068=LINE('',#5009,#2452);
#2069=LINE('',#5012,#2453);
#2070=LINE('',#5017,#2454);
#2071=LINE('',#5021,#2455);
#2072=LINE('',#5023,#2456);
#2073=LINE('',#5027,#2457);
#2074=LINE('',#5031,#2458);
#2075=LINE('',#5032,#2459);
#2076=LINE('',#5033,#2460);
#2077=LINE('',#5037,#2461);
#2078=LINE('',#5041,#2462);
#2079=LINE('',#5043,#2463);
#2080=LINE('',#5045,#2464);
#2081=LINE('',#5046,#2465);
#2082=LINE('',#5053,#2466);
#2083=LINE('',#5074,#2467);
#2084=LINE('',#5075,#2468);
#2085=LINE('',#5077,#2469);
#2086=LINE('',#5089,#2470);
#2087=LINE('',#5091,#2471);
#2088=LINE('',#5093,#2472);
#2089=LINE('',#5096,#2473);
#2090=LINE('',#5097,#2474);
#2091=LINE('',#5104,#2475);
#2092=LINE('',#5106,#2476);
#2093=LINE('',#5108,#2477);
#2094=LINE('',#5110,#2478);
#2095=LINE('',#5114,#2479);
#2096=LINE('',#5116,#2480);
#2097=LINE('',#5119,#2481);
#2098=LINE('',#5120,#2482);
#2099=LINE('',#5122,#2483);
#2100=LINE('',#5123,#2484);
#2101=LINE('',#5125,#2485);
#2102=LINE('',#5127,#2486);
#2103=LINE('',#5129,#2487);
#2104=LINE('',#5132,#2488);
#2105=LINE('',#5134,#2489);
#2106=LINE('',#5135,#2490);
#2107=LINE('',#5137,#2491);
#2108=LINE('',#5139,#2492);
#2109=LINE('',#5142,#2493);
#2110=LINE('',#5144,#2494);
#2111=LINE('',#5146,#2495);
#2112=LINE('',#5148,#2496);
#2113=LINE('',#5150,#2497);
#2114=LINE('',#5152,#2498);
#2115=LINE('',#5158,#2499);
#2116=LINE('',#5159,#2500);
#2117=LINE('',#5163,#2501);
#2118=LINE('',#5167,#2502);
#2119=LINE('',#5173,#2503);
#2120=LINE('',#5174,#2504);
#2121=LINE('',#5176,#2505);
#2122=LINE('',#5178,#2506);
#2123=LINE('',#5184,#2507);
#2124=LINE('',#5191,#2508);
#2125=LINE('',#5192,#2509);
#2126=LINE('',#5194,#2510);
#2127=LINE('',#5196,#2511);
#2128=LINE('',#5198,#2512);
#2129=LINE('',#5201,#2513);
#2130=LINE('',#5202,#2514);
#2131=LINE('',#5204,#2515);
#2132=LINE('',#5206,#2516);
#2133=LINE('',#5208,#2517);
#2134=LINE('',#5210,#2518);
#2135=LINE('',#5213,#2519);
#2136=LINE('',#5214,#2520);
#2137=LINE('',#5216,#2521);
#2138=LINE('',#5218,#2522);
#2139=LINE('',#5220,#2523);
#2140=LINE('',#5223,#2524);
#2141=LINE('',#5225,#2525);
#2142=LINE('',#5227,#2526);
#2143=LINE('',#5232,#2527);
#2144=LINE('',#5234,#2528);
#2145=LINE('',#5236,#2529);
#2146=LINE('',#5238,#2530);
#2147=LINE('',#5242,#2531);
#2148=LINE('',#5244,#2532);
#2149=LINE('',#5246,#2533);
#2150=LINE('',#5250,#2534);
#2151=LINE('',#5252,#2535);
#2152=LINE('',#5260,#2536);
#2153=LINE('',#5263,#2537);
#2154=LINE('',#5264,#2538);
#2155=LINE('',#5266,#2539);
#2156=LINE('',#5270,#2540);
#2157=LINE('',#5272,#2541);
#2158=LINE('',#5274,#2542);
#2159=LINE('',#5277,#2543);
#2160=LINE('',#5278,#2544);
#2161=LINE('',#5280,#2545);
#2162=LINE('',#5283,#2546);
#2163=LINE('',#5284,#2547);
#2164=LINE('',#5286,#2548);
#2165=LINE('',#5290,#2549);
#2166=LINE('',#5292,#2550);
#2167=LINE('',#5294,#2551);
#2168=LINE('',#5296,#2552);
#2169=LINE('',#5298,#2553);
#2170=LINE('',#5315,#2554);
#2171=LINE('',#5317,#2555);
#2172=LINE('',#5319,#2556);
#2173=LINE('',#5321,#2557);
#2174=LINE('',#5323,#2558);
#2175=LINE('',#5325,#2559);
#2176=LINE('',#5327,#2560);
#2177=LINE('',#5329,#2561);
#2178=LINE('',#5331,#2562);
#2179=LINE('',#5333,#2563);
#2180=LINE('',#5335,#2564);
#2181=LINE('',#5337,#2565);
#2182=LINE('',#5340,#2566);
#2183=LINE('',#5342,#2567);
#2184=LINE('',#5344,#2568);
#2185=LINE('',#5346,#2569);
#2186=LINE('',#5348,#2570);
#2187=LINE('',#5350,#2571);
#2188=LINE('',#5352,#2572);
#2189=LINE('',#5354,#2573);
#2190=LINE('',#5356,#2574);
#2191=LINE('',#5358,#2575);
#2192=LINE('',#5360,#2576);
#2193=LINE('',#5362,#2577);
#2194=LINE('',#5364,#2578);
#2195=LINE('',#5366,#2579);
#2196=LINE('',#5368,#2580);
#2197=LINE('',#5370,#2581);
#2198=LINE('',#5372,#2582);
#2199=LINE('',#5374,#2583);
#2200=LINE('',#5376,#2584);
#2201=LINE('',#5378,#2585);
#2202=LINE('',#5380,#2586);
#2203=LINE('',#5382,#2587);
#2204=LINE('',#5384,#2588);
#2205=LINE('',#5386,#2589);
#2206=LINE('',#5388,#2590);
#2207=LINE('',#5390,#2591);
#2208=LINE('',#5392,#2592);
#2209=LINE('',#5394,#2593);
#2210=LINE('',#5396,#2594);
#2211=LINE('',#5398,#2595);
#2212=LINE('',#5400,#2596);
#2213=LINE('',#5402,#2597);
#2214=LINE('',#5404,#2598);
#2215=LINE('',#5406,#2599);
#2216=LINE('',#5408,#2600);
#2217=LINE('',#5410,#2601);
#2218=LINE('',#5412,#2602);
#2219=LINE('',#5414,#2603);
#2220=LINE('',#5416,#2604);
#2221=LINE('',#5418,#2605);
#2222=LINE('',#5420,#2606);
#2223=LINE('',#5422,#2607);
#2224=LINE('',#5424,#2608);
#2225=LINE('',#5426,#2609);
#2226=LINE('',#5428,#2610);
#2227=LINE('',#5430,#2611);
#2228=LINE('',#5432,#2612);
#2229=LINE('',#5434,#2613);
#2230=LINE('',#5436,#2614);
#2231=LINE('',#5438,#2615);
#2232=LINE('',#5440,#2616);
#2233=LINE('',#5442,#2617);
#2234=LINE('',#5444,#2618);
#2235=LINE('',#5446,#2619);
#2236=LINE('',#5448,#2620);
#2237=LINE('',#5450,#2621);
#2238=LINE('',#5452,#2622);
#2239=LINE('',#5454,#2623);
#2240=LINE('',#5456,#2624);
#2241=LINE('',#5458,#2625);
#2242=LINE('',#5460,#2626);
#2243=LINE('',#5462,#2627);
#2244=LINE('',#5464,#2628);
#2245=LINE('',#5466,#2629);
#2246=LINE('',#5468,#2630);
#2247=LINE('',#5470,#2631);
#2248=LINE('',#5472,#2632);
#2249=LINE('',#5474,#2633);
#2250=LINE('',#5476,#2634);
#2251=LINE('',#5478,#2635);
#2252=LINE('',#5482,#2636);
#2253=LINE('',#5484,#2637);
#2254=LINE('',#5486,#2638);
#2255=LINE('',#5488,#2639);
#2256=LINE('',#5490,#2640);
#2257=LINE('',#5493,#2641);
#2258=LINE('',#5495,#2642);
#2259=LINE('',#5497,#2643);
#2260=LINE('',#5499,#2644);
#2261=LINE('',#5501,#2645);
#2262=LINE('',#5503,#2646);
#2263=LINE('',#5505,#2647);
#2264=LINE('',#5507,#2648);
#2265=LINE('',#5509,#2649);
#2266=LINE('',#5511,#2650);
#2267=LINE('',#5513,#2651);
#2268=LINE('',#5515,#2652);
#2269=LINE('',#5517,#2653);
#2270=LINE('',#5519,#2654);
#2271=LINE('',#5521,#2655);
#2272=LINE('',#5523,#2656);
#2273=LINE('',#5525,#2657);
#2274=LINE('',#5527,#2658);
#2275=LINE('',#5534,#2659);
#2276=LINE('',#5536,#2660);
#2277=LINE('',#5538,#2661);
#2278=LINE('',#5539,#2662);
#2279=LINE('',#5541,#2663);
#2280=LINE('',#5543,#2664);
#2281=LINE('',#5545,#2665);
#2282=LINE('',#5549,#2666);
#2283=LINE('',#5551,#2667);
#2284=LINE('',#5552,#2668);
#2285=LINE('',#5554,#2669);
#2286=LINE('',#5556,#2670);
#2287=LINE('',#5558,#2671);
#2288=LINE('',#5560,#2672);
#2289=LINE('',#5562,#2673);
#2290=LINE('',#5564,#2674);
#2291=LINE('',#5566,#2675);
#2292=LINE('',#5569,#2676);
#2293=LINE('',#5571,#2677);
#2294=LINE('',#5573,#2678);
#2295=VECTOR('',#3664,1.);
#2296=VECTOR('',#3665,1.);
#2297=VECTOR('',#3666,1.);
#2298=VECTOR('',#3667,1.);
#2299=VECTOR('',#3668,1.);
#2300=VECTOR('',#3669,1.);
#2301=VECTOR('',#3670,1.);
#2302=VECTOR('',#3671,1.);
#2303=VECTOR('',#3672,1.);
#2304=VECTOR('',#3673,1.);
#2305=VECTOR('',#3674,1.);
#2306=VECTOR('',#3675,1.);
#2307=VECTOR('',#3676,1.);
#2308=VECTOR('',#3679,1.);
#2309=VECTOR('',#3680,1.);
#2310=VECTOR('',#3681,1.);
#2311=VECTOR('',#3682,1.);
#2312=VECTOR('',#3683,1.);
#2313=VECTOR('',#3684,1.);
#2314=VECTOR('',#3685,1.);
#2315=VECTOR('',#3686,1.);
#2316=VECTOR('',#3687,1.);
#2317=VECTOR('',#3688,1.);
#2318=VECTOR('',#3689,1.);
#2319=VECTOR('',#3690,1.);
#2320=VECTOR('',#3691,1.);
#2321=VECTOR('',#3692,1.);
#2322=VECTOR('',#3693,1.);
#2323=VECTOR('',#3694,1.);
#2324=VECTOR('',#3695,1.);
#2325=VECTOR('',#3696,1.);
#2326=VECTOR('',#3697,1.);
#2327=VECTOR('',#3698,1.);
#2328=VECTOR('',#3699,1.);
#2329=VECTOR('',#3700,1.);
#2330=VECTOR('',#3701,1.);
#2331=VECTOR('',#3702,1.);
#2332=VECTOR('',#3703,1.);
#2333=VECTOR('',#3704,1.);
#2334=VECTOR('',#3705,1.);
#2335=VECTOR('',#3706,1.);
#2336=VECTOR('',#3707,1.);
#2337=VECTOR('',#3708,1.);
#2338=VECTOR('',#3709,1.);
#2339=VECTOR('',#3710,1.);
#2340=VECTOR('',#3711,1.);
#2341=VECTOR('',#3714,1.);
#2342=VECTOR('',#3715,1.);
#2343=VECTOR('',#3716,1.);
#2344=VECTOR('',#3717,1.);
#2345=VECTOR('',#3718,1.);
#2346=VECTOR('',#3719,1.);
#2347=VECTOR('',#3722,1.);
#2348=VECTOR('',#3723,1.);
#2349=VECTOR('',#3724,1.);
#2350=VECTOR('',#3725,1.);
#2351=VECTOR('',#3728,1.);
#2352=VECTOR('',#3729,1.);
#2353=VECTOR('',#3730,1.);
#2354=VECTOR('',#3731,1.);
#2355=VECTOR('',#3732,1.);
#2356=VECTOR('',#3733,1.);
#2357=VECTOR('',#3736,1.);
#2358=VECTOR('',#3737,1.);
#2359=VECTOR('',#3738,1.);
#2360=VECTOR('',#3739,1.);
#2361=VECTOR('',#3744,1.);
#2362=VECTOR('',#3745,1.);
#2363=VECTOR('',#3748,1.);
#2364=VECTOR('',#3751,1.);
#2365=VECTOR('',#3752,1.);
#2366=VECTOR('',#3757,1.);
#2367=VECTOR('',#3758,1.);
#2368=VECTOR('',#3759,1.);
#2369=VECTOR('',#3760,1.);
#2370=VECTOR('',#3761,1.);
#2371=VECTOR('',#3762,1.);
#2372=VECTOR('',#3763,1.);
#2373=VECTOR('',#3764,1.);
#2374=VECTOR('',#3767,1.);
#2375=VECTOR('',#3768,1.);
#2376=VECTOR('',#3769,1.);
#2377=VECTOR('',#3770,1.);
#2378=VECTOR('',#3771,1.);
#2379=VECTOR('',#3772,1.);
#2380=VECTOR('',#3773,1.);
#2381=VECTOR('',#3780,1.);
#2382=VECTOR('',#3787,1.);
#2383=VECTOR('',#3794,1.);
#2384=VECTOR('',#3795,1.);
#2385=VECTOR('',#3796,1.);
#2386=VECTOR('',#3799,1.);
#2387=VECTOR('',#3806,1.);
#2388=VECTOR('',#3809,1.);
#2389=VECTOR('',#3810,1.);
#2390=VECTOR('',#3811,1.);
#2391=VECTOR('',#3814,1.);
#2392=VECTOR('',#3815,1.);
#2393=VECTOR('',#3818,1.);
#2394=VECTOR('',#3819,1.);
#2395=VECTOR('',#3820,1.);
#2396=VECTOR('',#3821,1.);
#2397=VECTOR('',#3822,1.);
#2398=VECTOR('',#3823,1.);
#2399=VECTOR('',#3826,1.);
#2400=VECTOR('',#3827,1.);
#2401=VECTOR('',#3828,1.);
#2402=VECTOR('',#3829,1.);
#2403=VECTOR('',#3830,1.);
#2404=VECTOR('',#3831,1.);
#2405=VECTOR('',#3832,1.);
#2406=VECTOR('',#3833,1.);
#2407=VECTOR('',#3834,1.);
#2408=VECTOR('',#3843,1.);
#2409=VECTOR('',#3848,1.);
#2410=VECTOR('',#3851,1.);
#2411=VECTOR('',#3852,1.);
#2412=VECTOR('',#3853,1.);
#2413=VECTOR('',#3854,1.);
#2414=VECTOR('',#3855,1.);
#2415=VECTOR('',#3856,1.);
#2416=VECTOR('',#3859,1.);
#2417=VECTOR('',#3860,1.);
#2418=VECTOR('',#3863,1.);
#2419=VECTOR('',#3870,1.);
#2420=VECTOR('',#3879,1.);
#2421=VECTOR('',#3882,1.);
#2422=VECTOR('',#3885,1.);
#2423=VECTOR('',#3888,1.);
#2424=VECTOR('',#3891,1.);
#2425=VECTOR('',#3894,1.);
#2426=VECTOR('',#3899,1.);
#2427=VECTOR('',#3902,1.);
#2428=VECTOR('',#3905,1.);
#2429=VECTOR('',#3908,1.);
#2430=VECTOR('',#3909,1.);
#2431=VECTOR('',#3910,1.);
#2432=VECTOR('',#3911,1.);
#2433=VECTOR('',#3912,1.);
#2434=VECTOR('',#3915,1.);
#2435=VECTOR('',#3916,1.);
#2436=VECTOR('',#3917,1.);
#2437=VECTOR('',#3922,1.);
#2438=VECTOR('',#3927,1.);
#2439=VECTOR('',#3930,1.);
#2440=VECTOR('',#3931,1.);
#2441=VECTOR('',#3932,1.);
#2442=VECTOR('',#3937,1.);
#2443=VECTOR('',#3938,1.);
#2444=VECTOR('',#3939,1.);
#2445=VECTOR('',#3940,1.);
#2446=VECTOR('',#3943,1.);
#2447=VECTOR('',#3944,1.);
#2448=VECTOR('',#3945,1.);
#2449=VECTOR('',#3950,1.);
#2450=VECTOR('',#3953,1.);
#2451=VECTOR('',#3954,1.);
#2452=VECTOR('',#3955,1.);
#2453=VECTOR('',#3958,1.);
#2454=VECTOR('',#3961,1.);
#2455=VECTOR('',#3964,1.);
#2456=VECTOR('',#3965,1.);
#2457=VECTOR('',#3968,1.);
#2458=VECTOR('',#3971,1.);
#2459=VECTOR('',#3972,1.);
#2460=VECTOR('',#3973,1.);
#2461=VECTOR('',#3976,1.);
#2462=VECTOR('',#3979,1.);
#2463=VECTOR('',#3980,1.);
#2464=VECTOR('',#3983,1.);
#2465=VECTOR('',#3984,1.);
#2466=VECTOR('',#3989,1.);
#2467=VECTOR('',#3994,1.);
#2468=VECTOR('',#3995,1.);
#2469=VECTOR('',#3998,1.);
#2470=VECTOR('',#4005,1.);
#2471=VECTOR('',#4008,1.);
#2472=VECTOR('',#4011,1.);
#2473=VECTOR('',#4016,1.);
#2474=VECTOR('',#4017,1.);
#2475=VECTOR('',#4022,1.);
#2476=VECTOR('',#4025,1.);
#2477=VECTOR('',#4026,1.);
#2478=VECTOR('',#4029,1.);
#2479=VECTOR('',#4036,1.);
#2480=VECTOR('',#4039,1.);
#2481=VECTOR('',#4044,1.);
#2482=VECTOR('',#4045,1.);
#2483=VECTOR('',#4048,1.);
#2484=VECTOR('',#4049,1.);
#2485=VECTOR('',#4052,1.);
#2486=VECTOR('',#4055,1.);
#2487=VECTOR('',#4058,1.);
#2488=VECTOR('',#4063,1.);
#2489=VECTOR('',#4066,1.);
#2490=VECTOR('',#4067,1.);
#2491=VECTOR('',#4070,1.);
#2492=VECTOR('',#4073,1.);
#2493=VECTOR('',#4078,1.);
#2494=VECTOR('',#4079,1.);
#2495=VECTOR('',#4080,1.);
#2496=VECTOR('',#4083,1.);
#2497=VECTOR('',#4084,1.);
#2498=VECTOR('',#4085,1.);
#2499=VECTOR('',#4096,1.);
#2500=VECTOR('',#4097,1.);
#2501=VECTOR('',#4104,1.);
#2502=VECTOR('',#4107,1.);
#2503=VECTOR('',#4114,1.);
#2504=VECTOR('',#4115,1.);
#2505=VECTOR('',#4118,1.);
#2506=VECTOR('',#4121,1.);
#2507=VECTOR('',#4130,1.);
#2508=VECTOR('',#4141,1.);
#2509=VECTOR('',#4142,1.);
#2510=VECTOR('',#4145,1.);
#2511=VECTOR('',#4146,1.);
#2512=VECTOR('',#4149,1.);
#2513=VECTOR('',#4150,1.);
#2514=VECTOR('',#4151,1.);
#2515=VECTOR('',#4154,1.);
#2516=VECTOR('',#4155,1.);
#2517=VECTOR('',#4158,1.);
#2518=VECTOR('',#4161,1.);
#2519=VECTOR('',#4162,1.);
#2520=VECTOR('',#4163,1.);
#2521=VECTOR('',#4166,1.);
#2522=VECTOR('',#4167,1.);
#2523=VECTOR('',#4168,1.);
#2524=VECTOR('',#4173,1.);
#2525=VECTOR('',#4176,1.);
#2526=VECTOR('',#4177,1.);
#2527=VECTOR('',#4186,1.);
#2528=VECTOR('',#4187,1.);
#2529=VECTOR('',#4188,1.);
#2530=VECTOR('',#4191,1.);
#2531=VECTOR('',#4196,1.);
#2532=VECTOR('',#4197,1.);
#2533=VECTOR('',#4200,1.);
#2534=VECTOR('',#4205,1.);
#2535=VECTOR('',#4206,1.);
#2536=VECTOR('',#4219,1.);
#2537=VECTOR('',#4220,1.);
#2538=VECTOR('',#4221,1.);
#2539=VECTOR('',#4224,1.);
#2540=VECTOR('',#4229,1.);
#2541=VECTOR('',#4230,1.);
#2542=VECTOR('',#4233,1.);
#2543=VECTOR('',#4234,1.);
#2544=VECTOR('',#4235,1.);
#2545=VECTOR('',#4238,1.);
#2546=VECTOR('',#4239,1.);
#2547=VECTOR('',#4240,1.);
#2548=VECTOR('',#4243,1.);
#2549=VECTOR('',#4248,1.);
#2550=VECTOR('',#4249,1.);
#2551=VECTOR('',#4252,1.);
#2552=VECTOR('',#4253,1.);
#2553=VECTOR('',#4254,1.);
#2554=VECTOR('',#4281,1.);
#2555=VECTOR('',#4282,1.);
#2556=VECTOR('',#4283,1.);
#2557=VECTOR('',#4286,1.);
#2558=VECTOR('',#4287,1.);
#2559=VECTOR('',#4290,1.);
#2560=VECTOR('',#4291,1.);
#2561=VECTOR('',#4294,1.);
#2562=VECTOR('',#4295,1.);
#2563=VECTOR('',#4298,1.);
#2564=VECTOR('',#4299,1.);
#2565=VECTOR('',#4302,1.);
#2566=VECTOR('',#4307,1.);
#2567=VECTOR('',#4308,1.);
#2568=VECTOR('',#4309,1.);
#2569=VECTOR('',#4312,1.);
#2570=VECTOR('',#4313,1.);
#2571=VECTOR('',#4316,1.);
#2572=VECTOR('',#4317,1.);
#2573=VECTOR('',#4320,1.);
#2574=VECTOR('',#4321,1.);
#2575=VECTOR('',#4324,1.);
#2576=VECTOR('',#4325,1.);
#2577=VECTOR('',#4328,1.);
#2578=VECTOR('',#4329,1.);
#2579=VECTOR('',#4332,1.);
#2580=VECTOR('',#4333,1.);
#2581=VECTOR('',#4336,1.);
#2582=VECTOR('',#4337,1.);
#2583=VECTOR('',#4340,1.);
#2584=VECTOR('',#4341,1.);
#2585=VECTOR('',#4344,1.);
#2586=VECTOR('',#4345,1.);
#2587=VECTOR('',#4348,1.);
#2588=VECTOR('',#4349,1.);
#2589=VECTOR('',#4352,1.);
#2590=VECTOR('',#4353,1.);
#2591=VECTOR('',#4356,1.);
#2592=VECTOR('',#4357,1.);
#2593=VECTOR('',#4360,1.);
#2594=VECTOR('',#4361,1.);
#2595=VECTOR('',#4364,1.);
#2596=VECTOR('',#4365,1.);
#2597=VECTOR('',#4368,1.);
#2598=VECTOR('',#4369,1.);
#2599=VECTOR('',#4372,1.);
#2600=VECTOR('',#4373,1.);
#2601=VECTOR('',#4376,1.);
#2602=VECTOR('',#4377,1.);
#2603=VECTOR('',#4380,1.);
#2604=VECTOR('',#4381,1.);
#2605=VECTOR('',#4384,1.);
#2606=VECTOR('',#4385,1.);
#2607=VECTOR('',#4388,1.);
#2608=VECTOR('',#4389,1.);
#2609=VECTOR('',#4392,1.);
#2610=VECTOR('',#4393,1.);
#2611=VECTOR('',#4396,1.);
#2612=VECTOR('',#4397,1.);
#2613=VECTOR('',#4400,1.);
#2614=VECTOR('',#4401,1.);
#2615=VECTOR('',#4404,1.);
#2616=VECTOR('',#4405,1.);
#2617=VECTOR('',#4408,1.);
#2618=VECTOR('',#4409,1.);
#2619=VECTOR('',#4412,1.);
#2620=VECTOR('',#4413,1.);
#2621=VECTOR('',#4416,1.);
#2622=VECTOR('',#4417,1.);
#2623=VECTOR('',#4420,1.);
#2624=VECTOR('',#4421,1.);
#2625=VECTOR('',#4424,1.);
#2626=VECTOR('',#4425,1.);
#2627=VECTOR('',#4428,1.);
#2628=VECTOR('',#4429,1.);
#2629=VECTOR('',#4432,1.);
#2630=VECTOR('',#4433,1.);
#2631=VECTOR('',#4436,1.);
#2632=VECTOR('',#4437,1.);
#2633=VECTOR('',#4440,1.);
#2634=VECTOR('',#4441,1.);
#2635=VECTOR('',#4444,1.);
#2636=VECTOR('',#4449,1.);
#2637=VECTOR('',#4450,1.);
#2638=VECTOR('',#4453,1.);
#2639=VECTOR('',#4454,1.);
#2640=VECTOR('',#4457,1.);
#2641=VECTOR('',#4462,1.);
#2642=VECTOR('',#4463,1.);
#2643=VECTOR('',#4464,1.);
#2644=VECTOR('',#4467,1.);
#2645=VECTOR('',#4468,1.);
#2646=VECTOR('',#4471,1.);
#2647=VECTOR('',#4472,1.);
#2648=VECTOR('',#4475,1.);
#2649=VECTOR('',#4476,1.);
#2650=VECTOR('',#4479,1.);
#2651=VECTOR('',#4480,1.);
#2652=VECTOR('',#4483,1.);
#2653=VECTOR('',#4484,1.);
#2654=VECTOR('',#4487,1.);
#2655=VECTOR('',#4488,1.);
#2656=VECTOR('',#4491,1.);
#2657=VECTOR('',#4492,1.);
#2658=VECTOR('',#4495,1.);
#2659=VECTOR('',#4508,1.);
#2660=VECTOR('',#4509,1.);
#2661=VECTOR('',#4512,1.);
#2662=VECTOR('',#4513,1.);
#2663=VECTOR('',#4516,1.);
#2664=VECTOR('',#4519,1.);
#2665=VECTOR('',#4522,1.);
#2666=VECTOR('',#4529,1.);
#2667=VECTOR('',#4532,1.);
#2668=VECTOR('',#4533,1.);
#2669=VECTOR('',#4536,1.);
#2670=VECTOR('',#4539,1.);
#2671=VECTOR('',#4542,1.);
#2672=VECTOR('',#4545,1.);
#2673=VECTOR('',#4546,1.);
#2674=VECTOR('',#4549,1.);
#2675=VECTOR('',#4552,1.);
#2676=VECTOR('',#4557,1.);
#2677=VECTOR('',#4560,1.);
#2678=VECTOR('',#4563,1.);
#2679=EDGE_LOOP('',(#150,#151,#152,#153,#154,#155,#156,#157,#158));
#2680=EDGE_LOOP('',(#159,#160,#161,#162,#163,#164,#165,#166,#167,#168,#169,
#170,#171,#172,#173,#174,#175,#176,#177,#178,#179,#180,#181,#182,#183,#184,
#185,#186,#187,#188,#189,#190,#191,#192,#193,#194,#195,#196));
#2681=EDGE_LOOP('',(#197));
#2682=EDGE_LOOP('',(#198,#199,#200,#201,#202,#203));
#2683=EDGE_LOOP('',(#204,#205,#206,#207));
#2684=EDGE_LOOP('',(#208,#209,#210,#211,#212,#213,#214));
#2685=EDGE_LOOP('',(#215,#216,#217,#218));
#2686=EDGE_LOOP('',(#219,#220,#221,#222,#223,#224,#225,#226,#227,#228));
#2687=EDGE_LOOP('',(#229,#230,#231,#232,#233,#234,#235,#236,#237,#238));
#2688=EDGE_LOOP('',(#239,#240,#241,#242,#243,#244,#245));
#2689=EDGE_LOOP('',(#246));
#2690=EDGE_LOOP('',(#247));
#2691=EDGE_LOOP('',(#248,#249,#250,#251,#252,#253,#254,#255));
#2692=EDGE_LOOP('',(#256,#257,#258,#259,#260,#261,#262,#263,#264,#265,#266,
#267,#268,#269,#270,#271,#272));
#2693=EDGE_LOOP('',(#273,#274,#275,#276,#277,#278));
#2694=EDGE_LOOP('',(#279,#280,#281,#282,#283,#284,#285,#286,#287,#288,#289,
#290));
#2695=EDGE_LOOP('',(#291));
#2696=EDGE_LOOP('',(#292));
#2697=EDGE_LOOP('',(#293,#294,#295,#296,#297,#298,#299,#300,#301,#302,#303,
#304,#305,#306,#307,#308));
#2698=EDGE_LOOP('',(#309,#310,#311,#312,#313,#314,#315,#316));
#2699=EDGE_LOOP('',(#317));
#2700=EDGE_LOOP('',(#318,#319,#320,#321,#322,#323,#324,#325,#326,#327,#328,
#329));
#2701=EDGE_LOOP('',(#330,#331,#332,#333,#334,#335));
#2702=EDGE_LOOP('',(#336));
#2703=EDGE_LOOP('',(#337,#338,#339,#340,#341,#342,#343,#344,#345,#346,#347,
#348,#349,#350,#351,#352,#353,#354,#355,#356,#357,#358,#359));
#2704=EDGE_LOOP('',(#360,#361,#362,#363));
#2705=EDGE_LOOP('',(#364,#365,#366,#367,#368));
#2706=EDGE_LOOP('',(#369));
#2707=EDGE_LOOP('',(#370,#371,#372,#373,#374,#375));
#2708=EDGE_LOOP('',(#376,#377,#378,#379,#380,#381));
#2709=EDGE_LOOP('',(#382,#383,#384,#385,#386,#387,#388,#389,#390,#391,#392,
#393,#394,#395,#396));
#2710=EDGE_LOOP('',(#397,#398,#399,#400,#401));
#2711=EDGE_LOOP('',(#402,#403,#404,#405));
#2712=EDGE_LOOP('',(#406,#407,#408,#409,#410));
#2713=EDGE_LOOP('',(#411,#412,#413,#414,#415,#416));
#2714=EDGE_LOOP('',(#417,#418,#419,#420));
#2715=EDGE_LOOP('',(#421,#422,#423,#424));
#2716=EDGE_LOOP('',(#425,#426,#427,#428));
#2717=EDGE_LOOP('',(#429,#430,#431,#432));
#2718=EDGE_LOOP('',(#433,#434,#435,#436));
#2719=EDGE_LOOP('',(#437,#438,#439,#440));
#2720=EDGE_LOOP('',(#441,#442,#443,#444));
#2721=EDGE_LOOP('',(#445,#446,#447,#448));
#2722=EDGE_LOOP('',(#449,#450,#451,#452));
#2723=EDGE_LOOP('',(#453,#454,#455,#456));
#2724=EDGE_LOOP('',(#457,#458,#459,#460));
#2725=EDGE_LOOP('',(#461,#462,#463,#464));
#2726=EDGE_LOOP('',(#465,#466,#467,#468));
#2727=EDGE_LOOP('',(#469,#470,#471,#472,#473));
#2728=EDGE_LOOP('',(#474,#475,#476,#477));
#2729=EDGE_LOOP('',(#478,#479,#480,#481));
#2730=EDGE_LOOP('',(#482,#483,#484,#485));
#2731=EDGE_LOOP('',(#486,#487,#488,#489));
#2732=EDGE_LOOP('',(#490,#491,#492,#493,#494,#495));
#2733=EDGE_LOOP('',(#496,#497,#498,#499));
#2734=EDGE_LOOP('',(#500,#501,#502,#503));
#2735=EDGE_LOOP('',(#504,#505,#506,#507));
#2736=EDGE_LOOP('',(#508,#509,#510,#511));
#2737=EDGE_LOOP('',(#512,#513,#514,#515,#516));
#2738=EDGE_LOOP('',(#517,#518,#519,#520));
#2739=EDGE_LOOP('',(#521,#522,#523,#524));
#2740=EDGE_LOOP('',(#525,#526,#527,#528));
#2741=EDGE_LOOP('',(#529,#530,#531,#532));
#2742=EDGE_LOOP('',(#533,#534,#535,#536));
#2743=EDGE_LOOP('',(#537,#538,#539,#540));
#2744=EDGE_LOOP('',(#541,#542,#543,#544));
#2745=EDGE_LOOP('',(#545,#546,#547,#548));
#2746=EDGE_LOOP('',(#549,#550,#551,#552,#553,#554,#555));
#2747=EDGE_LOOP('',(#556,#557,#558,#559,#560,#561,#562,#563,#564,#565));
#2748=EDGE_LOOP('',(#566,#567,#568,#569));
#2749=EDGE_LOOP('',(#570,#571,#572,#573));
#2750=EDGE_LOOP('',(#574,#575,#576,#577));
#2751=EDGE_LOOP('',(#578,#579,#580,#581));
#2752=EDGE_LOOP('',(#582,#583,#584,#585,#586,#587,#588,#589,#590,#591,#592));
#2753=EDGE_LOOP('',(#593,#594,#595,#596,#597));
#2754=EDGE_LOOP('',(#598,#599,#600,#601));
#2755=EDGE_LOOP('',(#602,#603,#604,#605));
#2756=EDGE_LOOP('',(#606,#607,#608,#609));
#2757=EDGE_LOOP('',(#610,#611,#612,#613,#614));
#2758=EDGE_LOOP('',(#615,#616,#617,#618));
#2759=EDGE_LOOP('',(#619,#620,#621,#622));
#2760=EDGE_LOOP('',(#623,#624,#625,#626,#627,#628));
#2761=EDGE_LOOP('',(#629,#630,#631,#632));
#2762=EDGE_LOOP('',(#633,#634,#635,#636));
#2763=EDGE_LOOP('',(#637,#638,#639,#640));
#2764=EDGE_LOOP('',(#641,#642,#643,#644,#645));
#2765=EDGE_LOOP('',(#646));
#2766=EDGE_LOOP('',(#647));
#2767=EDGE_LOOP('',(#648));
#2768=EDGE_LOOP('',(#649));
#2769=EDGE_LOOP('',(#650));
#2770=EDGE_LOOP('',(#651));
#2771=EDGE_LOOP('',(#652,#653,#654,#655));
#2772=EDGE_LOOP('',(#656,#657,#658,#659));
#2773=EDGE_LOOP('',(#660,#661,#662,#663));
#2774=EDGE_LOOP('',(#664,#665,#666,#667));
#2775=EDGE_LOOP('',(#668,#669,#670,#671));
#2776=EDGE_LOOP('',(#672));
#2777=EDGE_LOOP('',(#673));
#2778=EDGE_LOOP('',(#674,#675,#676,#677));
#2779=EDGE_LOOP('',(#678));
#2780=EDGE_LOOP('',(#679,#680,#681,#682,#683,#684));
#2781=EDGE_LOOP('',(#685,#686,#687,#688));
#2782=EDGE_LOOP('',(#689,#690,#691,#692));
#2783=EDGE_LOOP('',(#693,#694,#695,#696));
#2784=EDGE_LOOP('',(#697,#698,#699,#700));
#2785=EDGE_LOOP('',(#701,#702,#703,#704));
#2786=EDGE_LOOP('',(#705,#706,#707,#708));
#2787=EDGE_LOOP('',(#709,#710,#711,#712));
#2788=EDGE_LOOP('',(#713,#714,#715,#716));
#2789=EDGE_LOOP('',(#717,#718,#719,#720,#721,#722,#723,#724,#725,#726,#727,
#728));
#2790=EDGE_LOOP('',(#729));
#2791=EDGE_LOOP('',(#730));
#2792=EDGE_LOOP('',(#731));
#2793=EDGE_LOOP('',(#732));
#2794=EDGE_LOOP('',(#733));
#2795=EDGE_LOOP('',(#734));
#2796=EDGE_LOOP('',(#735));
#2797=EDGE_LOOP('',(#736,#737,#738,#739));
#2798=EDGE_LOOP('',(#740,#741,#742,#743));
#2799=EDGE_LOOP('',(#744,#745,#746,#747));
#2800=EDGE_LOOP('',(#748,#749,#750,#751));
#2801=EDGE_LOOP('',(#752,#753,#754,#755));
#2802=EDGE_LOOP('',(#756,#757,#758,#759));
#2803=EDGE_LOOP('',(#760,#761,#762,#763,#764,#765));
#2804=EDGE_LOOP('',(#766,#767,#768,#769));
#2805=EDGE_LOOP('',(#770,#771,#772,#773));
#2806=EDGE_LOOP('',(#774,#775,#776,#777));
#2807=EDGE_LOOP('',(#778,#779,#780,#781));
#2808=EDGE_LOOP('',(#782,#783,#784,#785));
#2809=EDGE_LOOP('',(#786,#787,#788,#789));
#2810=EDGE_LOOP('',(#790,#791,#792,#793));
#2811=EDGE_LOOP('',(#794,#795,#796,#797));
#2812=EDGE_LOOP('',(#798,#799,#800,#801));
#2813=EDGE_LOOP('',(#802,#803,#804,#805));
#2814=EDGE_LOOP('',(#806,#807,#808,#809));
#2815=EDGE_LOOP('',(#810,#811,#812,#813));
#2816=EDGE_LOOP('',(#814,#815,#816,#817));
#2817=EDGE_LOOP('',(#818,#819,#820,#821));
#2818=EDGE_LOOP('',(#822,#823,#824,#825));
#2819=EDGE_LOOP('',(#826,#827,#828,#829));
#2820=EDGE_LOOP('',(#830,#831,#832,#833));
#2821=EDGE_LOOP('',(#834,#835,#836,#837));
#2822=EDGE_LOOP('',(#838,#839,#840,#841));
#2823=EDGE_LOOP('',(#842,#843,#844,#845));
#2824=EDGE_LOOP('',(#846,#847,#848,#849));
#2825=EDGE_LOOP('',(#850,#851,#852,#853));
#2826=EDGE_LOOP('',(#854,#855,#856,#857));
#2827=EDGE_LOOP('',(#858,#859,#860,#861));
#2828=EDGE_LOOP('',(#862,#863,#864,#865));
#2829=EDGE_LOOP('',(#866,#867,#868,#869));
#2830=EDGE_LOOP('',(#870,#871,#872,#873));
#2831=EDGE_LOOP('',(#874,#875,#876,#877));
#2832=EDGE_LOOP('',(#878,#879,#880,#881));
#2833=EDGE_LOOP('',(#882,#883,#884,#885));
#2834=EDGE_LOOP('',(#886,#887,#888,#889));
#2835=EDGE_LOOP('',(#890,#891,#892,#893));
#2836=EDGE_LOOP('',(#894,#895,#896,#897));
#2837=EDGE_LOOP('',(#898,#899,#900,#901));
#2838=EDGE_LOOP('',(#902,#903,#904,#905));
#2839=EDGE_LOOP('',(#906,#907,#908,#909));
#2840=EDGE_LOOP('',(#910,#911,#912,#913));
#2841=EDGE_LOOP('',(#914,#915,#916,#917));
#2842=EDGE_LOOP('',(#918,#919,#920,#921,#922,#923,#924,#925,#926,#927,#928,
#929,#930,#931,#932,#933,#934,#935,#936,#937,#938,#939,#940,#941,#942,#943,
#944,#945,#946,#947,#948,#949,#950,#951,#952,#953,#954,#955));
#2843=EDGE_LOOP('',(#956,#957,#958,#959));
#2844=EDGE_LOOP('',(#960,#961,#962,#963));
#2845=EDGE_LOOP('',(#964,#965,#966,#967));
#2846=EDGE_LOOP('',(#968,#969,#970,#971));
#2847=EDGE_LOOP('',(#972,#973,#974,#975));
#2848=EDGE_LOOP('',(#976,#977,#978,#979));
#2849=EDGE_LOOP('',(#980,#981,#982,#983));
#2850=EDGE_LOOP('',(#984,#985,#986,#987));
#2851=EDGE_LOOP('',(#988,#989,#990,#991));
#2852=EDGE_LOOP('',(#992,#993,#994,#995,#996,#997,#998,#999,#1000));
#2853=EDGE_LOOP('',(#1001,#1002,#1003,#1004));
#2854=EDGE_LOOP('',(#1005,#1006,#1007,#1008));
#2855=EDGE_LOOP('',(#1009,#1010,#1011,#1012));
#2856=EDGE_LOOP('',(#1013,#1014,#1015,#1016));
#2857=EDGE_LOOP('',(#1017,#1018,#1019,#1020,#1021,#1022));
#2858=EDGE_LOOP('',(#1023,#1024,#1025,#1026,#1027));
#2859=EDGE_LOOP('',(#1028,#1029,#1030,#1031,#1032));
#2860=EDGE_LOOP('',(#1033,#1034,#1035,#1036));
#2861=EDGE_LOOP('',(#1037,#1038,#1039,#1040,#1041));
#2862=EDGE_LOOP('',(#1042,#1043,#1044,#1045,#1046));
#2863=EDGE_LOOP('',(#1047,#1048,#1049,#1050,#1051));
#2864=EDGE_LOOP('',(#1052,#1053,#1054,#1055));
#2865=EDGE_LOOP('',(#1056,#1057,#1058,#1059));
#2866=EDGE_LOOP('',(#1060,#1061,#1062,#1063));
#2867=EDGE_LOOP('',(#1064,#1065,#1066,#1067));
#2868=EDGE_LOOP('',(#1068,#1069,#1070,#1071));
#2869=EDGE_LOOP('',(#1072,#1073,#1074,#1075,#1076));
#2870=EDGE_LOOP('',(#1077,#1078,#1079,#1080,#1081));
#2871=EDGE_LOOP('',(#1082,#1083,#1084));
#2872=EDGE_LOOP('',(#1085,#1086,#1087,#1088,#1089,#1090,#1091));
#2873=EDGE_LOOP('',(#1092,#1093,#1094,#1095));
#2874=EDGE_LOOP('',(#1096,#1097,#1098,#1099));
#2875=EDGE_LOOP('',(#1100,#1101,#1102,#1103));
#2876=EDGE_LOOP('',(#1104,#1105,#1106,#1107));
#2877=EDGE_LOOP('',(#1108,#1109,#1110,#1111));
#2878=FACE_BOUND('',#2679,.T.);
#2879=FACE_BOUND('',#2680,.T.);
#2880=FACE_BOUND('',#2681,.T.);
#2881=FACE_BOUND('',#2682,.T.);
#2882=FACE_BOUND('',#2683,.T.);
#2883=FACE_BOUND('',#2684,.T.);
#2884=FACE_BOUND('',#2685,.T.);
#2885=FACE_BOUND('',#2686,.T.);
#2886=FACE_BOUND('',#2687,.T.);
#2887=FACE_BOUND('',#2688,.T.);
#2888=FACE_BOUND('',#2689,.T.);
#2889=FACE_BOUND('',#2690,.T.);
#2890=FACE_BOUND('',#2691,.T.);
#2891=FACE_BOUND('',#2692,.T.);
#2892=FACE_BOUND('',#2693,.T.);
#2893=FACE_BOUND('',#2694,.T.);
#2894=FACE_BOUND('',#2695,.T.);
#2895=FACE_BOUND('',#2696,.T.);
#2896=FACE_BOUND('',#2697,.T.);
#2897=FACE_BOUND('',#2698,.T.);
#2898=FACE_BOUND('',#2699,.T.);
#2899=FACE_BOUND('',#2700,.T.);
#2900=FACE_BOUND('',#2701,.T.);
#2901=FACE_BOUND('',#2702,.T.);
#2902=FACE_BOUND('',#2703,.T.);
#2903=FACE_BOUND('',#2704,.T.);
#2904=FACE_BOUND('',#2705,.T.);
#2905=FACE_BOUND('',#2706,.T.);
#2906=FACE_BOUND('',#2707,.T.);
#2907=FACE_BOUND('',#2708,.T.);
#2908=FACE_BOUND('',#2709,.T.);
#2909=FACE_BOUND('',#2710,.T.);
#2910=FACE_BOUND('',#2711,.T.);
#2911=FACE_BOUND('',#2712,.T.);
#2912=FACE_BOUND('',#2713,.T.);
#2913=FACE_BOUND('',#2714,.T.);
#2914=FACE_BOUND('',#2715,.T.);
#2915=FACE_BOUND('',#2716,.T.);
#2916=FACE_BOUND('',#2717,.T.);
#2917=FACE_BOUND('',#2718,.T.);
#2918=FACE_BOUND('',#2719,.T.);
#2919=FACE_BOUND('',#2720,.T.);
#2920=FACE_BOUND('',#2721,.T.);
#2921=FACE_BOUND('',#2722,.T.);
#2922=FACE_BOUND('',#2723,.T.);
#2923=FACE_BOUND('',#2724,.T.);
#2924=FACE_BOUND('',#2725,.T.);
#2925=FACE_BOUND('',#2726,.T.);
#2926=FACE_BOUND('',#2727,.T.);
#2927=FACE_BOUND('',#2728,.T.);
#2928=FACE_BOUND('',#2729,.T.);
#2929=FACE_BOUND('',#2730,.T.);
#2930=FACE_BOUND('',#2731,.T.);
#2931=FACE_BOUND('',#2732,.T.);
#2932=FACE_BOUND('',#2733,.T.);
#2933=FACE_BOUND('',#2734,.T.);
#2934=FACE_BOUND('',#2735,.T.);
#2935=FACE_BOUND('',#2736,.T.);
#2936=FACE_BOUND('',#2737,.T.);
#2937=FACE_BOUND('',#2738,.T.);
#2938=FACE_BOUND('',#2739,.T.);
#2939=FACE_BOUND('',#2740,.T.);
#2940=FACE_BOUND('',#2741,.T.);
#2941=FACE_BOUND('',#2742,.T.);
#2942=FACE_BOUND('',#2743,.T.);
#2943=FACE_BOUND('',#2744,.T.);
#2944=FACE_BOUND('',#2745,.T.);
#2945=FACE_BOUND('',#2746,.T.);
#2946=FACE_BOUND('',#2747,.T.);
#2947=FACE_BOUND('',#2748,.T.);
#2948=FACE_BOUND('',#2749,.T.);
#2949=FACE_BOUND('',#2750,.T.);
#2950=FACE_BOUND('',#2751,.T.);
#2951=FACE_BOUND('',#2752,.T.);
#2952=FACE_BOUND('',#2753,.T.);
#2953=FACE_BOUND('',#2754,.T.);
#2954=FACE_BOUND('',#2755,.T.);
#2955=FACE_BOUND('',#2756,.T.);
#2956=FACE_BOUND('',#2757,.T.);
#2957=FACE_BOUND('',#2758,.T.);
#2958=FACE_BOUND('',#2759,.T.);
#2959=FACE_BOUND('',#2760,.T.);
#2960=FACE_BOUND('',#2761,.T.);
#2961=FACE_BOUND('',#2762,.T.);
#2962=FACE_BOUND('',#2763,.T.);
#2963=FACE_BOUND('',#2764,.T.);
#2964=FACE_BOUND('',#2765,.T.);
#2965=FACE_BOUND('',#2766,.T.);
#2966=FACE_BOUND('',#2767,.T.);
#2967=FACE_BOUND('',#2768,.T.);
#2968=FACE_BOUND('',#2769,.T.);
#2969=FACE_BOUND('',#2770,.T.);
#2970=FACE_BOUND('',#2771,.T.);
#2971=FACE_BOUND('',#2772,.T.);
#2972=FACE_BOUND('',#2773,.T.);
#2973=FACE_BOUND('',#2774,.T.);
#2974=FACE_BOUND('',#2775,.T.);
#2975=FACE_BOUND('',#2776,.T.);
#2976=FACE_BOUND('',#2777,.T.);
#2977=FACE_BOUND('',#2778,.T.);
#2978=FACE_BOUND('',#2779,.T.);
#2979=FACE_BOUND('',#2780,.T.);
#2980=FACE_BOUND('',#2781,.T.);
#2981=FACE_BOUND('',#2782,.T.);
#2982=FACE_BOUND('',#2783,.T.);
#2983=FACE_BOUND('',#2784,.T.);
#2984=FACE_BOUND('',#2785,.T.);
#2985=FACE_BOUND('',#2786,.T.);
#2986=FACE_BOUND('',#2787,.T.);
#2987=FACE_BOUND('',#2788,.T.);
#2988=FACE_BOUND('',#2789,.T.);
#2989=FACE_BOUND('',#2790,.T.);
#2990=FACE_BOUND('',#2791,.T.);
#2991=FACE_BOUND('',#2792,.T.);
#2992=FACE_BOUND('',#2793,.T.);
#2993=FACE_BOUND('',#2794,.T.);
#2994=FACE_BOUND('',#2795,.T.);
#2995=FACE_BOUND('',#2796,.T.);
#2996=FACE_BOUND('',#2797,.T.);
#2997=FACE_BOUND('',#2798,.T.);
#2998=FACE_BOUND('',#2799,.T.);
#2999=FACE_BOUND('',#2800,.T.);
#3000=FACE_BOUND('',#2801,.T.);
#3001=FACE_BOUND('',#2802,.T.);
#3002=FACE_BOUND('',#2803,.T.);
#3003=FACE_BOUND('',#2804,.T.);
#3004=FACE_BOUND('',#2805,.T.);
#3005=FACE_BOUND('',#2806,.T.);
#3006=FACE_BOUND('',#2807,.T.);
#3007=FACE_BOUND('',#2808,.T.);
#3008=FACE_BOUND('',#2809,.T.);
#3009=FACE_BOUND('',#2810,.T.);
#3010=FACE_BOUND('',#2811,.T.);
#3011=FACE_BOUND('',#2812,.T.);
#3012=FACE_BOUND('',#2813,.T.);
#3013=FACE_BOUND('',#2814,.T.);
#3014=FACE_BOUND('',#2815,.T.);
#3015=FACE_BOUND('',#2816,.T.);
#3016=FACE_BOUND('',#2817,.T.);
#3017=FACE_BOUND('',#2818,.T.);
#3018=FACE_BOUND('',#2819,.T.);
#3019=FACE_BOUND('',#2820,.T.);
#3020=FACE_BOUND('',#2821,.T.);
#3021=FACE_BOUND('',#2822,.T.);
#3022=FACE_BOUND('',#2823,.T.);
#3023=FACE_BOUND('',#2824,.T.);
#3024=FACE_BOUND('',#2825,.T.);
#3025=FACE_BOUND('',#2826,.T.);
#3026=FACE_BOUND('',#2827,.T.);
#3027=FACE_BOUND('',#2828,.T.);
#3028=FACE_BOUND('',#2829,.T.);
#3029=FACE_BOUND('',#2830,.T.);
#3030=FACE_BOUND('',#2831,.T.);
#3031=FACE_BOUND('',#2832,.T.);
#3032=FACE_BOUND('',#2833,.T.);
#3033=FACE_BOUND('',#2834,.T.);
#3034=FACE_BOUND('',#2835,.T.);
#3035=FACE_BOUND('',#2836,.T.);
#3036=FACE_BOUND('',#2837,.T.);
#3037=FACE_BOUND('',#2838,.T.);
#3038=FACE_BOUND('',#2839,.T.);
#3039=FACE_BOUND('',#2840,.T.);
#3040=FACE_BOUND('',#2841,.T.);
#3041=FACE_BOUND('',#2842,.T.);
#3042=FACE_BOUND('',#2843,.T.);
#3043=FACE_BOUND('',#2844,.T.);
#3044=FACE_BOUND('',#2845,.T.);
#3045=FACE_BOUND('',#2846,.T.);
#3046=FACE_BOUND('',#2847,.T.);
#3047=FACE_BOUND('',#2848,.T.);
#3048=FACE_BOUND('',#2849,.T.);
#3049=FACE_BOUND('',#2850,.T.);
#3050=FACE_BOUND('',#2851,.T.);
#3051=FACE_BOUND('',#2852,.T.);
#3052=FACE_BOUND('',#2853,.T.);
#3053=FACE_BOUND('',#2854,.T.);
#3054=FACE_BOUND('',#2855,.T.);
#3055=FACE_BOUND('',#2856,.T.);
#3056=FACE_BOUND('',#2857,.T.);
#3057=FACE_BOUND('',#2858,.T.);
#3058=FACE_BOUND('',#2859,.T.);
#3059=FACE_BOUND('',#2860,.T.);
#3060=FACE_BOUND('',#2861,.T.);
#3061=FACE_BOUND('',#2862,.T.);
#3062=FACE_BOUND('',#2863,.T.);
#3063=FACE_BOUND('',#2864,.T.);
#3064=FACE_BOUND('',#2865,.T.);
#3065=FACE_BOUND('',#2866,.T.);
#3066=FACE_BOUND('',#2867,.T.);
#3067=FACE_BOUND('',#2868,.T.);
#3068=FACE_BOUND('',#2869,.T.);
#3069=FACE_BOUND('',#2870,.T.);
#3070=FACE_BOUND('',#2871,.T.);
#3071=FACE_BOUND('',#2872,.T.);
#3072=FACE_BOUND('',#2873,.T.);
#3073=FACE_BOUND('',#2874,.T.);
#3074=FACE_BOUND('',#2875,.T.);
#3075=FACE_BOUND('',#2876,.T.);
#3076=FACE_BOUND('',#2877,.T.);
#3077=PLANE('',#3399);
#3078=PLANE('',#3402);
#3079=PLANE('',#3403);
#3080=PLANE('',#3404);
#3081=PLANE('',#3405);
#3082=PLANE('',#3410);
#3083=PLANE('',#3411);
#3084=PLANE('',#3412);
#3085=PLANE('',#3427);
#3086=PLANE('',#3428);
#3087=PLANE('',#3429);
#3088=PLANE('',#3443);
#3089=PLANE('',#3462);
#3090=PLANE('',#3463);
#3091=PLANE('',#3464);
#3092=PLANE('',#3475);
#3093=PLANE('',#3478);
#3094=PLANE('',#3485);
#3095=PLANE('',#3486);
#3096=PLANE('',#3488);
#3097=PLANE('',#3489);
#3098=PLANE('',#3490);
#3099=PLANE('',#3493);
#3100=PLANE('',#3494);
#3101=PLANE('',#3495);
#3102=PLANE('',#3496);
#3103=PLANE('',#3497);
#3104=PLANE('',#3498);
#3105=PLANE('',#3500);
#3106=PLANE('',#3502);
#3107=PLANE('',#3503);
#3108=PLANE('',#3506);
#3109=PLANE('',#3507);
#3110=PLANE('',#3508);
#3111=PLANE('',#3513);
#3112=PLANE('',#3514);
#3113=PLANE('',#3521);
#3114=PLANE('',#3523);
#3115=PLANE('',#3531);
#3116=PLANE('',#3532);
#3117=PLANE('',#3533);
#3118=PLANE('',#3534);
#3119=PLANE('',#3535);
#3120=PLANE('',#3536);
#3121=PLANE('',#3537);
#3122=PLANE('',#3539);
#3123=PLANE('',#3540);
#3124=PLANE('',#3544);
#3125=PLANE('',#3547);
#3126=PLANE('',#3550);
#3127=PLANE('',#3555);
#3128=PLANE('',#3556);
#3129=PLANE('',#3559);
#3130=PLANE('',#3560);
#3131=PLANE('',#3561);
#3132=PLANE('',#3564);
#3133=PLANE('',#3565);
#3134=PLANE('',#3566);
#3135=PLANE('',#3576);
#3136=PLANE('',#3577);
#3137=PLANE('',#3578);
#3138=PLANE('',#3579);
#3139=PLANE('',#3580);
#3140=PLANE('',#3581);
#3141=PLANE('',#3582);
#3142=PLANE('',#3583);
#3143=PLANE('',#3584);
#3144=PLANE('',#3585);
#3145=PLANE('',#3586);
#3146=PLANE('',#3587);
#3147=PLANE('',#3588);
#3148=PLANE('',#3589);
#3149=PLANE('',#3590);
#3150=PLANE('',#3591);
#3151=PLANE('',#3592);
#3152=PLANE('',#3593);
#3153=PLANE('',#3594);
#3154=PLANE('',#3595);
#3155=PLANE('',#3596);
#3156=PLANE('',#3597);
#3157=PLANE('',#3598);
#3158=PLANE('',#3599);
#3159=PLANE('',#3600);
#3160=PLANE('',#3601);
#3161=PLANE('',#3602);
#3162=PLANE('',#3603);
#3163=PLANE('',#3604);
#3164=PLANE('',#3605);
#3165=PLANE('',#3606);
#3166=PLANE('',#3607);
#3167=PLANE('',#3608);
#3168=PLANE('',#3609);
#3169=PLANE('',#3610);
#3170=PLANE('',#3611);
#3171=PLANE('',#3612);
#3172=PLANE('',#3613);
#3173=PLANE('',#3614);
#3174=PLANE('',#3615);
#3175=PLANE('',#3616);
#3176=PLANE('',#3617);
#3177=PLANE('',#3618);
#3178=PLANE('',#3621);
#3179=PLANE('',#3622);
#3180=PLANE('',#3623);
#3181=PLANE('',#3624);
#3182=PLANE('',#3625);
#3183=PLANE('',#3626);
#3184=PLANE('',#3627);
#3185=PLANE('',#3628);
#3186=PLANE('',#3629);
#3187=PLANE('',#3630);
#3188=PLANE('',#3631);
#3189=PLANE('',#3632);
#3190=PLANE('',#3633);
#3191=PLANE('',#3634);
#3192=PLANE('',#3639);
#3193=PLANE('',#3640);
#3194=PLANE('',#3641);
#3195=PLANE('',#3642);
#3196=PLANE('',#3643);
#3197=PLANE('',#3644);
#3198=PLANE('',#3645);
#3199=PLANE('',#3646);
#3200=PLANE('',#3647);
#3201=PLANE('',#3648);
#3202=PLANE('',#3649);
#3203=PLANE('',#3650);
#3204=PLANE('',#3651);
#3205=PLANE('',#3652);
#3206=PLANE('',#3653);
#3207=PLANE('',#3654);
#3208=PLANE('',#3655);
#3209=PLANE('',#3657);
#3210=PLANE('',#3659);
#3211=ADVANCED_FACE('',(#2878,#2879,#2880,#2881),#3077,.T.);
#3212=ADVANCED_FACE('',(#2882),#3078,.F.);
#3213=ADVANCED_FACE('',(#2883),#3079,.T.);
#3214=ADVANCED_FACE('',(#2884),#3080,.F.);
#3215=ADVANCED_FACE('',(#2885),#3081,.F.);
#3216=ADVANCED_FACE('',(#2886),#3082,.T.);
#3217=ADVANCED_FACE('',(#2887),#3083,.T.);
#3218=ADVANCED_FACE('',(#2888,#2889,#2890,#2891),#3084,.F.);
#3219=ADVANCED_FACE('',(#2892),#3085,.F.);
#3220=ADVANCED_FACE('',(#2893),#3086,.F.);
#3221=ADVANCED_FACE('',(#2894,#2895,#2896,#2897),#3087,.T.);
#3222=ADVANCED_FACE('',(#2898,#2899,#2900,#2901,#2902),#3088,.T.);
#3223=ADVANCED_FACE('',(#2903),#3089,.T.);
#3224=ADVANCED_FACE('',(#2904),#3090,.F.);
#3225=ADVANCED_FACE('',(#2905,#2906,#2907,#2908),#3091,.F.);
#3226=ADVANCED_FACE('',(#2909),#44,.F.);
#3227=ADVANCED_FACE('',(#2910),#3092,.T.);
#3228=ADVANCED_FACE('',(#2911),#45,.F.);
#3229=ADVANCED_FACE('',(#2912),#46,.F.);
#3230=ADVANCED_FACE('',(#2913),#3093,.T.);
#3231=ADVANCED_FACE('',(#2914),#47,.F.);
#3232=ADVANCED_FACE('',(#2915),#48,.F.);
#3233=ADVANCED_FACE('',(#2916),#49,.F.);
#3234=ADVANCED_FACE('',(#2917),#50,.F.);
#3235=ADVANCED_FACE('',(#2918),#51,.F.);
#3236=ADVANCED_FACE('',(#2919),#52,.F.);
#3237=ADVANCED_FACE('',(#2920),#3094,.F.);
#3238=ADVANCED_FACE('',(#2921),#3095,.T.);
#3239=ADVANCED_FACE('',(#2922),#53,.F.);
#3240=ADVANCED_FACE('',(#2923),#3096,.T.);
#3241=ADVANCED_FACE('',(#2924),#3097,.T.);
#3242=ADVANCED_FACE('',(#2925),#3098,.F.);
#3243=ADVANCED_FACE('',(#2926),#54,.F.);
#3244=ADVANCED_FACE('',(#2927),#3099,.T.);
#3245=ADVANCED_FACE('',(#2928),#3100,.T.);
#3246=ADVANCED_FACE('',(#2929),#3101,.T.);
#3247=ADVANCED_FACE('',(#2930),#3102,.T.);
#3248=ADVANCED_FACE('',(#2931),#3103,.T.);
#3249=ADVANCED_FACE('',(#2932),#3104,.F.);
#3250=ADVANCED_FACE('',(#2933),#16,.F.);
#3251=ADVANCED_FACE('',(#2934),#3105,.F.);
#3252=ADVANCED_FACE('',(#2935),#17,.F.);
#3253=ADVANCED_FACE('',(#2936),#3106,.F.);
#3254=ADVANCED_FACE('',(#2937),#3107,.F.);
#3255=ADVANCED_FACE('',(#2938),#18,.F.);
#3256=ADVANCED_FACE('',(#2939),#19,.T.);
#3257=ADVANCED_FACE('',(#2940),#3108,.F.);
#3258=ADVANCED_FACE('',(#2941),#3109,.T.);
#3259=ADVANCED_FACE('',(#2942),#3110,.T.);
#3260=ADVANCED_FACE('',(#2943),#20,.F.);
#3261=ADVANCED_FACE('',(#2944),#21,.T.);
#3262=ADVANCED_FACE('',(#2945),#3111,.F.);
#3263=ADVANCED_FACE('',(#2946),#3112,.F.);
#3264=ADVANCED_FACE('',(#2947),#22,.F.);
#3265=ADVANCED_FACE('',(#2948),#3113,.F.);
#3266=ADVANCED_FACE('',(#2949),#23,.F.);
#3267=ADVANCED_FACE('',(#2950),#3114,.T.);
#3268=ADVANCED_FACE('',(#2951),#24,.T.);
#3269=ADVANCED_FACE('',(#2952),#25,.T.);
#3270=ADVANCED_FACE('',(#2953),#26,.T.);
#3271=ADVANCED_FACE('',(#2954),#3115,.F.);
#3272=ADVANCED_FACE('',(#2955),#3116,.T.);
#3273=ADVANCED_FACE('',(#2956),#3117,.F.);
#3274=ADVANCED_FACE('',(#2957),#3118,.F.);
#3275=ADVANCED_FACE('',(#2958),#3119,.F.);
#3276=ADVANCED_FACE('',(#2959),#3120,.F.);
#3277=ADVANCED_FACE('',(#2960),#3121,.T.);
#3278=ADVANCED_FACE('',(#2961),#27,.T.);
#3279=ADVANCED_FACE('',(#2962),#3122,.F.);
#3280=ADVANCED_FACE('',(#2963),#3123,.F.);
#3281=ADVANCED_FACE('',(#2964,#2965),#28,.F.);
#3282=ADVANCED_FACE('',(#2966,#2967),#29,.F.);
#3283=ADVANCED_FACE('',(#2968,#2969),#30,.F.);
#3284=ADVANCED_FACE('',(#2970),#3124,.F.);
#3285=ADVANCED_FACE('',(#2971),#31,.T.);
#3286=ADVANCED_FACE('',(#2972),#3125,.F.);
#3287=ADVANCED_FACE('',(#2973),#32,.T.);
#3288=ADVANCED_FACE('',(#2974),#3126,.T.);
#3289=ADVANCED_FACE('',(#2975,#2976),#33,.F.);
#3290=ADVANCED_FACE('',(#2977),#34,.T.);
#3291=ADVANCED_FACE('',(#2978,#2979),#3127,.T.);
#3292=ADVANCED_FACE('',(#2980),#3128,.T.);
#3293=ADVANCED_FACE('',(#2981),#35,.F.);
#3294=ADVANCED_FACE('',(#2982),#3129,.F.);
#3295=ADVANCED_FACE('',(#2983),#3130,.F.);
#3296=ADVANCED_FACE('',(#2984),#3131,.F.);
#3297=ADVANCED_FACE('',(#2985),#36,.F.);
#3298=ADVANCED_FACE('',(#2986),#3132,.T.);
#3299=ADVANCED_FACE('',(#2987),#3133,.T.);
#3300=ADVANCED_FACE('',(#2988),#3134,.T.);
#3301=ADVANCED_FACE('',(#2989,#2990),#37,.F.);
#3302=ADVANCED_FACE('',(#2991,#2992),#38,.T.);
#3303=ADVANCED_FACE('',(#2993,#2994),#3135,.T.);
#3304=ADVANCED_FACE('',(#2995),#3136,.T.);
#3305=ADVANCED_FACE('',(#2996),#3137,.F.);
#3306=ADVANCED_FACE('',(#2997),#3138,.F.);
#3307=ADVANCED_FACE('',(#2998),#3139,.F.);
#3308=ADVANCED_FACE('',(#2999),#3140,.F.);
#3309=ADVANCED_FACE('',(#3000),#3141,.F.);
#3310=ADVANCED_FACE('',(#3001),#3142,.F.);
#3311=ADVANCED_FACE('',(#3002),#3143,.T.);
#3312=ADVANCED_FACE('',(#3003),#3144,.T.);
#3313=ADVANCED_FACE('',(#3004),#3145,.T.);
#3314=ADVANCED_FACE('',(#3005),#3146,.T.);
#3315=ADVANCED_FACE('',(#3006),#3147,.T.);
#3316=ADVANCED_FACE('',(#3007),#3148,.T.);
#3317=ADVANCED_FACE('',(#3008),#3149,.T.);
#3318=ADVANCED_FACE('',(#3009),#3150,.T.);
#3319=ADVANCED_FACE('',(#3010),#3151,.T.);
#3320=ADVANCED_FACE('',(#3011),#3152,.T.);
#3321=ADVANCED_FACE('',(#3012),#3153,.T.);
#3322=ADVANCED_FACE('',(#3013),#3154,.T.);
#3323=ADVANCED_FACE('',(#3014),#3155,.T.);
#3324=ADVANCED_FACE('',(#3015),#3156,.T.);
#3325=ADVANCED_FACE('',(#3016),#3157,.T.);
#3326=ADVANCED_FACE('',(#3017),#3158,.T.);
#3327=ADVANCED_FACE('',(#3018),#3159,.T.);
#3328=ADVANCED_FACE('',(#3019),#3160,.T.);
#3329=ADVANCED_FACE('',(#3020),#3161,.T.);
#3330=ADVANCED_FACE('',(#3021),#3162,.T.);
#3331=ADVANCED_FACE('',(#3022),#3163,.T.);
#3332=ADVANCED_FACE('',(#3023),#3164,.T.);
#3333=ADVANCED_FACE('',(#3024),#3165,.T.);
#3334=ADVANCED_FACE('',(#3025),#3166,.T.);
#3335=ADVANCED_FACE('',(#3026),#3167,.T.);
#3336=ADVANCED_FACE('',(#3027),#3168,.T.);
#3337=ADVANCED_FACE('',(#3028),#3169,.T.);
#3338=ADVANCED_FACE('',(#3029),#3170,.T.);
#3339=ADVANCED_FACE('',(#3030),#3171,.T.);
#3340=ADVANCED_FACE('',(#3031),#3172,.T.);
#3341=ADVANCED_FACE('',(#3032),#3173,.T.);
#3342=ADVANCED_FACE('',(#3033),#3174,.T.);
#3343=ADVANCED_FACE('',(#3034),#3175,.T.);
#3344=ADVANCED_FACE('',(#3035),#3176,.T.);
#3345=ADVANCED_FACE('',(#3036),#3177,.T.);
#3346=ADVANCED_FACE('',(#3037),#39,.F.);
#3347=ADVANCED_FACE('',(#3038),#3178,.T.);
#3348=ADVANCED_FACE('',(#3039),#3179,.T.);
#3349=ADVANCED_FACE('',(#3040),#3180,.T.);
#3350=ADVANCED_FACE('',(#3041),#3181,.T.);
#3351=ADVANCED_FACE('',(#3042),#3182,.T.);
#3352=ADVANCED_FACE('',(#3043),#3183,.T.);
#3353=ADVANCED_FACE('',(#3044),#3184,.T.);
#3354=ADVANCED_FACE('',(#3045),#3185,.T.);
#3355=ADVANCED_FACE('',(#3046),#3186,.T.);
#3356=ADVANCED_FACE('',(#3047),#3187,.T.);
#3357=ADVANCED_FACE('',(#3048),#3188,.T.);
#3358=ADVANCED_FACE('',(#3049),#3189,.T.);
#3359=ADVANCED_FACE('',(#3050),#3190,.T.);
#3360=ADVANCED_FACE('',(#3051),#3191,.T.);
#3361=ADVANCED_FACE('',(#3052),#40,.F.);
#3362=ADVANCED_FACE('',(#3053),#41,.T.);
#3363=ADVANCED_FACE('',(#3054),#42,.F.);
#3364=ADVANCED_FACE('',(#3055),#43,.T.);
#3365=ADVANCED_FACE('',(#3056),#3192,.F.);
#3366=ADVANCED_FACE('',(#3057),#3193,.T.);
#3367=ADVANCED_FACE('',(#3058),#3194,.F.);
#3368=ADVANCED_FACE('',(#3059),#3195,.T.);
#3369=ADVANCED_FACE('',(#3060),#3196,.F.);
#3370=ADVANCED_FACE('',(#3061),#3197,.F.);
#3371=ADVANCED_FACE('',(#3062),#3198,.T.);
#3372=ADVANCED_FACE('',(#3063),#3199,.T.);
#3373=ADVANCED_FACE('',(#3064),#3200,.T.);
#3374=ADVANCED_FACE('',(#3065),#3201,.T.);
#3375=ADVANCED_FACE('',(#3066),#3202,.T.);
#3376=ADVANCED_FACE('',(#3067),#3203,.F.);
#3377=ADVANCED_FACE('',(#3068),#3204,.F.);
#3378=ADVANCED_FACE('',(#3069),#3205,.T.);
#3379=ADVANCED_FACE('',(#3070),#3206,.T.);
#3380=ADVANCED_FACE('',(#3071),#3207,.T.);
#3381=ADVANCED_FACE('',(#3072),#3208,.F.);
#3382=ADVANCED_FACE('',(#3073),#55,.T.);
#3383=ADVANCED_FACE('',(#3074),#3209,.F.);
#3384=ADVANCED_FACE('',(#3075),#56,.F.);
#3385=ADVANCED_FACE('',(#3076),#3210,.T.);
#3386=CLOSED_SHELL('',(#3211,#3212,#3213,#3214,#3215,#3216,#3217,#3218,
#3219,#3220,#3221,#3222,#3223,#3224,#3225,#3226,#3227,#3228,#3229,#3230,
#3231,#3232,#3233,#3234,#3235,#3236,#3237,#3238,#3239,#3240,#3241,#3242,
#3243,#3244,#3245,#3246,#3247,#3248,#3249,#3250,#3251,#3252,#3253,#3254,
#3255,#3256,#3257,#3258,#3259,#3260,#3261,#3262,#3263,#3264,#3265,#3266,
#3267,#3268,#3269,#3270,#3271,#3272,#3273,#3274,#3275,#3276,#3277,#3278,
#3279,#3280,#3281,#3282,#3283,#3284,#3285,#3286,#3287,#3288,#3289,#3290,
#3291,#3292,#3293,#3294,#3295,#3296,#3297,#3298,#3299,#3300,#3301,#3302,
#3303,#3304,#3305,#3306,#3307,#3308,#3309,#3310,#3311,#3312,#3313,#3314,
#3315,#3316,#3317,#3318,#3319,#3320,#3321,#3322,#3323,#3324,#3325,#3326,
#3327,#3328,#3329,#3330,#3331,#3332,#3333,#3334,#3335,#3336,#3337,#3338,
#3339,#3340,#3341,#3342,#3343,#3344,#3345,#3346,#3347,#3348,#3349,#3350,
#3351,#3352,#3353,#3354,#3355,#3356,#3357,#3358,#3359,#3360,#3361,#3362,
#3363,#3364,#3365,#3366,#3367,#3368,#3369,#3370,#3371,#3372,#3373,#3374,
#3375,#3376,#3377,#3378,#3379,#3380,#3381,#3382,#3383,#3384,#3385));
#3387=STYLED_ITEM('',(#3388),#3395);
#3388=PRESENTATION_STYLE_ASSIGNMENT((#3389));
#3389=SURFACE_STYLE_USAGE(.BOTH.,#3390);
#3390=SURFACE_SIDE_STYLE('',(#3391));
#3391=SURFACE_STYLE_FILL_AREA(#3392);
#3392=FILL_AREA_STYLE('',(#3393));
#3393=FILL_AREA_STYLE_COLOUR('',#3394);
#3394=COLOUR_RGB('',0.901960784313726,0.901960784313726,0.901960784313726);
#3395=MANIFOLD_SOLID_BREP('Part 1',#3386);
#3396=SHAPE_DEFINITION_REPRESENTATION(#5582,#3397);
#3397=SHAPE_REPRESENTATION('Part 1',(#3398),#5577);
#3398=AXIS2_PLACEMENT_3D('',#4568,#3660,#3661);
#3399=AXIS2_PLACEMENT_3D('',#4569,#3662,#3663);
#3400=AXIS2_PLACEMENT_3D('',#4597,#3677,#3678);
#3401=AXIS2_PLACEMENT_3D('',#4664,#3712,#3713);
#3402=AXIS2_PLACEMENT_3D('',#4678,#3720,#3721);
#3403=AXIS2_PLACEMENT_3D('',#4687,#3726,#3727);
#3404=AXIS2_PLACEMENT_3D('',#4705,#3734,#3735);
#3405=AXIS2_PLACEMENT_3D('',#4714,#3740,#3741);
#3406=AXIS2_PLACEMENT_3D('',#4715,#3742,#3743);
#3407=AXIS2_PLACEMENT_3D('',#4721,#3746,#3747);
#3408=AXIS2_PLACEMENT_3D('',#4725,#3749,#3750);
#3409=AXIS2_PLACEMENT_3D('',#4731,#3753,#3754);
#3410=AXIS2_PLACEMENT_3D('',#4732,#3755,#3756);
#3411=AXIS2_PLACEMENT_3D('',#4759,#3765,#3766);
#3412=AXIS2_PLACEMENT_3D('',#4774,#3774,#3775);
#3413=AXIS2_PLACEMENT_3D('',#4775,#3776,#3777);
#3414=AXIS2_PLACEMENT_3D('',#4777,#3778,#3779);
#3415=AXIS2_PLACEMENT_3D('',#4782,#3781,#3782);
#3416=AXIS2_PLACEMENT_3D('',#4784,#3783,#3784);
#3417=AXIS2_PLACEMENT_3D('',#4786,#3785,#3786);
#3418=AXIS2_PLACEMENT_3D('',#4790,#3788,#3789);
#3419=AXIS2_PLACEMENT_3D('',#4792,#3790,#3791);
#3420=AXIS2_PLACEMENT_3D('',#4794,#3792,#3793);
#3421=AXIS2_PLACEMENT_3D('',#4802,#3797,#3798);
#3422=AXIS2_PLACEMENT_3D('',#4806,#3800,#3801);
#3423=AXIS2_PLACEMENT_3D('',#4807,#3802,#3803);
#3424=AXIS2_PLACEMENT_3D('',#4809,#3804,#3805);
#3425=AXIS2_PLACEMENT_3D('',#4813,#3807,#3808);
#3426=AXIS2_PLACEMENT_3D('',#4821,#3812,#3813);
#3427=AXIS2_PLACEMENT_3D('',#4826,#3816,#3817);
#3428=AXIS2_PLACEMENT_3D('',#4839,#3824,#3825);
#3429=AXIS2_PLACEMENT_3D('',#4855,#3835,#3836);
#3430=AXIS2_PLACEMENT_3D('',#4856,#3837,#3838);
#3431=AXIS2_PLACEMENT_3D('',#4858,#3839,#3840);
#3432=AXIS2_PLACEMENT_3D('',#4860,#3841,#3842);
#3433=AXIS2_PLACEMENT_3D('',#4865,#3844,#3845);
#3434=AXIS2_PLACEMENT_3D('',#4866,#3846,#3847);
#3435=AXIS2_PLACEMENT_3D('',#4870,#3849,#3850);
#3436=AXIS2_PLACEMENT_3D('',#4884,#3857,#3858);
#3437=AXIS2_PLACEMENT_3D('',#4889,#3861,#3862);
#3438=AXIS2_PLACEMENT_3D('',#4894,#3864,#3865);
#3439=AXIS2_PLACEMENT_3D('',#4896,#3866,#3867);
#3440=AXIS2_PLACEMENT_3D('',#4898,#3868,#3869);
#3441=AXIS2_PLACEMENT_3D('',#4902,#3871,#3872);
#3442=AXIS2_PLACEMENT_3D('',#4904,#3873,#3874);
#3443=AXIS2_PLACEMENT_3D('',#4905,#3875,#3876);
#3444=AXIS2_PLACEMENT_3D('',#4906,#3877,#3878);
#3445=AXIS2_PLACEMENT_3D('',#4911,#3880,#3881);
#3446=AXIS2_PLACEMENT_3D('',#4915,#3883,#3884);
#3447=AXIS2_PLACEMENT_3D('',#4919,#3886,#3887);
#3448=AXIS2_PLACEMENT_3D('',#4923,#3889,#3890);
#3449=AXIS2_PLACEMENT_3D('',#4927,#3892,#3893);
#3450=AXIS2_PLACEMENT_3D('',#4931,#3895,#3896);
#3451=AXIS2_PLACEMENT_3D('',#4932,#3897,#3898);
#3452=AXIS2_PLACEMENT_3D('',#4937,#3900,#3901);
#3453=AXIS2_PLACEMENT_3D('',#4941,#3903,#3904);
#3454=AXIS2_PLACEMENT_3D('',#4944,#3906,#3907);
#3455=AXIS2_PLACEMENT_3D('',#4956,#3913,#3914);
#3456=AXIS2_PLACEMENT_3D('',#4964,#3918,#3919);
#3457=AXIS2_PLACEMENT_3D('',#4966,#3920,#3921);
#3458=AXIS2_PLACEMENT_3D('',#4970,#3923,#3924);
#3459=AXIS2_PLACEMENT_3D('',#4971,#3925,#3926);
#3460=AXIS2_PLACEMENT_3D('',#4974,#3928,#3929);
#3461=AXIS2_PLACEMENT_3D('',#4982,#3933,#3934);
#3462=AXIS2_PLACEMENT_3D('',#4983,#3935,#3936);
#3463=AXIS2_PLACEMENT_3D('',#4992,#3941,#3942);
#3464=AXIS2_PLACEMENT_3D('',#4997,#3946,#3947);
#3465=AXIS2_PLACEMENT_3D('',#4998,#3948,#3949);
#3466=AXIS2_PLACEMENT_3D('',#5003,#3951,#3952);
#3467=AXIS2_PLACEMENT_3D('',#5011,#3956,#3957);
#3468=AXIS2_PLACEMENT_3D('',#5015,#3959,#3960);
#3469=AXIS2_PLACEMENT_3D('',#5019,#3962,#3963);
#3470=AXIS2_PLACEMENT_3D('',#5024,#3966,#3967);
#3471=AXIS2_PLACEMENT_3D('',#5029,#3969,#3970);
#3472=AXIS2_PLACEMENT_3D('',#5035,#3974,#3975);
#3473=AXIS2_PLACEMENT_3D('',#5039,#3977,#3978);
#3474=AXIS2_PLACEMENT_3D('',#5044,#3981,#3982);
#3475=AXIS2_PLACEMENT_3D('',#5047,#3985,#3986);
#3476=AXIS2_PLACEMENT_3D('',#5052,#3987,#3988);
#3477=AXIS2_PLACEMENT_3D('',#5054,#3990,#3991);
#3478=AXIS2_PLACEMENT_3D('',#5073,#3992,#3993);
#3479=AXIS2_PLACEMENT_3D('',#5076,#3996,#3997);
#3480=AXIS2_PLACEMENT_3D('',#5078,#3999,#4000);
#3481=AXIS2_PLACEMENT_3D('',#5083,#4001,#4002);
#3482=AXIS2_PLACEMENT_3D('',#5088,#4003,#4004);
#3483=AXIS2_PLACEMENT_3D('',#5090,#4006,#4007);
#3484=AXIS2_PLACEMENT_3D('',#5092,#4009,#4010);
#3485=AXIS2_PLACEMENT_3D('',#5094,#4012,#4013);
#3486=AXIS2_PLACEMENT_3D('',#5095,#4014,#4015);
#3487=AXIS2_PLACEMENT_3D('',#5098,#4018,#4019);
#3488=AXIS2_PLACEMENT_3D('',#5103,#4020,#4021);
#3489=AXIS2_PLACEMENT_3D('',#5105,#4023,#4024);
#3490=AXIS2_PLACEMENT_3D('',#5109,#4027,#4028);
#3491=AXIS2_PLACEMENT_3D('',#5111,#4030,#4031);
#3492=AXIS2_PLACEMENT_3D('',#5112,#4032,#4033);
#3493=AXIS2_PLACEMENT_3D('',#5113,#4034,#4035);
#3494=AXIS2_PLACEMENT_3D('',#5115,#4037,#4038);
#3495=AXIS2_PLACEMENT_3D('',#5117,#4040,#4041);
#3496=AXIS2_PLACEMENT_3D('',#5118,#4042,#4043);
#3497=AXIS2_PLACEMENT_3D('',#5121,#4046,#4047);
#3498=AXIS2_PLACEMENT_3D('',#5124,#4050,#4051);
#3499=AXIS2_PLACEMENT_3D('',#5126,#4053,#4054);
#3500=AXIS2_PLACEMENT_3D('',#5128,#4056,#4057);
#3501=AXIS2_PLACEMENT_3D('',#5130,#4059,#4060);
#3502=AXIS2_PLACEMENT_3D('',#5131,#4061,#4062);
#3503=AXIS2_PLACEMENT_3D('',#5133,#4064,#4065);
#3504=AXIS2_PLACEMENT_3D('',#5136,#4068,#4069);
#3505=AXIS2_PLACEMENT_3D('',#5138,#4071,#4072);
#3506=AXIS2_PLACEMENT_3D('',#5140,#4074,#4075);
#3507=AXIS2_PLACEMENT_3D('',#5141,#4076,#4077);
#3508=AXIS2_PLACEMENT_3D('',#5147,#4081,#4082);
#3509=AXIS2_PLACEMENT_3D('',#5153,#4086,#4087);
#3510=AXIS2_PLACEMENT_3D('',#5154,#4088,#4089);
#3511=AXIS2_PLACEMENT_3D('',#5155,#4090,#4091);
#3512=AXIS2_PLACEMENT_3D('',#5156,#4092,#4093);
#3513=AXIS2_PLACEMENT_3D('',#5157,#4094,#4095);
#3514=AXIS2_PLACEMENT_3D('',#5160,#4098,#4099);
#3515=AXIS2_PLACEMENT_3D('',#5161,#4100,#4101);
#3516=AXIS2_PLACEMENT_3D('',#5162,#4102,#4103);
#3517=AXIS2_PLACEMENT_3D('',#5165,#4105,#4106);
#3518=AXIS2_PLACEMENT_3D('',#5169,#4108,#4109);
#3519=AXIS2_PLACEMENT_3D('',#5171,#4110,#4111);
#3520=AXIS2_PLACEMENT_3D('',#5172,#4112,#4113);
#3521=AXIS2_PLACEMENT_3D('',#5175,#4116,#4117);
#3522=AXIS2_PLACEMENT_3D('',#5177,#4119,#4120);
#3523=AXIS2_PLACEMENT_3D('',#5179,#4122,#4123);
#3524=AXIS2_PLACEMENT_3D('',#5180,#4124,#4125);
#3525=AXIS2_PLACEMENT_3D('',#5181,#4126,#4127);
#3526=AXIS2_PLACEMENT_3D('',#5182,#4128,#4129);
#3527=AXIS2_PLACEMENT_3D('',#5186,#4131,#4132);
#3528=AXIS2_PLACEMENT_3D('',#5187,#4133,#4134);
#3529=AXIS2_PLACEMENT_3D('',#5188,#4135,#4136);
#3530=AXIS2_PLACEMENT_3D('',#5189,#4137,#4138);
#3531=AXIS2_PLACEMENT_3D('',#5190,#4139,#4140);
#3532=AXIS2_PLACEMENT_3D('',#5193,#4143,#4144);
#3533=AXIS2_PLACEMENT_3D('',#5197,#4147,#4148);
#3534=AXIS2_PLACEMENT_3D('',#5203,#4152,#4153);
#3535=AXIS2_PLACEMENT_3D('',#5207,#4156,#4157);
#3536=AXIS2_PLACEMENT_3D('',#5209,#4159,#4160);
#3537=AXIS2_PLACEMENT_3D('',#5215,#4164,#4165);
#3538=AXIS2_PLACEMENT_3D('',#5221,#4169,#4170);
#3539=AXIS2_PLACEMENT_3D('',#5222,#4171,#4172);
#3540=AXIS2_PLACEMENT_3D('',#5224,#4174,#4175);
#3541=AXIS2_PLACEMENT_3D('',#5228,#4178,#4179);
#3542=AXIS2_PLACEMENT_3D('',#5229,#4180,#4181);
#3543=AXIS2_PLACEMENT_3D('',#5230,#4182,#4183);
#3544=AXIS2_PLACEMENT_3D('',#5231,#4184,#4185);
#3545=AXIS2_PLACEMENT_3D('',#5237,#4189,#4190);
#3546=AXIS2_PLACEMENT_3D('',#5240,#4192,#4193);
#3547=AXIS2_PLACEMENT_3D('',#5241,#4194,#4195);
#3548=AXIS2_PLACEMENT_3D('',#5245,#4198,#4199);
#3549=AXIS2_PLACEMENT_3D('',#5248,#4201,#4202);
#3550=AXIS2_PLACEMENT_3D('',#5249,#4203,#4204);
#3551=AXIS2_PLACEMENT_3D('',#5253,#4207,#4208);
#3552=AXIS2_PLACEMENT_3D('',#5254,#4209,#4210);
#3553=AXIS2_PLACEMENT_3D('',#5256,#4211,#4212);
#3554=AXIS2_PLACEMENT_3D('',#5257,#4213,#4214);
#3555=AXIS2_PLACEMENT_3D('',#5258,#4215,#4216);
#3556=AXIS2_PLACEMENT_3D('',#5259,#4217,#4218);
#3557=AXIS2_PLACEMENT_3D('',#5265,#4222,#4223);
#3558=AXIS2_PLACEMENT_3D('',#5268,#4225,#4226);
#3559=AXIS2_PLACEMENT_3D('',#5269,#4227,#4228);
#3560=AXIS2_PLACEMENT_3D('',#5273,#4231,#4232);
#3561=AXIS2_PLACEMENT_3D('',#5279,#4236,#4237);
#3562=AXIS2_PLACEMENT_3D('',#5285,#4241,#4242);
#3563=AXIS2_PLACEMENT_3D('',#5288,#4244,#4245);
#3564=AXIS2_PLACEMENT_3D('',#5289,#4246,#4247);
#3565=AXIS2_PLACEMENT_3D('',#5293,#4250,#4251);
#3566=AXIS2_PLACEMENT_3D('',#5299,#4255,#4256);
#3567=AXIS2_PLACEMENT_3D('',#5300,#4257,#4258);
#3568=AXIS2_PLACEMENT_3D('',#5301,#4259,#4260);
#3569=AXIS2_PLACEMENT_3D('',#5302,#4261,#4262);
#3570=AXIS2_PLACEMENT_3D('',#5303,#4263,#4264);
#3571=AXIS2_PLACEMENT_3D('',#5304,#4265,#4266);
#3572=AXIS2_PLACEMENT_3D('',#5305,#4267,#4268);
#3573=AXIS2_PLACEMENT_3D('',#5307,#4269,#4270);
#3574=AXIS2_PLACEMENT_3D('',#5309,#4271,#4272);
#3575=AXIS2_PLACEMENT_3D('',#5310,#4273,#4274);
#3576=AXIS2_PLACEMENT_3D('',#5312,#4275,#4276);
#3577=AXIS2_PLACEMENT_3D('',#5313,#4277,#4278);
#3578=AXIS2_PLACEMENT_3D('',#5314,#4279,#4280);
#3579=AXIS2_PLACEMENT_3D('',#5320,#4284,#4285);
#3580=AXIS2_PLACEMENT_3D('',#5324,#4288,#4289);
#3581=AXIS2_PLACEMENT_3D('',#5328,#4292,#4293);
#3582=AXIS2_PLACEMENT_3D('',#5332,#4296,#4297);
#3583=AXIS2_PLACEMENT_3D('',#5336,#4300,#4301);
#3584=AXIS2_PLACEMENT_3D('',#5338,#4303,#4304);
#3585=AXIS2_PLACEMENT_3D('',#5339,#4305,#4306);
#3586=AXIS2_PLACEMENT_3D('',#5345,#4310,#4311);
#3587=AXIS2_PLACEMENT_3D('',#5349,#4314,#4315);
#3588=AXIS2_PLACEMENT_3D('',#5353,#4318,#4319);
#3589=AXIS2_PLACEMENT_3D('',#5357,#4322,#4323);
#3590=AXIS2_PLACEMENT_3D('',#5361,#4326,#4327);
#3591=AXIS2_PLACEMENT_3D('',#5365,#4330,#4331);
#3592=AXIS2_PLACEMENT_3D('',#5369,#4334,#4335);
#3593=AXIS2_PLACEMENT_3D('',#5373,#4338,#4339);
#3594=AXIS2_PLACEMENT_3D('',#5377,#4342,#4343);
#3595=AXIS2_PLACEMENT_3D('',#5381,#4346,#4347);
#3596=AXIS2_PLACEMENT_3D('',#5385,#4350,#4351);
#3597=AXIS2_PLACEMENT_3D('',#5389,#4354,#4355);
#3598=AXIS2_PLACEMENT_3D('',#5393,#4358,#4359);
#3599=AXIS2_PLACEMENT_3D('',#5397,#4362,#4363);
#3600=AXIS2_PLACEMENT_3D('',#5401,#4366,#4367);
#3601=AXIS2_PLACEMENT_3D('',#5405,#4370,#4371);
#3602=AXIS2_PLACEMENT_3D('',#5409,#4374,#4375);
#3603=AXIS2_PLACEMENT_3D('',#5413,#4378,#4379);
#3604=AXIS2_PLACEMENT_3D('',#5417,#4382,#4383);
#3605=AXIS2_PLACEMENT_3D('',#5421,#4386,#4387);
#3606=AXIS2_PLACEMENT_3D('',#5425,#4390,#4391);
#3607=AXIS2_PLACEMENT_3D('',#5429,#4394,#4395);
#3608=AXIS2_PLACEMENT_3D('',#5433,#4398,#4399);
#3609=AXIS2_PLACEMENT_3D('',#5437,#4402,#4403);
#3610=AXIS2_PLACEMENT_3D('',#5441,#4406,#4407);
#3611=AXIS2_PLACEMENT_3D('',#5445,#4410,#4411);
#3612=AXIS2_PLACEMENT_3D('',#5449,#4414,#4415);
#3613=AXIS2_PLACEMENT_3D('',#5453,#4418,#4419);
#3614=AXIS2_PLACEMENT_3D('',#5457,#4422,#4423);
#3615=AXIS2_PLACEMENT_3D('',#5461,#4426,#4427);
#3616=AXIS2_PLACEMENT_3D('',#5465,#4430,#4431);
#3617=AXIS2_PLACEMENT_3D('',#5469,#4434,#4435);
#3618=AXIS2_PLACEMENT_3D('',#5473,#4438,#4439);
#3619=AXIS2_PLACEMENT_3D('',#5477,#4442,#4443);
#3620=AXIS2_PLACEMENT_3D('',#5480,#4445,#4446);
#3621=AXIS2_PLACEMENT_3D('',#5481,#4447,#4448);
#3622=AXIS2_PLACEMENT_3D('',#5485,#4451,#4452);
#3623=AXIS2_PLACEMENT_3D('',#5489,#4455,#4456);
#3624=AXIS2_PLACEMENT_3D('',#5491,#4458,#4459);
#3625=AXIS2_PLACEMENT_3D('',#5492,#4460,#4461);
#3626=AXIS2_PLACEMENT_3D('',#5498,#4465,#4466);
#3627=AXIS2_PLACEMENT_3D('',#5502,#4469,#4470);
#3628=AXIS2_PLACEMENT_3D('',#5506,#4473,#4474);
#3629=AXIS2_PLACEMENT_3D('',#5510,#4477,#4478);
#3630=AXIS2_PLACEMENT_3D('',#5514,#4481,#4482);
#3631=AXIS2_PLACEMENT_3D('',#5518,#4485,#4486);
#3632=AXIS2_PLACEMENT_3D('',#5522,#4489,#4490);
#3633=AXIS2_PLACEMENT_3D('',#5526,#4493,#4494);
#3634=AXIS2_PLACEMENT_3D('',#5528,#4496,#4497);
#3635=AXIS2_PLACEMENT_3D('',#5529,#4498,#4499);
#3636=AXIS2_PLACEMENT_3D('',#5530,#4500,#4501);
#3637=AXIS2_PLACEMENT_3D('',#5531,#4502,#4503);
#3638=AXIS2_PLACEMENT_3D('',#5532,#4504,#4505);
#3639=AXIS2_PLACEMENT_3D('',#5533,#4506,#4507);
#3640=AXIS2_PLACEMENT_3D('',#5537,#4510,#4511);
#3641=AXIS2_PLACEMENT_3D('',#5540,#4514,#4515);
#3642=AXIS2_PLACEMENT_3D('',#5542,#4517,#4518);
#3643=AXIS2_PLACEMENT_3D('',#5544,#4520,#4521);
#3644=AXIS2_PLACEMENT_3D('',#5546,#4523,#4524);
#3645=AXIS2_PLACEMENT_3D('',#5547,#4525,#4526);
#3646=AXIS2_PLACEMENT_3D('',#5548,#4527,#4528);
#3647=AXIS2_PLACEMENT_3D('',#5550,#4530,#4531);
#3648=AXIS2_PLACEMENT_3D('',#5553,#4534,#4535);
#3649=AXIS2_PLACEMENT_3D('',#5555,#4537,#4538);
#3650=AXIS2_PLACEMENT_3D('',#5557,#4540,#4541);
#3651=AXIS2_PLACEMENT_3D('',#5559,#4543,#4544);
#3652=AXIS2_PLACEMENT_3D('',#5563,#4547,#4548);
#3653=AXIS2_PLACEMENT_3D('',#5565,#4550,#4551);
#3654=AXIS2_PLACEMENT_3D('',#5567,#4553,#4554);
#3655=AXIS2_PLACEMENT_3D('',#5568,#4555,#4556);
#3656=AXIS2_PLACEMENT_3D('',#5570,#4558,#4559);
#3657=AXIS2_PLACEMENT_3D('',#5572,#4561,#4562);
#3658=AXIS2_PLACEMENT_3D('',#5574,#4564,#4565);
#3659=AXIS2_PLACEMENT_3D('',#5575,#4566,#4567);
#3660=DIRECTION('',(0.,0.,1.));
#3661=DIRECTION('',(1.,0.,0.));
#3662=DIRECTION('',(0.,-1.,0.));
#3663=DIRECTION('',(0.,0.,-1.));
#3664=DIRECTION('',(0.872617564045674,0.,-0.488404122545043));
#3665=DIRECTION('',(0.952744491532625,0.,-0.303772832646765));
#3666=DIRECTION('',(0.590009568638107,0.,-0.807396252725683));
#3667=DIRECTION('',(-0.398977995027147,0.,-0.916960500503767));
#3668=DIRECTION('',(-0.966960395594541,0.,-0.254926643079236));
#3669=DIRECTION('',(-0.967849159144635,0.,0.251531320401701));
#3670=DIRECTION('',(-0.541298584458857,0.,0.840830448106417));
#3671=DIRECTION('',(0.105569475243622,0.,0.994411929683462));
#3672=DIRECTION('',(0.552694387275004,0.,0.833384013690392));
#3673=DIRECTION('',(0.943598793423304,0.,-0.33109110083191));
#3674=DIRECTION('',(0.,0.,-1.));
#3675=DIRECTION('',(-0.331907375039159,0.,-0.943311981475172));
#3676=DIRECTION('',(0.,0.,-1.));
#3677=DIRECTION('',(0.,-1.,0.));
#3678=DIRECTION('',(0.,0.,-1.));
#3679=DIRECTION('',(0.951580754403833,0.,0.307398874181788));
#3680=DIRECTION('',(1.,0.,0.));
#3681=DIRECTION('',(0.540331469597348,0.,-0.841452258278965));
#3682=DIRECTION('',(-0.556997225843545,0.,-0.830514352917875));
#3683=DIRECTION('',(-0.961981356792387,0.,-0.273115120752913));
#3684=DIRECTION('',(0.584726248030613,0.,-0.811230679193066));
#3685=DIRECTION('',(-0.0290617828961082,0.,-0.999577617183828));
#3686=DIRECTION('',(0.502394365881161,0.,-0.864638595675017));
#3687=DIRECTION('',(0.980380054454504,0.,0.197116586891575));
#3688=DIRECTION('',(0.465092434946342,0.,0.885262123303422));
#3689=DIRECTION('',(0.775806328397703,0.,-0.630971109337088));
#3690=DIRECTION('',(0.068575711363273,0.,-0.997645915047529));
#3691=DIRECTION('',(-0.855717022354011,0.,-0.517444081668334));
#3692=DIRECTION('',(-0.993835486369169,0.,-0.110864899915876));
#3693=DIRECTION('',(-0.980002219099102,0.,0.19898655874414));
#3694=DIRECTION('',(-0.210362633794002,0.,0.977623425610931));
#3695=DIRECTION('',(0.071413480061665,0.,0.997446798012547));
#3696=DIRECTION('',(-0.572416944875279,0.,-0.819962707212744));
#3697=DIRECTION('',(-0.738415323482698,0.,-0.674346209336082));
#3698=DIRECTION('',(-0.982447899960961,0.,-0.186537191632923));
#3699=DIRECTION('',(-0.508372942217977,0.,0.861137010945783));
#3700=DIRECTION('',(0.845258309637014,0.,0.534357923109201));
#3701=DIRECTION('',(0.613012364467182,0.,0.790073313693328));
#3702=DIRECTION('',(-0.998510484912496,0.,-0.0545601642208992));
#3703=DIRECTION('',(-0.93279654671762,0.,-0.360403388485296));
#3704=DIRECTION('',(-1.,0.,0.));
#3705=DIRECTION('',(-0.258506987455215,0.,0.966009387861645));
#3706=DIRECTION('',(0.871307999897011,0.,0.490736557956987));
#3707=DIRECTION('',(0.950125431636688,0.,0.311868023620886));
#3708=DIRECTION('',(0.045072488623397,0.,0.998983718971082));
#3709=DIRECTION('',(-0.333982254686659,0.,0.942579361939575));
#3710=DIRECTION('',(0.119607228610033,0.,0.992821288482589));
#3711=DIRECTION('',(0.665446123549097,0.,0.746445883271842));
#3712=DIRECTION('',(0.,-1.,0.));
#3713=DIRECTION('',(0.,0.,-1.));
#3714=DIRECTION('',(0.88583231199413,0.,0.46400551184995));
#3715=DIRECTION('',(0.21084222664577,0.,-0.977520104889436));
#3716=DIRECTION('',(-0.523261068917033,0.,-0.852172431938398));
#3717=DIRECTION('',(-0.805442256622446,0.,-0.592674253909298));
#3718=DIRECTION('',(-0.699625984142275,0.,0.714509259781113));
#3719=DIRECTION('',(0.588175596943833,0.,0.808733248456972));
#3720=DIRECTION('',(0.,0.,1.));
#3721=DIRECTION('',(1.,0.,0.));
#3722=DIRECTION('',(0.,1.,0.));
#3723=DIRECTION('',(1.,0.,0.));
#3724=DIRECTION('',(0.,1.,0.));
#3725=DIRECTION('',(1.,1.110223024625E-16,0.));
#3726=DIRECTION('',(-1.,0.,0.));
#3727=DIRECTION('',(0.,0.,1.));
#3728=DIRECTION('',(0.,0.,-1.));
#3729=DIRECTION('',(0.,1.,0.));
#3730=DIRECTION('',(0.,0.,1.));
#3731=DIRECTION('',(0.,1.,0.));
#3732=DIRECTION('',(0.,0.,-1.));
#3733=DIRECTION('',(0.,-1.,0.));
#3734=DIRECTION('',(0.,0.,1.));
#3735=DIRECTION('',(1.,0.,0.));
#3736=DIRECTION('',(1.,0.,0.));
#3737=DIRECTION('',(0.,1.,0.));
#3738=DIRECTION('',(-1.,-1.110223024625E-16,0.));
#3739=DIRECTION('',(0.,1.,0.));
#3740=DIRECTION('',(1.110223024625E-16,-1.,0.));
#3741=DIRECTION('',(-1.,-1.110223024625E-16,-1.03519793366153E-14));
#3742=DIRECTION('',(1.110223024625E-16,-1.,0.));
#3743=DIRECTION('',(1.,1.110223024625E-16,0.));
#3744=DIRECTION('',(0.,0.,1.));
#3745=DIRECTION('',(1.,1.110223024625E-16,0.));
#3746=DIRECTION('',(1.110223024625E-16,-1.,0.));
#3747=DIRECTION('',(1.,1.110223024625E-16,0.));
#3748=DIRECTION('',(-1.,-1.110223024625E-16,3.15404268359419E-16));
#3749=DIRECTION('',(1.110223024625E-16,-1.,0.));
#3750=DIRECTION('',(1.,1.110223024625E-16,0.));
#3751=DIRECTION('',(-1.,-1.110223024625E-16,0.));
#3752=DIRECTION('',(0.,0.,-1.));
#3753=DIRECTION('',(1.110223024625E-16,-1.,0.));
#3754=DIRECTION('',(1.,1.110223024625E-16,0.));
#3755=DIRECTION('',(0.,0.,1.));
#3756=DIRECTION('',(1.,0.,0.));
#3757=DIRECTION('',(1.,0.,0.));
#3758=DIRECTION('',(0.,1.,0.));
#3759=DIRECTION('',(-1.,0.,0.));
#3760=DIRECTION('',(0.,-1.,0.));
#3761=DIRECTION('',(1.,0.,0.));
#3762=DIRECTION('',(0.,1.,0.));
#3763=DIRECTION('',(1.,0.,0.));
#3764=DIRECTION('',(-1.,0.,0.));
#3765=DIRECTION('',(1.,0.,0.));
#3766=DIRECTION('',(0.,0.,-1.));
#3767=DIRECTION('',(0.,1.,0.));
#3768=DIRECTION('',(0.,0.,1.));
#3769=DIRECTION('',(0.,-1.,0.));
#3770=DIRECTION('',(0.,-0.707106781186548,0.707106781186548));
#3771=DIRECTION('',(0.,0.,1.));
#3772=DIRECTION('',(0.,-1.,0.));
#3773=DIRECTION('',(0.,0.,-1.));
#3774=DIRECTION('',(0.,1.,0.));
#3775=DIRECTION('',(0.,0.,1.));
#3776=DIRECTION('',(0.,1.,0.));
#3777=DIRECTION('',(0.,0.,1.));
#3778=DIRECTION('',(0.,1.,0.));
#3779=DIRECTION('',(0.,0.,1.));
#3780=DIRECTION('',(1.,0.,3.36809625403914E-15));
#3781=DIRECTION('',(0.,1.,0.));
#3782=DIRECTION('',(0.,0.,1.));
#3783=DIRECTION('',(0.,1.,0.));
#3784=DIRECTION('',(0.,0.,1.));
#3785=DIRECTION('',(0.,1.,0.));
#3786=DIRECTION('',(0.,0.,1.));
#3787=DIRECTION('',(1.,0.,3.45143944182238E-15));
#3788=DIRECTION('',(0.,1.,0.));
#3789=DIRECTION('',(0.,0.,1.));
#3790=DIRECTION('',(0.,1.,0.));
#3791=DIRECTION('',(0.,0.,1.));
#3792=DIRECTION('',(0.,1.,0.));
#3793=DIRECTION('',(0.,0.,1.));
#3794=DIRECTION('',(1.,0.,0.));
#3795=DIRECTION('',(0.,0.,1.));
#3796=DIRECTION('',(-0.768535834540269,0.,0.639806745062517));
#3797=DIRECTION('',(0.,1.,0.));
#3798=DIRECTION('',(0.,0.,1.));
#3799=DIRECTION('',(-1.,0.,0.));
#3800=DIRECTION('',(0.,1.,0.));
#3801=DIRECTION('',(0.,0.,1.));
#3802=DIRECTION('',(0.,-1.,0.));
#3803=DIRECTION('',(0.,0.,-1.));
#3804=DIRECTION('',(0.,-1.,0.));
#3805=DIRECTION('',(0.,0.,-1.));
#3806=DIRECTION('',(-1.,0.,-1.04083408558608E-14));
#3807=DIRECTION('',(0.,-1.,0.));
#3808=DIRECTION('',(0.,0.,-1.));
#3809=DIRECTION('',(1.,0.,0.));
#3810=DIRECTION('',(0.,0.,1.));
#3811=DIRECTION('',(1.,0.,0.));
#3812=DIRECTION('',(0.,1.,0.));
#3813=DIRECTION('',(0.,0.,1.));
#3814=DIRECTION('',(1.,0.,0.));
#3815=DIRECTION('',(0.707106781186548,0.,0.707106781186548));
#3816=DIRECTION('',(0.,0.,-1.));
#3817=DIRECTION('',(-1.,0.,0.));
#3818=DIRECTION('',(1.,0.,0.));
#3819=DIRECTION('',(0.,-1.,0.));
#3820=DIRECTION('',(1.,0.,0.));
#3821=DIRECTION('',(0.,1.,0.));
#3822=DIRECTION('',(-1.,0.,0.));
#3823=DIRECTION('',(0.,-1.,0.));
#3824=DIRECTION('',(1.,0.,0.));
#3825=DIRECTION('',(0.,0.,-1.));
#3826=DIRECTION('',(0.,-0.707106781186548,0.707106781186548));
#3827=DIRECTION('',(0.,0.,-1.));
#3828=DIRECTION('',(0.,0.707106781186548,-0.707106781186548));
#3829=DIRECTION('',(0.,1.,0.));
#3830=DIRECTION('',(0.,1.,0.));
#3831=DIRECTION('',(0.,0.,-1.));
#3832=DIRECTION('',(0.,1.,0.));
#3833=DIRECTION('',(0.,-1.,0.));
#3834=DIRECTION('',(0.,0.,1.));
#3835=DIRECTION('',(0.,1.,0.));
#3836=DIRECTION('',(0.,0.,1.));
#3837=DIRECTION('',(0.,-1.,0.));
#3838=DIRECTION('',(0.,0.,-1.));
#3839=DIRECTION('',(0.,-1.,0.));
#3840=DIRECTION('',(0.,0.,-1.));
#3841=DIRECTION('',(0.,1.,0.));
#3842=DIRECTION('',(0.,0.,1.));
#3843=DIRECTION('',(-1.,0.,0.));
#3844=DIRECTION('',(0.,1.,0.));
#3845=DIRECTION('',(0.,0.,1.));
#3846=DIRECTION('',(0.,1.,0.));
#3847=DIRECTION('',(0.,0.,1.));
#3848=DIRECTION('',(-1.,0.,0.));
#3849=DIRECTION('',(0.,1.,0.));
#3850=DIRECTION('',(0.,0.,1.));
#3851=DIRECTION('',(-0.768535834540269,0.,0.639806745062517));
#3852=DIRECTION('',(-1.,0.,0.));
#3853=DIRECTION('',(0.,0.,1.));
#3854=DIRECTION('',(1.,0.,0.));
#3855=DIRECTION('',(0.707106781186548,0.,0.707106781186548));
#3856=DIRECTION('',(1.,0.,0.));
#3857=DIRECTION('',(0.,1.,0.));
#3858=DIRECTION('',(0.,0.,1.));
#3859=DIRECTION('',(1.,0.,0.));
#3860=DIRECTION('',(0.,0.,-1.));
#3861=DIRECTION('',(0.,1.,0.));
#3862=DIRECTION('',(0.,0.,1.));
#3863=DIRECTION('',(1.,0.,3.36809625403914E-15));
#3864=DIRECTION('',(0.,1.,0.));
#3865=DIRECTION('',(0.,0.,1.));
#3866=DIRECTION('',(0.,1.,0.));
#3867=DIRECTION('',(0.,0.,1.));
#3868=DIRECTION('',(0.,1.,0.));
#3869=DIRECTION('',(0.,0.,1.));
#3870=DIRECTION('',(-1.,0.,-3.45143944182238E-15));
#3871=DIRECTION('',(0.,1.,0.));
#3872=DIRECTION('',(0.,0.,1.));
#3873=DIRECTION('',(0.,1.,0.));
#3874=DIRECTION('',(0.,0.,1.));
#3875=DIRECTION('',(0.,-1.,0.));
#3876=DIRECTION('',(0.,0.,-1.));
#3877=DIRECTION('',(0.,-1.,0.));
#3878=DIRECTION('',(0.,0.,-1.));
#3879=DIRECTION('',(0.,0.,1.));
#3880=DIRECTION('',(0.,-1.,0.));
#3881=DIRECTION('',(0.,0.,-1.));
#3882=DIRECTION('',(-1.,0.,-1.29966464472882E-16));
#3883=DIRECTION('',(0.,-1.,0.));
#3884=DIRECTION('',(0.,0.,-1.));
#3885=DIRECTION('',(0.,0.,-1.));
#3886=DIRECTION('',(0.,-1.,0.));
#3887=DIRECTION('',(0.,0.,-1.));
#3888=DIRECTION('',(0.,0.,-1.));
#3889=DIRECTION('',(0.,-1.,0.));
#3890=DIRECTION('',(0.,0.,-1.));
#3891=DIRECTION('',(-1.,0.,0.));
#3892=DIRECTION('',(0.,-1.,0.));
#3893=DIRECTION('',(0.,0.,-1.));
#3894=DIRECTION('',(0.,0.,1.));
#3895=DIRECTION('',(0.,-1.,0.));
#3896=DIRECTION('',(0.,0.,-1.));
#3897=DIRECTION('',(0.,-1.,0.));
#3898=DIRECTION('',(0.,0.,-1.));
#3899=DIRECTION('',(0.,0.,-1.));
#3900=DIRECTION('',(0.,-1.,0.));
#3901=DIRECTION('',(0.,0.,-1.));
#3902=DIRECTION('',(0.,0.,-1.));
#3903=DIRECTION('',(0.,-1.,0.));
#3904=DIRECTION('',(0.,0.,-1.));
#3905=DIRECTION('',(1.,0.,0.));
#3906=DIRECTION('',(0.,-1.,0.));
#3907=DIRECTION('',(0.,0.,-1.));
#3908=DIRECTION('',(-0.5,0.,-0.86602540378444));
#3909=DIRECTION('',(-1.,0.,0.));
#3910=DIRECTION('',(0.,0.,-1.));
#3911=DIRECTION('',(-1.,0.,0.));
#3912=DIRECTION('',(0.768535834540269,0.,-0.639806745062517));
#3913=DIRECTION('',(0.,-1.,0.));
#3914=DIRECTION('',(0.,0.,-1.));
#3915=DIRECTION('',(0.,0.,1.));
#3916=DIRECTION('',(1.,0.,0.));
#3917=DIRECTION('',(0.,0.,-1.));
#3918=DIRECTION('',(0.,-1.,0.));
#3919=DIRECTION('',(0.,0.,-1.));
#3920=DIRECTION('',(0.,-1.,0.));
#3921=DIRECTION('',(0.,0.,-1.));
#3922=DIRECTION('',(0.,0.,-1.));
#3923=DIRECTION('',(0.,-1.,0.));
#3924=DIRECTION('',(0.,0.,-1.));
#3925=DIRECTION('',(0.,-1.,0.));
#3926=DIRECTION('',(0.,0.,-1.));
#3927=DIRECTION('',(0.,0.,1.));
#3928=DIRECTION('',(0.,-1.,0.));
#3929=DIRECTION('',(0.,0.,-1.));
#3930=DIRECTION('',(0.,0.,-1.));
#3931=DIRECTION('',(-1.,0.,0.));
#3932=DIRECTION('',(0.,0.,1.));
#3933=DIRECTION('',(0.,-1.,0.));
#3934=DIRECTION('',(0.,0.,-1.));
#3935=DIRECTION('',(-1.,0.,0.));
#3936=DIRECTION('',(0.,0.,1.));
#3937=DIRECTION('',(0.,0.,1.));
#3938=DIRECTION('',(0.,1.,0.));
#3939=DIRECTION('',(0.,0.,-1.));
#3940=DIRECTION('',(0.,-1.,0.));
#3941=DIRECTION('',(-1.,0.,0.));
#3942=DIRECTION('',(0.,0.,1.));
#3943=DIRECTION('',(0.,0.,1.));
#3944=DIRECTION('',(0.,0.,1.));
#3945=DIRECTION('',(0.,-1.,0.));
#3946=DIRECTION('',(0.,-1.,0.));
#3947=DIRECTION('',(0.,0.,-1.));
#3948=DIRECTION('',(0.,-1.,0.));
#3949=DIRECTION('',(0.,0.,-1.));
#3950=DIRECTION('',(-1.,0.,0.));
#3951=DIRECTION('',(0.,-1.,0.));
#3952=DIRECTION('',(0.,0.,-1.));
#3953=DIRECTION('',(0.,0.,-1.));
#3954=DIRECTION('',(1.,0.,0.));
#3955=DIRECTION('',(0.,0.,1.));
#3956=DIRECTION('',(0.,-1.,0.));
#3957=DIRECTION('',(0.,0.,-1.));
#3958=DIRECTION('',(0.,0.,1.));
#3959=DIRECTION('',(0.,-1.,0.));
#3960=DIRECTION('',(0.,0.,-1.));
#3961=DIRECTION('',(1.,0.,0.));
#3962=DIRECTION('',(0.,-1.,0.));
#3963=DIRECTION('',(0.,0.,-1.));
#3964=DIRECTION('',(0.,0.,1.));
#3965=DIRECTION('',(-1.,0.,0.));
#3966=DIRECTION('',(0.,1.,0.));
#3967=DIRECTION('',(0.,0.,1.));
#3968=DIRECTION('',(1.,0.,0.));
#3969=DIRECTION('',(0.,1.,0.));
#3970=DIRECTION('',(0.,0.,1.));
#3971=DIRECTION('',(0.768535834540269,0.,-0.639806745062517));
#3972=DIRECTION('',(-0.5,0.,-0.86602540378444));
#3973=DIRECTION('',(1.,0.,0.));
#3974=DIRECTION('',(0.,1.,0.));
#3975=DIRECTION('',(0.,0.,1.));
#3976=DIRECTION('',(1.,0.,-3.15404268359419E-16));
#3977=DIRECTION('',(0.,1.,0.));
#3978=DIRECTION('',(0.,0.,1.));
#3979=DIRECTION('',(-1.,0.,0.));
#3980=DIRECTION('',(0.,0.,-1.));
#3981=DIRECTION('',(0.,-1.,0.));
#3982=DIRECTION('',(0.,0.,-1.));
#3983=DIRECTION('',(0.,-0.707106781186543,0.707106781186552));
#3984=DIRECTION('',(0.707106781186548,-0.707106781186548,0.));
#3985=DIRECTION('',(0.,-0.70710678118655,-0.707106781186545));
#3986=DIRECTION('',(-1.,0.,0.));
#3987=DIRECTION('',(0.,-1.,0.));
#3988=DIRECTION('',(0.,0.,-1.));
#3989=DIRECTION('',(0.70710678118655,0.707106781186545,0.));
#3990=DIRECTION('',(0.,1.,0.));
#3991=DIRECTION('',(0.,0.,1.));
#3992=DIRECTION('',(2.44053623416732E-15,0.707106781186548,-0.707106781186548));
#3993=DIRECTION('',(1.,0.,3.45143944182238E-15));
#3994=DIRECTION('',(-3.92523114670944E-15,0.707106781186548,0.707106781186548));
#3995=DIRECTION('',(3.92523114670944E-15,-0.707106781186548,-0.707106781186548));
#3996=DIRECTION('',(0.,1.,0.));
#3997=DIRECTION('',(0.,0.,1.));
#3998=DIRECTION('',(0.706877048548535,-0.707106781186549,0.0180232692736519));
#3999=DIRECTION('',(0.,1.,0.));
#4000=DIRECTION('',(0.,0.,1.));
#4001=DIRECTION('',(0.,1.,0.));
#4002=DIRECTION('',(0.,0.,1.));
#4003=DIRECTION('',(0.,1.,0.));
#4004=DIRECTION('',(0.,0.,1.));
#4005=DIRECTION('',(0.70489906048329,0.707106781186547,-0.0558329161854839));
#4006=DIRECTION('',(0.,1.,0.));
#4007=DIRECTION('',(0.,0.,1.));
#4008=DIRECTION('',(4.31775426138038E-14,-0.707106781186548,0.707106781186547));
#4009=DIRECTION('',(0.,1.,0.));
#4010=DIRECTION('',(0.,0.,1.));
#4011=DIRECTION('',(-2.35513868802566E-14,0.707106781186548,-0.707106781186548));
#4012=DIRECTION('',(2.38160370092008E-15,-0.707106781186547,-0.707106781186548));
#4013=DIRECTION('',(1.,0.,3.36809625403914E-15));
#4014=DIRECTION('',(-0.707106781186548,-0.707106781186548,0.));
#4015=DIRECTION('',(0.,0.,1.));
#4016=DIRECTION('',(-0.577350269189626,0.577350269189626,-0.577350269189625));
#4017=DIRECTION('',(-0.707106781186548,0.707106781186548,0.));
#4018=DIRECTION('',(0.,-1.,0.));
#4019=DIRECTION('',(0.,0.,-1.));
#4020=DIRECTION('',(0.,-0.707106781186547,-0.707106781186548));
#4021=DIRECTION('',(-1.,0.,0.));
#4022=DIRECTION('',(-0.577350269189626,-0.577350269189626,0.577350269189625));
#4023=DIRECTION('',(0.,-0.707106781186547,0.707106781186548));
#4024=DIRECTION('',(1.,0.,0.));
#4025=DIRECTION('',(0.,0.707106781186548,0.707106781186547));
#4026=DIRECTION('',(-1.,0.,0.));
#4027=DIRECTION('',(-0.707106781186548,0.707106781186548,0.));
#4028=DIRECTION('',(0.,0.,-1.));
#4029=DIRECTION('',(-0.707106781186548,-0.707106781186548,0.));
#4030=DIRECTION('',(0.,-1.,0.));
#4031=DIRECTION('',(0.,0.,-1.));
#4032=DIRECTION('',(0.,-1.,0.));
#4033=DIRECTION('',(0.,0.,-1.));
#4034=DIRECTION('',(-0.707106781186548,-0.707106781186548,0.));
#4035=DIRECTION('',(0.,0.,1.));
#4036=DIRECTION('',(-0.577350269189625,0.577350269189625,0.577350269189628));
#4037=DIRECTION('',(0.,-0.70710678118655,0.707106781186545));
#4038=DIRECTION('',(1.,0.,0.));
#4039=DIRECTION('',(0.577350269189627,0.577350269189623,0.577350269189627));
#4040=DIRECTION('',(0.707106781186545,-0.70710678118655,0.));
#4041=DIRECTION('',(0.,0.,-1.));
#4042=DIRECTION('',(0.,0.,1.));
#4043=DIRECTION('',(1.,0.,0.));
#4044=DIRECTION('',(0.,-1.,0.));
#4045=DIRECTION('',(0.,-1.,0.));
#4046=DIRECTION('',(-1.,0.,0.));
#4047=DIRECTION('',(0.,0.,1.));
#4048=DIRECTION('',(0.,1.,0.));
#4049=DIRECTION('',(0.,1.,0.));
#4050=DIRECTION('',(0.,0.,-1.));
#4051=DIRECTION('',(-1.,0.,0.));
#4052=DIRECTION('',(0.,-1.,0.));
#4053=DIRECTION('',(0.,-1.,0.));
#4054=DIRECTION('',(0.,0.,-1.));
#4055=DIRECTION('',(0.,-1.,0.));
#4056=DIRECTION('',(-3.15404268359419E-16,0.,-1.));
#4057=DIRECTION('',(-1.,0.,3.15404268359419E-16));
#4058=DIRECTION('',(0.,-1.,0.));
#4059=DIRECTION('',(0.,-1.,0.));
#4060=DIRECTION('',(0.,0.,-1.));
#4061=DIRECTION('',(0.86602540378444,0.,-0.5));
#4062=DIRECTION('',(-0.5,0.,-0.86602540378444));
#4063=DIRECTION('',(-0.377964473009226,-0.654653670707978,-0.654653670707977));
#4064=DIRECTION('',(0.639806745062517,0.,0.768535834540269));
#4065=DIRECTION('',(0.768535834540269,0.,-0.639806745062517));
#4066=DIRECTION('',(0.,1.,0.));
#4067=DIRECTION('',(0.,1.,0.));
#4068=DIRECTION('',(0.,1.,0.));
#4069=DIRECTION('',(0.,0.,1.));
#4070=DIRECTION('',(0.,1.,0.));
#4071=DIRECTION('',(0.,1.,0.));
#4072=DIRECTION('',(0.,0.,1.));
#4073=DIRECTION('',(0.,1.,0.));
#4074=DIRECTION('',(0.,0.,1.));
#4075=DIRECTION('',(1.,0.,0.));
#4076=DIRECTION('',(-0.639806745062517,0.,-0.768535834540269));
#4077=DIRECTION('',(-0.768535834540269,0.,0.639806745062517));
#4078=DIRECTION('',(0.,-1.,0.));
#4079=DIRECTION('',(0.768535834540269,0.,-0.639806745062517));
#4080=DIRECTION('',(0.,-1.,0.));
#4081=DIRECTION('',(0.,0.,-1.));
#4082=DIRECTION('',(-1.,0.,0.));
#4083=DIRECTION('',(0.,-1.,0.));
#4084=DIRECTION('',(1.,0.,0.));
#4085=DIRECTION('',(0.,-1.,0.));
#4086=DIRECTION('',(0.,-1.,0.));
#4087=DIRECTION('',(0.,0.,-1.));
#4088=DIRECTION('',(0.,1.,0.));
#4089=DIRECTION('',(0.,0.,1.));
#4090=DIRECTION('',(0.,-1.,0.));
#4091=DIRECTION('',(0.,0.,-1.));
#4092=DIRECTION('',(0.,1.,0.));
#4093=DIRECTION('',(0.,0.,1.));
#4094=DIRECTION('',(0.,0.,1.));
#4095=DIRECTION('',(1.,0.,0.));
#4096=DIRECTION('',(0.,1.,0.));
#4097=DIRECTION('',(0.842345303023101,0.538938206545908,0.));
#4098=DIRECTION('',(-1.110223024625E-16,1.,0.));
#4099=DIRECTION('',(1.03519793366153E-14,1.14930058099525E-30,-1.));
#4100=DIRECTION('',(-1.110223024625E-16,1.,0.));
#4101=DIRECTION('',(-1.,-1.110223024625E-16,0.));
#4102=DIRECTION('',(-1.110223024625E-16,1.,0.));
#4103=DIRECTION('',(-1.,-1.110223024625E-16,0.));
#4104=DIRECTION('',(-1.,-1.110223024625E-16,0.));
#4105=DIRECTION('',(-1.110223024625E-16,1.,0.));
#4106=DIRECTION('',(-1.,-1.110223024625E-16,0.));
#4107=DIRECTION('',(1.,1.110223024625E-16,1.04083408558608E-14));
#4108=DIRECTION('',(-1.110223024625E-16,1.,0.));
#4109=DIRECTION('',(-1.,-1.110223024625E-16,0.));
#4110=DIRECTION('',(-1.110223024625E-16,1.,0.));
#4111=DIRECTION('',(-1.,-1.110223024625E-16,0.));
#4112=DIRECTION('',(0.,1.,0.));
#4113=DIRECTION('',(0.,0.,1.));
#4114=DIRECTION('',(0.,1.,0.));
#4115=DIRECTION('',(0.,1.,0.));
#4116=DIRECTION('',(1.04083408558608E-14,0.,-1.));
#4117=DIRECTION('',(-1.,0.,-1.04083408558608E-14));
#4118=DIRECTION('',(0.,1.,0.));
#4119=DIRECTION('',(0.,1.,0.));
#4120=DIRECTION('',(0.,0.,1.));
#4121=DIRECTION('',(0.,1.,0.));
#4122=DIRECTION('',(0.,0.,1.));
#4123=DIRECTION('',(1.,0.,0.));
#4124=DIRECTION('',(0.,1.,0.));
#4125=DIRECTION('',(0.,0.,1.));
#4126=DIRECTION('',(0.,0.707106781186548,-0.707106781186548));
#4127=DIRECTION('',(0.,0.707106781186548,0.707106781186548));
#4128=DIRECTION('',(-0.707106781186548,-0.707106781186548,0.));
#4129=DIRECTION('',(-0.707106781186548,0.707106781186548,0.));
#4130=DIRECTION('',(0.,1.,0.));
#4131=DIRECTION('',(-0.707106781186548,0.707106781186548,0.));
#4132=DIRECTION('',(0.707106781186548,0.707106781186548,0.));
#4133=DIRECTION('',(0.,1.,0.));
#4134=DIRECTION('',(0.,0.,1.));
#4135=DIRECTION('',(0.,0.707106781186548,-0.707106781186548));
#4136=DIRECTION('',(0.,0.707106781186548,0.707106781186548));
#4137=DIRECTION('',(0.,1.,0.));
#4138=DIRECTION('',(0.,0.,1.));
#4139=DIRECTION('',(0.,0.,1.));
#4140=DIRECTION('',(1.,0.,0.));
#4141=DIRECTION('',(-0.707106781186548,0.707106781186548,0.));
#4142=DIRECTION('',(0.707106781186548,0.707106781186548,0.));
#4143=DIRECTION('',(0.,1.,0.));
#4144=DIRECTION('',(-1.,0.,0.));
#4145=DIRECTION('',(1.,0.,0.));
#4146=DIRECTION('',(0.707106781186548,0.,0.707106781186547));
#4147=DIRECTION('',(0.,0.,-1.));
#4148=DIRECTION('',(-1.,0.,0.));
#4149=DIRECTION('',(-1.,0.,0.));
#4150=DIRECTION('',(0.,-1.,0.));
#4151=DIRECTION('',(0.,-1.,0.));
#4152=DIRECTION('',(0.,0.,-1.));
#4153=DIRECTION('',(-1.,0.,0.));
#4154=DIRECTION('',(-1.,0.,0.));
#4155=DIRECTION('',(0.,-1.,0.));
#4156=DIRECTION('',(0.707106781186548,0.,-0.707106781186547));
#4157=DIRECTION('',(-0.707106781186548,0.,-0.707106781186548));
#4158=DIRECTION('',(-0.707106781186548,0.,-0.707106781186548));
#4159=DIRECTION('',(0.,0.,-1.));
#4160=DIRECTION('',(-1.,0.,0.));
#4161=DIRECTION('',(0.,1.,0.));
#4162=DIRECTION('',(-1.,0.,0.));
#4163=DIRECTION('',(1.,0.,0.));
#4164=DIRECTION('',(0.,1.,0.));
#4165=DIRECTION('',(0.,0.,1.));
#4166=DIRECTION('',(1.,0.,0.));
#4167=DIRECTION('',(0.,0.,-1.));
#4168=DIRECTION('',(-1.,0.,0.));
#4169=DIRECTION('',(0.,1.,0.));
#4170=DIRECTION('',(0.,0.,1.));
#4171=DIRECTION('',(0.,-0.707106781186548,-0.707106781186548));
#4172=DIRECTION('',(-1.,0.,0.));
#4173=DIRECTION('',(0.,0.707106781186548,-0.707106781186548));
#4174=DIRECTION('',(0.,-0.707106781186548,-0.707106781186548));
#4175=DIRECTION('',(-1.,0.,0.));
#4176=DIRECTION('',(0.577350269189626,0.577350269189626,-0.577350269189626));
#4177=DIRECTION('',(-0.577350269189626,0.577350269189626,-0.577350269189626));
#4178=DIRECTION('',(0.,-1.,0.));
#4179=DIRECTION('',(0.,0.,-1.));
#4180=DIRECTION('',(0.,-1.,0.));
#4181=DIRECTION('',(0.,0.,-1.));
#4182=DIRECTION('',(0.,-1.,0.));
#4183=DIRECTION('',(0.,0.,-1.));
#4184=DIRECTION('',(1.,0.,0.));
#4185=DIRECTION('',(0.,0.,-1.));
#4186=DIRECTION('',(0.,1.,0.));
#4187=DIRECTION('',(0.,0.,-1.));
#4188=DIRECTION('',(0.,1.,0.));
#4189=DIRECTION('',(0.,1.,0.));
#4190=DIRECTION('',(0.,0.,1.));
#4191=DIRECTION('',(0.,1.,0.));
#4192=DIRECTION('',(0.,-1.,0.));
#4193=DIRECTION('',(0.,0.,-1.));
#4194=DIRECTION('',(0.,0.,1.));
#4195=DIRECTION('',(1.,0.,0.));
#4196=DIRECTION('',(0.,1.,0.));
#4197=DIRECTION('',(1.,0.,0.));
#4198=DIRECTION('',(0.,1.,0.));
#4199=DIRECTION('',(0.,0.,1.));
#4200=DIRECTION('',(0.,1.,0.));
#4201=DIRECTION('',(0.,-1.,0.));
#4202=DIRECTION('',(0.,0.,-1.));
#4203=DIRECTION('',(1.,0.,0.));
#4204=DIRECTION('',(0.,0.,-1.));
#4205=DIRECTION('',(0.,1.,0.));
#4206=DIRECTION('',(0.,0.,-1.));
#4207=DIRECTION('',(0.,1.,0.));
#4208=DIRECTION('',(0.,0.,1.));
#4209=DIRECTION('',(0.,-1.,0.));
#4210=DIRECTION('',(0.,0.,-1.));
#4211=DIRECTION('',(0.,1.,0.));
#4212=DIRECTION('',(0.,0.,1.));
#4213=DIRECTION('',(0.,-1.,0.));
#4214=DIRECTION('',(0.,0.,-1.));
#4215=DIRECTION('',(0.,-1.,0.));
#4216=DIRECTION('',(1.,0.,0.));
#4217=DIRECTION('',(-1.,0.,0.));
#4218=DIRECTION('',(0.,0.,1.));
#4219=DIRECTION('',(0.,0.,1.));
#4220=DIRECTION('',(0.,1.,0.));
#4221=DIRECTION('',(0.,1.,0.));
#4222=DIRECTION('',(0.,1.,0.));
#4223=DIRECTION('',(0.,0.,1.));
#4224=DIRECTION('',(0.,1.,0.));
#4225=DIRECTION('',(0.,-1.,0.));
#4226=DIRECTION('',(0.,0.,-1.));
#4227=DIRECTION('',(-1.,0.,0.));
#4228=DIRECTION('',(0.,0.,1.));
#4229=DIRECTION('',(0.,1.,0.));
#4230=DIRECTION('',(0.,0.,1.));
#4231=DIRECTION('',(0.,0.,-1.));
#4232=DIRECTION('',(-1.,0.,0.));
#4233=DIRECTION('',(-1.,0.,0.));
#4234=DIRECTION('',(0.,1.,0.));
#4235=DIRECTION('',(0.,1.,0.));
#4236=DIRECTION('',(1.,0.,0.));
#4237=DIRECTION('',(0.,0.,-1.));
#4238=DIRECTION('',(0.,0.,-1.));
#4239=DIRECTION('',(0.,1.,0.));
#4240=DIRECTION('',(0.,1.,0.));
#4241=DIRECTION('',(0.,1.,0.));
#4242=DIRECTION('',(0.,0.,1.));
#4243=DIRECTION('',(0.,1.,0.));
#4244=DIRECTION('',(0.,-1.,0.));
#4245=DIRECTION('',(0.,0.,-1.));
#4246=DIRECTION('',(1.,0.,0.));
#4247=DIRECTION('',(0.,0.,-1.));
#4248=DIRECTION('',(0.,1.,0.));
#4249=DIRECTION('',(0.,0.,-1.));
#4250=DIRECTION('',(1.29966464472882E-16,0.,-1.));
#4251=DIRECTION('',(-1.,0.,-1.29966464472882E-16));
#4252=DIRECTION('',(0.,1.,0.));
#4253=DIRECTION('',(-1.,0.,-1.29966464472882E-16));
#4254=DIRECTION('',(0.,1.,0.));
#4255=DIRECTION('',(0.,-1.,0.));
#4256=DIRECTION('',(1.,0.,0.));
#4257=DIRECTION('',(0.,-1.,0.));
#4258=DIRECTION('',(0.,0.,-1.));
#4259=DIRECTION('',(0.,-1.,0.));
#4260=DIRECTION('',(0.,0.,-1.));
#4261=DIRECTION('',(0.,-1.,0.));
#4262=DIRECTION('',(0.,0.,-1.));
#4263=DIRECTION('',(0.,-1.,0.));
#4264=DIRECTION('',(0.,0.,-1.));
#4265=DIRECTION('',(0.,1.,0.));
#4266=DIRECTION('',(0.,0.,1.));
#4267=DIRECTION('',(0.,-1.,0.));
#4268=DIRECTION('',(0.,0.,-1.));
#4269=DIRECTION('',(0.,-1.,0.));
#4270=DIRECTION('',(0.,0.,-1.));
#4271=DIRECTION('',(0.,1.,0.));
#4272=DIRECTION('',(0.,0.,1.));
#4273=DIRECTION('',(0.,-1.,0.));
#4274=DIRECTION('',(0.,0.,-1.));
#4275=DIRECTION('',(0.,-1.,0.));
#4276=DIRECTION('',(1.,0.,0.));
#4277=DIRECTION('',(0.,-1.,0.));
#4278=DIRECTION('',(0.,0.,-1.));
#4279=DIRECTION('',(0.977520104889436,0.,0.21084222664577));
#4280=DIRECTION('',(0.21084222664577,0.,-0.977520104889436));
#4281=DIRECTION('',(0.,1.,0.));
#4282=DIRECTION('',(0.21084222664577,0.,-0.977520104889436));
#4283=DIRECTION('',(0.,1.,0.));
#4284=DIRECTION('',(-0.46400551184995,0.,0.88583231199413));
#4285=DIRECTION('',(0.885832311994131,0.,0.46400551184995));
#4286=DIRECTION('',(0.,1.,0.));
#4287=DIRECTION('',(0.88583231199413,0.,0.46400551184995));
#4288=DIRECTION('',(-0.808733248456972,0.,0.588175596943833));
#4289=DIRECTION('',(0.588175596943833,0.,0.808733248456972));
#4290=DIRECTION('',(0.,1.,0.));
#4291=DIRECTION('',(0.588175596943833,0.,0.808733248456972));
#4292=DIRECTION('',(-0.714509259781113,0.,-0.699625984142275));
#4293=DIRECTION('',(-0.699625984142275,0.,0.714509259781113));
#4294=DIRECTION('',(0.,1.,0.));
#4295=DIRECTION('',(-0.699625984142275,0.,0.714509259781113));
#4296=DIRECTION('',(0.592674253909298,0.,-0.805442256622446));
#4297=DIRECTION('',(-0.805442256622446,0.,-0.592674253909298));
#4298=DIRECTION('',(0.,1.,0.));
#4299=DIRECTION('',(-0.805442256622446,0.,-0.592674253909298));
#4300=DIRECTION('',(0.852172431938398,0.,-0.523261068917033));
#4301=DIRECTION('',(-0.523261068917033,0.,-0.852172431938398));
#4302=DIRECTION('',(-0.523261068917033,0.,-0.852172431938398));
#4303=DIRECTION('',(0.,-1.,0.));
#4304=DIRECTION('',(1.,0.,0.));
#4305=DIRECTION('',(0.33109110083191,0.,0.943598793423304));
#4306=DIRECTION('',(0.943598793423304,0.,-0.33109110083191));
#4307=DIRECTION('',(0.,1.,0.));
#4308=DIRECTION('',(0.943598793423304,0.,-0.33109110083191));
#4309=DIRECTION('',(0.,1.,0.));
#4310=DIRECTION('',(-0.746445883271842,0.,0.665446123549097));
#4311=DIRECTION('',(0.665446123549097,0.,0.746445883271842));
#4312=DIRECTION('',(0.,1.,0.));
#4313=DIRECTION('',(0.665446123549097,0.,0.746445883271842));
#4314=DIRECTION('',(-0.992821288482589,0.,0.119607228610033));
#4315=DIRECTION('',(0.119607228610033,0.,0.992821288482589));
#4316=DIRECTION('',(0.,1.,0.));
#4317=DIRECTION('',(0.119607228610033,0.,0.992821288482589));
#4318=DIRECTION('',(-0.942579361939575,0.,-0.333982254686659));
#4319=DIRECTION('',(-0.333982254686659,0.,0.942579361939575));
#4320=DIRECTION('',(0.,1.,0.));
#4321=DIRECTION('',(-0.333982254686659,0.,0.942579361939575));
#4322=DIRECTION('',(-0.998983718971082,0.,0.045072488623397));
#4323=DIRECTION('',(0.045072488623397,0.,0.998983718971082));
#4324=DIRECTION('',(0.,1.,0.));
#4325=DIRECTION('',(0.045072488623397,0.,0.998983718971082));
#4326=DIRECTION('',(-0.311868023620886,0.,0.950125431636688));
#4327=DIRECTION('',(0.950125431636688,0.,0.311868023620886));
#4328=DIRECTION('',(0.,1.,0.));
#4329=DIRECTION('',(0.950125431636688,0.,0.311868023620886));
#4330=DIRECTION('',(-0.490736557956987,0.,0.871307999897011));
#4331=DIRECTION('',(0.871307999897011,0.,0.490736557956987));
#4332=DIRECTION('',(0.,1.,0.));
#4333=DIRECTION('',(0.871307999897011,0.,0.490736557956987));
#4334=DIRECTION('',(-0.966009387861645,0.,-0.258506987455215));
#4335=DIRECTION('',(-0.258506987455215,0.,0.966009387861645));
#4336=DIRECTION('',(0.,1.,0.));
#4337=DIRECTION('',(-0.258506987455215,0.,0.966009387861645));
#4338=DIRECTION('',(0.,0.,-1.));
#4339=DIRECTION('',(-1.,0.,0.));
#4340=DIRECTION('',(0.,1.,0.));
#4341=DIRECTION('',(-1.,0.,0.));
#4342=DIRECTION('',(0.360403388485296,0.,-0.93279654671762));
#4343=DIRECTION('',(-0.93279654671762,0.,-0.360403388485296));
#4344=DIRECTION('',(0.,1.,0.));
#4345=DIRECTION('',(-0.93279654671762,0.,-0.360403388485296));
#4346=DIRECTION('',(0.0545601642208992,0.,-0.998510484912496));
#4347=DIRECTION('',(-0.998510484912496,0.,-0.0545601642208992));
#4348=DIRECTION('',(0.,1.,0.));
#4349=DIRECTION('',(-0.998510484912496,0.,-0.0545601642208992));
#4350=DIRECTION('',(-0.790073313693328,0.,0.613012364467182));
#4351=DIRECTION('',(0.613012364467182,0.,0.790073313693328));
#4352=DIRECTION('',(0.,1.,0.));
#4353=DIRECTION('',(0.613012364467182,0.,0.790073313693328));
#4354=DIRECTION('',(-0.534357923109201,0.,0.845258309637014));
#4355=DIRECTION('',(0.845258309637014,0.,0.534357923109201));
#4356=DIRECTION('',(0.,1.,0.));
#4357=DIRECTION('',(0.845258309637014,0.,0.534357923109201));
#4358=DIRECTION('',(-0.861137010945783,0.,-0.508372942217977));
#4359=DIRECTION('',(-0.508372942217977,0.,0.861137010945783));
#4360=DIRECTION('',(0.,1.,0.));
#4361=DIRECTION('',(-0.508372942217977,0.,0.861137010945783));
#4362=DIRECTION('',(0.186537191632923,0.,-0.982447899960961));
#4363=DIRECTION('',(-0.982447899960961,0.,-0.186537191632923));
#4364=DIRECTION('',(0.,1.,0.));
#4365=DIRECTION('',(-0.982447899960961,0.,-0.186537191632923));
#4366=DIRECTION('',(0.674346209336082,0.,-0.738415323482698));
#4367=DIRECTION('',(-0.738415323482698,0.,-0.674346209336082));
#4368=DIRECTION('',(0.,1.,0.));
#4369=DIRECTION('',(-0.738415323482698,0.,-0.674346209336082));
#4370=DIRECTION('',(0.819962707212744,0.,-0.572416944875279));
#4371=DIRECTION('',(-0.572416944875279,0.,-0.819962707212744));
#4372=DIRECTION('',(0.,1.,0.));
#4373=DIRECTION('',(-0.572416944875279,0.,-0.819962707212744));
#4374=DIRECTION('',(-0.997446798012547,0.,0.071413480061665));
#4375=DIRECTION('',(0.071413480061665,0.,0.997446798012547));
#4376=DIRECTION('',(0.,1.,0.));
#4377=DIRECTION('',(0.071413480061665,0.,0.997446798012547));
#4378=DIRECTION('',(-0.977623425610931,0.,-0.210362633794002));
#4379=DIRECTION('',(-0.210362633794002,0.,0.977623425610931));
#4380=DIRECTION('',(0.,1.,0.));
#4381=DIRECTION('',(-0.210362633794002,0.,0.977623425610931));
#4382=DIRECTION('',(-0.19898655874414,0.,-0.980002219099102));
#4383=DIRECTION('',(-0.980002219099102,0.,0.19898655874414));
#4384=DIRECTION('',(0.,1.,0.));
#4385=DIRECTION('',(-0.980002219099102,0.,0.19898655874414));
#4386=DIRECTION('',(0.110864899915876,0.,-0.993835486369169));
#4387=DIRECTION('',(-0.993835486369169,0.,-0.110864899915876));
#4388=DIRECTION('',(0.,1.,0.));
#4389=DIRECTION('',(-0.993835486369169,0.,-0.110864899915876));
#4390=DIRECTION('',(0.517444081668334,0.,-0.855717022354011));
#4391=DIRECTION('',(-0.855717022354011,0.,-0.517444081668334));
#4392=DIRECTION('',(0.,1.,0.));
#4393=DIRECTION('',(-0.855717022354011,0.,-0.517444081668334));
#4394=DIRECTION('',(0.997645915047529,0.,0.068575711363273));
#4395=DIRECTION('',(0.068575711363273,0.,-0.997645915047529));
#4396=DIRECTION('',(0.,1.,0.));
#4397=DIRECTION('',(0.068575711363273,0.,-0.997645915047529));
#4398=DIRECTION('',(0.630971109337088,0.,0.775806328397703));
#4399=DIRECTION('',(0.775806328397703,0.,-0.630971109337088));
#4400=DIRECTION('',(0.,1.,0.));
#4401=DIRECTION('',(0.775806328397703,0.,-0.630971109337088));
#4402=DIRECTION('',(-0.885262123303422,0.,0.465092434946342));
#4403=DIRECTION('',(0.465092434946342,0.,0.885262123303422));
#4404=DIRECTION('',(0.,1.,0.));
#4405=DIRECTION('',(0.465092434946342,0.,0.885262123303422));
#4406=DIRECTION('',(-0.197116586891575,0.,0.980380054454504));
#4407=DIRECTION('',(0.980380054454504,0.,0.197116586891575));
#4408=DIRECTION('',(0.,1.,0.));
#4409=DIRECTION('',(0.980380054454504,0.,0.197116586891575));
#4410=DIRECTION('',(0.864638595675017,0.,0.502394365881161));
#4411=DIRECTION('',(0.502394365881161,0.,-0.864638595675017));
#4412=DIRECTION('',(0.,1.,0.));
#4413=DIRECTION('',(0.502394365881161,0.,-0.864638595675017));
#4414=DIRECTION('',(0.999577617183828,0.,-0.0290617828961082));
#4415=DIRECTION('',(-0.0290617828961082,0.,-0.999577617183828));
#4416=DIRECTION('',(0.,1.,0.));
#4417=DIRECTION('',(-0.0290617828961082,0.,-0.999577617183828));
#4418=DIRECTION('',(0.811230679193066,0.,0.584726248030613));
#4419=DIRECTION('',(0.584726248030613,0.,-0.811230679193066));
#4420=DIRECTION('',(0.,1.,0.));
#4421=DIRECTION('',(0.584726248030613,0.,-0.811230679193066));
#4422=DIRECTION('',(0.273115120752913,0.,-0.961981356792387));
#4423=DIRECTION('',(-0.961981356792387,0.,-0.273115120752913));
#4424=DIRECTION('',(0.,1.,0.));
#4425=DIRECTION('',(-0.961981356792387,0.,-0.273115120752913));
#4426=DIRECTION('',(0.830514352917874,0.,-0.556997225843544));
#4427=DIRECTION('',(-0.556997225843545,0.,-0.830514352917875));
#4428=DIRECTION('',(0.,1.,0.));
#4429=DIRECTION('',(-0.556997225843545,0.,-0.830514352917875));
#4430=DIRECTION('',(0.841452258278965,0.,0.540331469597348));
#4431=DIRECTION('',(0.540331469597348,0.,-0.841452258278965));
#4432=DIRECTION('',(0.,1.,0.));
#4433=DIRECTION('',(0.540331469597348,0.,-0.841452258278965));
#4434=DIRECTION('',(0.,0.,1.));
#4435=DIRECTION('',(1.,0.,0.));
#4436=DIRECTION('',(0.,1.,0.));
#4437=DIRECTION('',(1.,0.,0.));
#4438=DIRECTION('',(-0.307398874181788,0.,0.951580754403833));
#4439=DIRECTION('',(0.951580754403833,0.,0.307398874181788));
#4440=DIRECTION('',(0.,1.,0.));
#4441=DIRECTION('',(0.951580754403833,0.,0.307398874181788));
#4442=DIRECTION('',(0.,1.,0.));
#4443=DIRECTION('',(0.,0.,1.));
#4444=DIRECTION('',(0.,1.,0.));
#4445=DIRECTION('',(0.,-1.,0.));
#4446=DIRECTION('',(0.,0.,-1.));
#4447=DIRECTION('',(1.,0.,0.));
#4448=DIRECTION('',(0.,0.,-1.));
#4449=DIRECTION('',(0.,1.,0.));
#4450=DIRECTION('',(0.,0.,-1.));
#4451=DIRECTION('',(0.943311981475172,0.,-0.331907375039159));
#4452=DIRECTION('',(-0.331907375039159,0.,-0.943311981475172));
#4453=DIRECTION('',(0.,1.,0.));
#4454=DIRECTION('',(-0.331907375039159,0.,-0.943311981475172));
#4455=DIRECTION('',(1.,0.,0.));
#4456=DIRECTION('',(0.,0.,-1.));
#4457=DIRECTION('',(0.,0.,-1.));
#4458=DIRECTION('',(0.,-1.,0.));
#4459=DIRECTION('',(1.,0.,0.));
#4460=DIRECTION('',(0.488404122545043,0.,0.872617564045675));
#4461=DIRECTION('',(0.872617564045675,0.,-0.488404122545043));
#4462=DIRECTION('',(0.,1.,0.));
#4463=DIRECTION('',(0.872617564045674,0.,-0.488404122545043));
#4464=DIRECTION('',(0.,1.,0.));
#4465=DIRECTION('',(-0.833384013690392,0.,0.552694387275004));
#4466=DIRECTION('',(0.552694387275004,0.,0.833384013690392));
#4467=DIRECTION('',(0.,1.,0.));
#4468=DIRECTION('',(0.552694387275004,0.,0.833384013690392));
#4469=DIRECTION('',(-0.994411929683462,0.,0.105569475243622));
#4470=DIRECTION('',(0.105569475243622,0.,0.994411929683462));
#4471=DIRECTION('',(0.,1.,0.));
#4472=DIRECTION('',(0.105569475243622,0.,0.994411929683462));
#4473=DIRECTION('',(-0.840830448106417,0.,-0.541298584458857));
#4474=DIRECTION('',(-0.541298584458857,0.,0.840830448106417));
#4475=DIRECTION('',(0.,1.,0.));
#4476=DIRECTION('',(-0.541298584458857,0.,0.840830448106417));
#4477=DIRECTION('',(-0.251531320401701,0.,-0.967849159144635));
#4478=DIRECTION('',(-0.967849159144635,0.,0.251531320401701));
#4479=DIRECTION('',(0.,1.,0.));
#4480=DIRECTION('',(-0.967849159144635,0.,0.251531320401701));
#4481=DIRECTION('',(0.254926643079236,0.,-0.966960395594541));
#4482=DIRECTION('',(-0.966960395594541,0.,-0.254926643079236));
#4483=DIRECTION('',(0.,1.,0.));
#4484=DIRECTION('',(-0.966960395594541,0.,-0.254926643079236));
#4485=DIRECTION('',(0.916960500503767,0.,-0.398977995027147));
#4486=DIRECTION('',(-0.398977995027147,0.,-0.916960500503767));
#4487=DIRECTION('',(0.,1.,0.));
#4488=DIRECTION('',(-0.398977995027147,0.,-0.916960500503767));
#4489=DIRECTION('',(0.807396252725683,0.,0.590009568638107));
#4490=DIRECTION('',(0.590009568638107,0.,-0.807396252725683));
#4491=DIRECTION('',(0.,1.,0.));
#4492=DIRECTION('',(0.590009568638107,0.,-0.807396252725683));
#4493=DIRECTION('',(0.303772832646765,0.,0.952744491532625));
#4494=DIRECTION('',(0.952744491532625,0.,-0.303772832646765));
#4495=DIRECTION('',(0.952744491532625,0.,-0.303772832646765));
#4496=DIRECTION('',(0.,-1.,0.));
#4497=DIRECTION('',(1.,0.,0.));
#4498=DIRECTION('',(0.,-1.,0.));
#4499=DIRECTION('',(0.,0.,-1.));
#4500=DIRECTION('',(0.,1.,0.));
#4501=DIRECTION('',(0.,0.,1.));
#4502=DIRECTION('',(0.,-1.,0.));
#4503=DIRECTION('',(0.,0.,-1.));
#4504=DIRECTION('',(0.,1.,0.));
#4505=DIRECTION('',(0.,0.,1.));
#4506=DIRECTION('',(-0.707106781186548,-0.707106781186548,0.));
#4507=DIRECTION('',(0.,0.,1.));
#4508=DIRECTION('',(-0.577350269189626,0.577350269189626,-0.577350269189626));
#4509=DIRECTION('',(-0.577350269189626,0.577350269189626,0.577350269189626));
#4510=DIRECTION('',(0.707106781186548,0.,0.707106781186548));
#4511=DIRECTION('',(0.,1.,0.));
#4512=DIRECTION('',(-0.577350269189626,-0.577350269189626,0.577350269189626));
#4513=DIRECTION('',(0.678598344545848,-0.281084637714817,-0.678598344545848));
#4514=DIRECTION('',(-0.707106781186548,0.707106781186548,0.));
#4515=DIRECTION('',(0.,0.,1.));
#4516=DIRECTION('',(-0.577350269189626,-0.577350269189626,0.577350269189626));
#4517=DIRECTION('',(0.707106781186546,0.5,0.5));
#4518=DIRECTION('',(0.,0.707106781186548,-0.707106781186548));
#4519=DIRECTION('',(-0.678598344545848,0.678598344545848,0.281084637714817));
#4520=DIRECTION('',(-0.707106781186548,0.,-0.707106781186548));
#4521=DIRECTION('',(0.,1.,0.));
#4522=DIRECTION('',(-0.577350269189626,0.577350269189626,0.577350269189626));
#4523=DIRECTION('',(-0.707106781186548,-0.707106781186548,0.));
#4524=DIRECTION('',(0.,0.,1.));
#4525=DIRECTION('',(0.,0.707106781186548,0.707106781186548));
#4526=DIRECTION('',(1.,0.,0.));
#4527=DIRECTION('',(0.,0.707106781186548,0.707106781186548));
#4528=DIRECTION('',(1.,0.,0.));
#4529=DIRECTION('',(-0.281084637714817,-0.678598344545848,0.678598344545848));
#4530=DIRECTION('',(-0.707106781186548,0.,-0.707106781186548));
#4531=DIRECTION('',(0.,1.,0.));
#4532=DIRECTION('',(0.577350269189626,0.577350269189626,-0.577350269189626));
#4533=DIRECTION('',(0.577350269189626,-0.577350269189626,-0.577350269189626));
#4534=DIRECTION('',(-0.5,0.707106781186546,0.5));
#4535=DIRECTION('',(0.707106781186548,0.,0.707106781186548));
#4536=DIRECTION('',(-0.281084637714818,-0.678598344545848,0.678598344545847));
#4537=DIRECTION('',(0.,-0.707106781186547,0.707106781186548));
#4538=DIRECTION('',(1.,0.,0.));
#4539=DIRECTION('',(1.92296268638356E-16,0.707106781186548,0.707106781186547));
#4540=DIRECTION('',(0.707106781186548,0.707106781186548,0.));
#4541=DIRECTION('',(0.,0.,1.));
#4542=DIRECTION('',(-0.707106781186548,0.707106781186548,0.));
#4543=DIRECTION('',(0.707106781186548,-0.707106781186548,0.));
#4544=DIRECTION('',(0.,0.,1.));
#4545=DIRECTION('',(0.577350269189626,0.577350269189626,-0.577350269189625));
#4546=DIRECTION('',(0.577350269189626,0.577350269189626,0.577350269189625));
#4547=DIRECTION('',(0.,0.707106781186547,0.707106781186548));
#4548=DIRECTION('',(1.,0.,0.));
#4549=DIRECTION('',(-0.577350269189626,0.577350269189626,-0.577350269189625));
#4550=DIRECTION('',(-0.577350269189625,-0.577350269189625,0.577350269189627));
#4551=DIRECTION('',(0.707106781186548,0.,0.707106781186547));
#4552=DIRECTION('',(-0.707106781186548,-1.92296268638356E-16,-0.707106781186547));
#4553=DIRECTION('',(-0.707106781186547,0.,0.707106781186548));
#4554=DIRECTION('',(0.,1.,0.));
#4555=DIRECTION('',(0.452411688082598,-0.707106781186549,0.543436900188286));
#4556=DIRECTION('',(0.768535834540269,0.,-0.639806745062517));
#4557=DIRECTION('',(0.4524116880826,0.707106781186549,0.543436900188284));
#4558=DIRECTION('',(0.,-1.,0.));
#4559=DIRECTION('',(0.,0.,-1.));
#4560=DIRECTION('',(0.,0.707106781186546,0.707106781186549));
#4561=DIRECTION('',(0.,-0.707106781186547,0.707106781186548));
#4562=DIRECTION('',(1.,0.,0.));
#4563=DIRECTION('',(0.,0.707106781186548,0.707106781186547));
#4564=DIRECTION('',(0.,1.,0.));
#4565=DIRECTION('',(0.,0.,1.));
#4566=DIRECTION('',(0.,0.707106781186548,-0.707106781186548));
#4567=DIRECTION('',(1.,0.,0.));
#4568=CARTESIAN_POINT('',(0.,0.,0.));
#4569=CARTESIAN_POINT('',(0.11663575,-0.1378,-0.02));
#4570=CARTESIAN_POINT('',(0.123449996113777,-0.1378,-0.0140500846318901));
#4571=CARTESIAN_POINT('',(0.123287342488766,-0.1378,-0.0139590473845601));
#4572=CARTESIAN_POINT('',(0.123612649738789,-0.1378,-0.01414112187922));
#4573=CARTESIAN_POINT('',(0.123762305825949,-0.1378,-0.0141888381913304));
#4574=CARTESIAN_POINT('',(0.123911961913109,-0.1378,-0.0142365545034409));
#4575=CARTESIAN_POINT('',(0.12395317107439,-0.1378,-0.0142929470166564));
#4576=CARTESIAN_POINT('',(0.123994380235672,-0.1378,-0.0143493395298719));
#4577=CARTESIAN_POINT('',(0.12395317107439,-0.1378,-0.0144440494477749));
#4578=CARTESIAN_POINT('',(0.123911961913109,-0.1378,-0.0145387593656778));
#4579=CARTESIAN_POINT('',(0.123752906918526,-0.1378,-0.0145806921645999));
#4580=CARTESIAN_POINT('',(0.123593851923943,-0.1378,-0.014622624963522));
#4581=CARTESIAN_POINT('',(0.1234658844769,-0.1378,-0.0145893679000437));
#4582=CARTESIAN_POINT('',(0.123337917029858,-0.1378,-0.0145561108365655));
#4583=CARTESIAN_POINT('',(0.123263448476791,-0.1378,-0.0144404345192015));
#4584=CARTESIAN_POINT('',(0.123188979923725,-0.1378,-0.0143247582018375));
#4585=CARTESIAN_POINT('',(0.123202718794346,-0.1378,-0.014195344876498));
#4586=CARTESIAN_POINT('',(0.123216457664967,-0.1378,-0.0140659315511584));
#4587=CARTESIAN_POINT('',(0.123251900076866,-0.1378,-0.0140124894678593));
#4588=CARTESIAN_POINT('',(0.124561011791229,-0.1378,-0.0130037702620029));
#4589=CARTESIAN_POINT('',(0.124370567500591,-0.1378,-0.0129369469359517));
#4590=CARTESIAN_POINT('',(0.124751456081867,-0.1378,-0.0130705935880542));
#4591=CARTESIAN_POINT('',(0.124751456081867,-0.1378,-0.013361276127398));
#4592=CARTESIAN_POINT('',(0.124751456081867,-0.1378,-0.0136519586667418));
#4593=CARTESIAN_POINT('',(0.124687973409891,-0.1378,-0.0138323823921382));
#4594=CARTESIAN_POINT('',(0.124624490737915,-0.1378,-0.0140128061175346));
#4595=CARTESIAN_POINT('',(0.124624490737915,-0.1378,-0.0143201947212219));
#4596=CARTESIAN_POINT('',(0.124624490737915,-0.1378,-0.0146275833249092));
#4597=CARTESIAN_POINT('',(0.12466813024272,-0.1378,-0.0146275833249092));
#4598=CARTESIAN_POINT('',(0.124680176377296,-0.1378,-0.0146695272997021));
#4599=CARTESIAN_POINT('',(0.124962173402309,-0.1378,-0.0145784309133887));
#4600=CARTESIAN_POINT('',(0.125244170427322,-0.1378,-0.0144873345270753));
#4601=CARTESIAN_POINT('',(0.125384852290153,-0.1378,-0.0144873345270753));
#4602=CARTESIAN_POINT('',(0.125525534152985,-0.1378,-0.0144873345270753));
#4603=CARTESIAN_POINT('',(0.125569321215153,-0.1378,-0.0145555236376822));
#4604=CARTESIAN_POINT('',(0.125613108277321,-0.1378,-0.0146237127482891));
#4605=CARTESIAN_POINT('',(0.12553271651268,-0.1378,-0.0147435814142227));
#4606=CARTESIAN_POINT('',(0.125452324748039,-0.1378,-0.0148634500801563));
#4607=CARTESIAN_POINT('',(0.125224787741899,-0.1378,-0.0149280498735607));
#4608=CARTESIAN_POINT('',(0.12499725073576,-0.1378,-0.014992649666965));
#4609=CARTESIAN_POINT('',(0.125052068382502,-0.1378,-0.0150687019340694));
#4610=CARTESIAN_POINT('',(0.125106886029243,-0.1378,-0.0151447542011738));
#4611=CARTESIAN_POINT('',(0.12509248405695,-0.1378,-0.015640108846128));
#4612=CARTESIAN_POINT('',(0.125078082084656,-0.1378,-0.0161354634910822));
#4613=CARTESIAN_POINT('',(0.125159882009029,-0.1378,-0.0162762440741062));
#4614=CARTESIAN_POINT('',(0.125241681933403,-0.1378,-0.0164170246571303));
#4615=CARTESIAN_POINT('',(0.12562670558691,-0.1378,-0.0163396112620831));
#4616=CARTESIAN_POINT('',(0.126011729240417,-0.1378,-0.0162621978670359));
#4617=CARTESIAN_POINT('',(0.126176744699478,-0.1378,-0.0159481056034565));
#4618=CARTESIAN_POINT('',(0.126341760158539,-0.1378,-0.0156340133398772));
#4619=CARTESIAN_POINT('',(0.126552723348141,-0.1378,-0.0158055918291211));
#4620=CARTESIAN_POINT('',(0.126763686537743,-0.1378,-0.0159771703183651));
#4621=CARTESIAN_POINT('',(0.126784309744835,-0.1378,-0.0162771986797452));
#4622=CARTESIAN_POINT('',(0.126804932951927,-0.1378,-0.0165772270411253));
#4623=CARTESIAN_POINT('',(0.126535065472126,-0.1378,-0.0167404133826494));
#4624=CARTESIAN_POINT('',(0.126265197992325,-0.1378,-0.0169035997241735));
#4625=CARTESIAN_POINT('',(0.125774584710598,-0.1378,-0.0169583288952708));
#4626=CARTESIAN_POINT('',(0.125283971428871,-0.1378,-0.0170130580663681));
#4627=CARTESIAN_POINT('',(0.125003203749657,-0.1378,-0.0169560490176082));
#4628=CARTESIAN_POINT('',(0.124722436070442,-0.1378,-0.0168990399688482));
#4629=CARTESIAN_POINT('',(0.12467398121953,-0.1378,-0.0166738545522094));
#4630=CARTESIAN_POINT('',(0.124625526368618,-0.1378,-0.0164486691355706));
#4631=CARTESIAN_POINT('',(0.124668281525373,-0.1378,-0.0158514990471303));
#4632=CARTESIAN_POINT('',(0.124711036682129,-0.1378,-0.0152543289586901));
#4633=CARTESIAN_POINT('',(0.124341908842325,-0.1378,-0.0157830887474119));
#4634=CARTESIAN_POINT('',(0.123972781002521,-0.1378,-0.0163118485361337));
#4635=CARTESIAN_POINT('',(0.123660653829575,-0.1378,-0.0165968937799334));
#4636=CARTESIAN_POINT('',(0.123348526656628,-0.1378,-0.0168819390237331));
#4637=CARTESIAN_POINT('',(0.123123340308666,-0.1378,-0.0169246951118111));
#4638=CARTESIAN_POINT('',(0.122898153960705,-0.1378,-0.0169674511998892));
#4639=CARTESIAN_POINT('',(0.12282831966877,-0.1378,-0.0168491583317518));
#4640=CARTESIAN_POINT('',(0.122758485376835,-0.1378,-0.0167308654636144));
#4641=CARTESIAN_POINT('',(0.123130470514297,-0.1378,-0.0164957027882338));
#4642=CARTESIAN_POINT('',(0.12350245565176,-0.1378,-0.0162605401128531));
#4643=CARTESIAN_POINT('',(0.123877286911011,-0.1378,-0.015777443535626));
#4644=CARTESIAN_POINT('',(0.124252118170261,-0.1378,-0.0152943469583988));
#4645=CARTESIAN_POINT('',(0.124018382281065,-0.1378,-0.0153071186505258));
#4646=CARTESIAN_POINT('',(0.123784646391869,-0.1378,-0.0153198903426528));
#4647=CARTESIAN_POINT('',(0.12365922704339,-0.1378,-0.0153683484531939));
#4648=CARTESIAN_POINT('',(0.123533807694912,-0.1378,-0.015416806563735));
#4649=CARTESIAN_POINT('',(0.123468246310949,-0.1378,-0.015416806563735));
#4650=CARTESIAN_POINT('',(0.123402684926987,-0.1378,-0.015416806563735));
#4651=CARTESIAN_POINT('',(0.123375605791807,-0.1378,-0.0153156151063741));
#4652=CARTESIAN_POINT('',(0.123348526656628,-0.1378,-0.0152144236490131));
#4653=CARTESIAN_POINT('',(0.123596515506506,-0.1378,-0.0150747518055141));
#4654=CARTESIAN_POINT('',(0.123844504356384,-0.1378,-0.0149350799620151));
#4655=CARTESIAN_POINT('',(0.124031212180853,-0.1378,-0.0148737952113152));
#4656=CARTESIAN_POINT('',(0.124217920005321,-0.1378,-0.0148125104606152));
#4657=CARTESIAN_POINT('',(0.124236673116684,-0.1378,-0.0143968677148223));
#4658=CARTESIAN_POINT('',(0.124255426228046,-0.1378,-0.0139812249690294));
#4659=CARTESIAN_POINT('',(0.124191291630268,-0.1378,-0.0138002214953303));
#4660=CARTESIAN_POINT('',(0.12412715703249,-0.1378,-0.0136192180216312));
#4661=CARTESIAN_POINT('',(0.124155659228563,-0.1378,-0.0133826304227114));
#4662=CARTESIAN_POINT('',(0.124184161424637,-0.1378,-0.0131460428237915));
#4663=CARTESIAN_POINT('',(0.124277364462614,-0.1378,-0.0130414948798716));
#4664=CARTESIAN_POINT('',(0.124752834439278,-0.1378,-0.0152943469583988));
#4665=CARTESIAN_POINT('',(0.124752834439278,-0.1378,-0.0180443469583988));
#4666=CARTESIAN_POINT('',(0.125192496925592,-0.1378,-0.0140796299092472));
#4667=CARTESIAN_POINT('',(0.124911837279797,-0.1378,-0.0142266415059566));
#4668=CARTESIAN_POINT('',(0.125473156571388,-0.1378,-0.0139326183125377));
#4669=CARTESIAN_POINT('',(0.124875083565712,-0.1378,-0.0140562416054308));
#4670=CARTESIAN_POINT('',(0.124838329851627,-0.1378,-0.013885841704905));
#4671=CARTESIAN_POINT('',(0.124955270439386,-0.1378,-0.0136953946202993));
#4672=CARTESIAN_POINT('',(0.125072211027145,-0.1378,-0.0135049475356936));
#4673=CARTESIAN_POINT('',(0.125249296426773,-0.1378,-0.0133746415376663));
#4674=CARTESIAN_POINT('',(0.125426381826401,-0.1378,-0.013244335539639));
#4675=CARTESIAN_POINT('',(0.125583417713642,-0.1378,-0.0134047120809555));
#4676=CARTESIAN_POINT('',(0.125740453600883,-0.1378,-0.013565088622272));
#4677=CARTESIAN_POINT('',(0.125606805086136,-0.1378,-0.0137488534674048));
#4678=CARTESIAN_POINT('',(0.11663575,-0.09735,-0.02));
#4679=CARTESIAN_POINT('',(0.119645274734413,-0.061202,-0.02));
#4680=CARTESIAN_POINT('',(0.119645274734413,-0.0612,-0.02));
#4681=CARTESIAN_POINT('',(0.119645274734413,-0.0579,-0.02));
#4682=CARTESIAN_POINT('',(0.137326225265587,-0.0579,-0.02));
#4683=CARTESIAN_POINT('',(0.137326225265587,-0.0579,-0.02));
#4684=CARTESIAN_POINT('',(0.137326225265587,-0.061202,-0.02));
#4685=CARTESIAN_POINT('',(0.137326225265587,-0.0612,-0.02));
#4686=CARTESIAN_POINT('',(0.12848575,-0.0612,-0.02));
#4687=CARTESIAN_POINT('',(0.11648575,-0.056898,-0.0176996794668123));
#4688=CARTESIAN_POINT('',(0.11648575,-0.0569,-0.0176996794668123));
#4689=CARTESIAN_POINT('',(0.11648575,-0.0569,-0.0139663204759361));
#4690=CARTESIAN_POINT('',(0.11648575,-0.0569,-0.017026657386774));
#4691=CARTESIAN_POINT('',(0.11648575,-0.061202,-0.017026657386774));
#4692=CARTESIAN_POINT('',(0.11648575,-0.0612,-0.017026657386774));
#4693=CARTESIAN_POINT('',(0.11648575,-0.0612,-0.0143421794668123));
#4694=CARTESIAN_POINT('',(0.11648575,-0.0612,-0.013285));
#4695=CARTESIAN_POINT('',(0.11648575,-0.061202,-0.013285));
#4696=CARTESIAN_POINT('',(0.11648575,-0.0589,-0.013285));
#4697=CARTESIAN_POINT('',(0.11648575,-0.0589,-0.0143421794668123));
#4698=CARTESIAN_POINT('',(0.11648575,-0.0589,-0.0153993589336246));
#4699=CARTESIAN_POINT('',(0.11648575,-0.056898,-0.0153993589336246));
#4700=CARTESIAN_POINT('',(0.11648575,-0.0579,-0.0153993589336246));
#4701=CARTESIAN_POINT('',(0.11648575,-0.0579,-0.0153993589336247));
#4702=CARTESIAN_POINT('',(0.11648575,-0.0575754897232968,-0.0149155225601845));
#4703=CARTESIAN_POINT('',(0.11648575,-0.0572413507191091,-0.0144384052858954));
#4704=CARTESIAN_POINT('',(0.11648575,-0.0569,-0.013966320475936));
#4705=CARTESIAN_POINT('',(0.11663575,-0.09735,-0.02));
#4706=CARTESIAN_POINT('',(0.11663575,-0.1378,-0.02));
#4707=CARTESIAN_POINT('',(0.119645274734413,-0.1378,-0.02));
#4708=CARTESIAN_POINT('',(0.137326225265587,-0.1378,-0.02));
#4709=CARTESIAN_POINT('',(0.119645274734413,-0.137802,-0.02));
#4710=CARTESIAN_POINT('',(0.119645274734413,-0.1336,-0.02));
#4711=CARTESIAN_POINT('',(0.12806075,-0.1336,-0.02));
#4712=CARTESIAN_POINT('',(0.137326225265587,-0.1336,-0.02));
#4713=CARTESIAN_POINT('',(0.137326225265587,-0.137802,-0.02));
#4714=CARTESIAN_POINT('',(0.13899575,-0.1336,-0.020085));
#4715=CARTESIAN_POINT('',(0.12298575,-0.1336,-0.013285));
#4716=CARTESIAN_POINT('',(0.11648575,-0.1336,-0.017026657386774));
#4717=CARTESIAN_POINT('',(0.11648575,-0.1336,-0.0166425));
#4718=CARTESIAN_POINT('',(0.11648575,-0.1336,-0.013285));
#4719=CARTESIAN_POINT('',(0.11698575,-0.1336,-0.013285));
#4720=CARTESIAN_POINT('',(0.11748575,-0.1336,-0.013285));
#4721=CARTESIAN_POINT('',(0.12298575,-0.1336,-0.013285));
#4722=CARTESIAN_POINT('',(0.12298575,-0.1336,-0.018785));
#4723=CARTESIAN_POINT('',(0.12848575,-0.1336,-0.018785));
#4724=CARTESIAN_POINT('',(0.13398575,-0.1336,-0.018785));
#4725=CARTESIAN_POINT('',(0.13398575,-0.1336,-0.013285));
#4726=CARTESIAN_POINT('',(0.13948575,-0.1336,-0.013285));
#4727=CARTESIAN_POINT('',(0.13956075,-0.1336,-0.013285));
#4728=CARTESIAN_POINT('',(0.13963575,-0.1336,-0.013285));
#4729=CARTESIAN_POINT('',(0.13963575,-0.1336,-0.0166425));
#4730=CARTESIAN_POINT('',(0.13963575,-0.1336,-0.0182172915566702));
#4731=CARTESIAN_POINT('',(0.13398575,-0.1336,-0.0132850000000003));
#4732=CARTESIAN_POINT('',(0.129904936700893,-0.137802,0.009345));
#4733=CARTESIAN_POINT('',(0.129904936700893,-0.1378,0.009345));
#4734=CARTESIAN_POINT('',(0.137018438714136,-0.1378,0.009345));
#4735=CARTESIAN_POINT('',(0.14063575,-0.1378,0.009345));
#4736=CARTESIAN_POINT('',(0.14063575,-0.137802,0.009345));
#4737=CARTESIAN_POINT('',(0.14063575,-0.11522,0.009345));
#4738=CARTESIAN_POINT('',(0.129904936700893,-0.11522,0.009345));
#4739=CARTESIAN_POINT('',(0.13963575,-0.11522,0.009345));
#4740=CARTESIAN_POINT('',(0.13963575,-0.056898,0.009345));
#4741=CARTESIAN_POINT('',(0.13963575,-0.1358,0.009345));
#4742=CARTESIAN_POINT('',(0.129904936700893,-0.1358,0.009345));
#4743=CARTESIAN_POINT('',(0.119019422863406,-0.1358,0.009345));
#4744=CARTESIAN_POINT('',(0.119019422863406,-0.137802,0.009345));
#4745=CARTESIAN_POINT('',(0.119019422863406,-0.1378,0.009345));
#4746=CARTESIAN_POINT('',(0.129904936700893,-0.1378,0.009345));
#4747=CARTESIAN_POINT('',(0.119781561285864,-0.1378,0.009345));
#4748=CARTESIAN_POINT('',(0.121355604498787,-0.137200008974379,0.009345));
#4749=CARTESIAN_POINT('',(0.120780425161044,-0.137198166931311,0.009345));
#4750=CARTESIAN_POINT('',(0.120252488050117,-0.137485693715499,0.009345));
#4751=CARTESIAN_POINT('',(0.119781561285864,-0.1378,0.009345));
#4752=CARTESIAN_POINT('',(0.121355604498787,-0.137200008974379,0.009345));
#4753=CARTESIAN_POINT('',(0.11663575,-0.1372,0.009345));
#4754=CARTESIAN_POINT('',(0.13545,-0.1372,0.009345));
#4755=CARTESIAN_POINT('',(0.137018438714136,-0.1378,0.009345));
#4756=CARTESIAN_POINT('',(0.136553240180506,-0.13748951685536,0.009345));
#4757=CARTESIAN_POINT('',(0.136025305123636,-0.1372,0.009345));
#4758=CARTESIAN_POINT('',(0.13545,-0.1372,0.009345));
#4759=CARTESIAN_POINT('',(0.14163575,-0.09735,-0.02));
#4760=CARTESIAN_POINT('',(0.14163575,-0.137802,-0.013285));
#4761=CARTESIAN_POINT('',(0.14163575,-0.1368,-0.013285));
#4762=CARTESIAN_POINT('',(0.14163575,-0.0579,-0.013285));
#4763=CARTESIAN_POINT('',(0.14163575,-0.0579,-0.02));
#4764=CARTESIAN_POINT('',(0.14163575,-0.0579,0.00581566017177982));
#4765=CARTESIAN_POINT('',(0.14163575,-0.11322,0.00581566017177982));
#4766=CARTESIAN_POINT('',(0.14163575,-0.113634213562373,0.00581566017177982));
#4767=CARTESIAN_POINT('',(0.14163575,-0.114927106781186,0.00710855339059327));
#4768=CARTESIAN_POINT('',(0.14163575,-0.11522,0.00740144660940673));
#4769=CARTESIAN_POINT('',(0.14163575,-0.11522,-0.02));
#4770=CARTESIAN_POINT('',(0.14163575,-0.11522,0.008345));
#4771=CARTESIAN_POINT('',(0.14163575,-0.09735,0.008345));
#4772=CARTESIAN_POINT('',(0.14163575,-0.1368,0.008345));
#4773=CARTESIAN_POINT('',(0.14163575,-0.1368,-0.02));
#4774=CARTESIAN_POINT('',(0.11663575,-0.0589,-0.02));
#4775=CARTESIAN_POINT('',(0.09613575,-0.0589,-0.00477926325238926));
#4776=CARTESIAN_POINT('',(0.09613575,-0.0589,-0.00377926325238926));
#4777=CARTESIAN_POINT('',(0.11448575,-0.0589,-0.009285));
#4778=CARTESIAN_POINT('',(0.11448575,-0.0589,-0.008285));
#4779=CARTESIAN_POINT('',(0.11663575,-0.0589,-0.00387999999999995));
#4780=CARTESIAN_POINT('',(0.1059335,-0.0589,-0.00388));
#4781=CARTESIAN_POINT('',(0.1001535,-0.0589,-0.00388));
#4782=CARTESIAN_POINT('',(0.1001535,-0.0589,-0.00205999999999994));
#4783=CARTESIAN_POINT('',(0.0983392418122585,-0.0589,-0.0022043761041285));
#4784=CARTESIAN_POINT('',(0.100142993868097,-0.0589,-0.00206026787521955));
#4785=CARTESIAN_POINT('',(0.098334088450564,-0.0589,-0.00210638960105199));
#4786=CARTESIAN_POINT('',(0.1001535,-0.0589,-0.00206));
#4787=CARTESIAN_POINT('',(0.1001535,-0.0589,-0.000240000000000009));
#4788=CARTESIAN_POINT('',(0.11663575,-0.0589,-0.000239999999999953));
#4789=CARTESIAN_POINT('',(0.1059335,-0.0589,-0.00023999999999999));
#4790=CARTESIAN_POINT('',(0.1059335,-0.0589,-0.00205999999999998));
#4791=CARTESIAN_POINT('',(0.107753482816968,-0.0589,-0.00206790859912337));
#4792=CARTESIAN_POINT('',(0.105922072491249,-0.0589,-0.00205958386557045));
#4793=CARTESIAN_POINT('',(0.10774778534088,-0.0589,-0.00220419304187201));
#4794=CARTESIAN_POINT('',(0.1059335,-0.0589,-0.00206));
#4795=CARTESIAN_POINT('',(0.0948197148282202,-0.0589,0.00201));
#4796=CARTESIAN_POINT('',(0.09363575,-0.0589,0.00201));
#4797=CARTESIAN_POINT('',(0.0960036796564404,-0.0589,0.00201));
#4798=CARTESIAN_POINT('',(0.09363575,-0.0589,-0.02));
#4799=CARTESIAN_POINT('',(0.09363575,-0.0589,-0.00677926325238925));
#4800=CARTESIAN_POINT('',(0.113721465346047,-0.0589,-0.0235006386004806));
#4801=CARTESIAN_POINT('',(0.0976266957177749,-0.0589,-0.010101729004345));
#4802=CARTESIAN_POINT('',(0.09993,-0.0589,-0.007335));
#4803=CARTESIAN_POINT('',(0.09993,-0.0589,-0.010935));
#4804=CARTESIAN_POINT('',(0.11663575,-0.0589,-0.010935));
#4805=CARTESIAN_POINT('',(0.10643,-0.0589,-0.010935));
#4806=CARTESIAN_POINT('',(0.10643,-0.0589,-0.0244922218262985));
#4807=CARTESIAN_POINT('',(0.106429999999996,-0.0589,-0.0244922218263026));
#4808=CARTESIAN_POINT('',(0.117598643699654,-0.0589,-0.0143936413796938));
#4809=CARTESIAN_POINT('',(0.12298575,-0.0589,-0.013285));
#4810=CARTESIAN_POINT('',(0.12298575,-0.0589,-0.018785));
#4811=CARTESIAN_POINT('',(0.12848575,-0.0589,-0.018785));
#4812=CARTESIAN_POINT('',(0.13398575,-0.0589,-0.018785));
#4813=CARTESIAN_POINT('',(0.13398575,-0.0589,-0.013285));
#4814=CARTESIAN_POINT('',(0.13948575,-0.0589,-0.013285));
#4815=CARTESIAN_POINT('',(0.13956075,-0.0589,-0.013285));
#4816=CARTESIAN_POINT('',(0.13963575,-0.0589,-0.013285));
#4817=CARTESIAN_POINT('',(0.13963575,-0.0589,-0.02));
#4818=CARTESIAN_POINT('',(0.13963575,-0.0589,0.00681566017177982));
#4819=CARTESIAN_POINT('',(0.14063575,-0.0589,0.00681566017177982));
#4820=CARTESIAN_POINT('',(0.136487655895149,-0.0589,0.00681566017177982));
#4821=CARTESIAN_POINT('',(0.1343,-0.0589,0.004345));
#4822=CARTESIAN_POINT('',(0.132112344104851,-0.0589,0.00681566017177982));
#4823=CARTESIAN_POINT('',(0.14063575,-0.0589,0.00681566017177982));
#4824=CARTESIAN_POINT('',(0.10080933982822,-0.0589,0.00681566017177981));
#4825=CARTESIAN_POINT('',(0.0984065097423303,-0.0589,0.0044128300858899));
#4826=CARTESIAN_POINT('',(0.104604491886747,-0.137802,0.00251));
#4827=CARTESIAN_POINT('',(0.09263575,-0.0589,0.00251));
#4828=CARTESIAN_POINT('',(0.09263575,-0.0589,0.00251));
#4829=CARTESIAN_POINT('',(0.09363575,-0.0589,0.00251));
#4830=CARTESIAN_POINT('',(0.09263575,-0.1378,0.00251));
#4831=CARTESIAN_POINT('',(0.09263575,-0.1368,0.00251));
#4832=CARTESIAN_POINT('',(0.115073233773495,-0.1368,0.00251));
#4833=CARTESIAN_POINT('',(0.115073233773495,-0.1368,0.00251));
#4834=CARTESIAN_POINT('',(0.115073233773495,-0.137802,0.00251));
#4835=CARTESIAN_POINT('',(0.115073233773495,-0.1358,0.00251));
#4836=CARTESIAN_POINT('',(0.104604491886747,-0.1358,0.00251));
#4837=CARTESIAN_POINT('',(0.09363575,-0.1358,0.00251));
#4838=CARTESIAN_POINT('',(0.09363575,-0.056898,0.00251));
#4839=CARTESIAN_POINT('',(0.13963575,-0.09735,-0.02));
#4840=CARTESIAN_POINT('',(0.13963575,-0.11522,0.009345));
#4841=CARTESIAN_POINT('',(0.13963575,-0.11422,0.008345));
#4842=CARTESIAN_POINT('',(0.13963575,-0.11422,-0.02));
#4843=CARTESIAN_POINT('',(0.13963575,-0.11422,0.00781566017177982));
#4844=CARTESIAN_POINT('',(0.13963575,-0.0918771699141101,-0.0145271699141101));
#4845=CARTESIAN_POINT('',(0.13963575,-0.11322,0.00681566017177982));
#4846=CARTESIAN_POINT('',(0.13963575,-0.114222,0.00681566017177982));
#4847=CARTESIAN_POINT('',(0.13963575,-0.061202,-0.013285));
#4848=CARTESIAN_POINT('',(0.13963575,-0.0612,-0.013285));
#4849=CARTESIAN_POINT('',(0.13963575,-0.0612,-0.0157511457783351));
#4850=CARTESIAN_POINT('',(0.13963575,-0.0612,-0.0182172915566702));
#4851=CARTESIAN_POINT('',(0.13963575,-0.137802,-0.0182172915566702));
#4852=CARTESIAN_POINT('',(0.13963575,-0.133598,-0.013285));
#4853=CARTESIAN_POINT('',(0.13963575,-0.1358,-0.013285));
#4854=CARTESIAN_POINT('',(0.13963575,-0.1358,-0.02));
#4855=CARTESIAN_POINT('',(0.11663575,-0.0569,-0.02));
#4856=CARTESIAN_POINT('',(0.09613575,-0.0569,-0.00477926325238926));
#4857=CARTESIAN_POINT('',(0.09613575,-0.0569,-0.00577926325238926));
#4858=CARTESIAN_POINT('',(0.11448575,-0.0569,-0.009285));
#4859=CARTESIAN_POINT('',(0.11448575,-0.0569,-0.010285));
#4860=CARTESIAN_POINT('',(0.13398575,-0.0569,-0.0132850000000003));
#4861=CARTESIAN_POINT('',(0.138842577668345,-0.0569,-0.019));
#4862=CARTESIAN_POINT('',(0.14063575,-0.0569,-0.0167530686267719));
#4863=CARTESIAN_POINT('',(0.119645274734413,-0.0569,-0.019));
#4864=CARTESIAN_POINT('',(0.118128922331655,-0.0569,-0.019));
#4865=CARTESIAN_POINT('',(0.12298575,-0.0569,-0.013285));
#4866=CARTESIAN_POINT('',(0.10643,-0.0569,-0.0244922218262985));
#4867=CARTESIAN_POINT('',(0.10643,-0.0569,-0.009935));
#4868=CARTESIAN_POINT('',(0.11663575,-0.0569,-0.009935));
#4869=CARTESIAN_POINT('',(0.09993,-0.0569,-0.009935));
#4870=CARTESIAN_POINT('',(0.09993,-0.0569,-0.007335));
#4871=CARTESIAN_POINT('',(0.0982665024628374,-0.0569,-0.0093331931698047));
#4872=CARTESIAN_POINT('',(0.114361272091109,-0.0569,-0.0227321027659404));
#4873=CARTESIAN_POINT('',(0.0951987219563245,-0.0569,-0.00677926325238925));
#4874=CARTESIAN_POINT('',(0.09263575,-0.0569,-0.00677926325238925));
#4875=CARTESIAN_POINT('',(0.09263575,-0.0569,-0.00677926325238925));
#4876=CARTESIAN_POINT('',(0.09263575,-0.0569,-0.02));
#4877=CARTESIAN_POINT('',(0.09263575,-0.0569,0.00101));
#4878=CARTESIAN_POINT('',(0.0960036796564404,-0.0569,0.00101));
#4879=CARTESIAN_POINT('',(0.0964178932188135,-0.0569,0.00101));
#4880=CARTESIAN_POINT('',(0.101516446609407,-0.0569,0.00610855339059327));
#4881=CARTESIAN_POINT('',(0.101223553390593,-0.0569,0.00581566017177982));
#4882=CARTESIAN_POINT('',(0.12961109412383,-0.0569,0.00581566017177982));
#4883=CARTESIAN_POINT('',(0.129208128177267,-0.0569,0.00581566017177982));
#4884=CARTESIAN_POINT('',(0.1343,-0.0569,0.004345));
#4885=CARTESIAN_POINT('',(0.139391871822733,-0.0569,0.00581566017177982));
#4886=CARTESIAN_POINT('',(0.14063575,-0.0569,0.00581566017177982));
#4887=CARTESIAN_POINT('',(0.14063575,-0.0569,0.00581566017177982));
#4888=CARTESIAN_POINT('',(0.14063575,-0.0569,-0.02));
#4889=CARTESIAN_POINT('',(0.1001535,-0.0569,-0.00205999999999994));
#4890=CARTESIAN_POINT('',(0.0963455446209679,-0.0569,-0.00236303171391352));
#4891=CARTESIAN_POINT('',(0.1001535,-0.0569,-0.00588));
#4892=CARTESIAN_POINT('',(0.11663575,-0.0569,-0.00588));
#4893=CARTESIAN_POINT('',(0.1059335,-0.0569,-0.00588));
#4894=CARTESIAN_POINT('',(0.1059335,-0.0569,-0.00206));
#4895=CARTESIAN_POINT('',(0.109741540963759,-0.0569,-0.00236211237646471));
#4896=CARTESIAN_POINT('',(0.105922072491249,-0.0569,-0.00205958386557045));
#4897=CARTESIAN_POINT('',(0.109753463934516,-0.0569,-0.00207659936739085));
#4898=CARTESIAN_POINT('',(0.1059335,-0.0569,-0.00205999999999998));
#4899=CARTESIAN_POINT('',(0.1059335,-0.0569,0.00176));
#4900=CARTESIAN_POINT('',(0.1001535,-0.0569,0.00176));
#4901=CARTESIAN_POINT('',(0.1001535,-0.0569,0.00176));
#4902=CARTESIAN_POINT('',(0.1001535,-0.0569,-0.00206));
#4903=CARTESIAN_POINT('',(0.0963347410836674,-0.0569,-0.00215736703204829));
#4904=CARTESIAN_POINT('',(0.100142993868097,-0.0569,-0.00206026787521955));
#4905=CARTESIAN_POINT('',(0.11663575,-0.1378,-0.02));
#4906=CARTESIAN_POINT('',(0.128688722848892,-0.1378,-0.0047171670012176));
#4907=CARTESIAN_POINT('',(0.128688722848892,-0.1378,-0.0104671670012176));
#4908=CARTESIAN_POINT('',(0.138681617728237,-0.1378,-0.00577349081072037));
#4909=CARTESIAN_POINT('',(0.138681617728237,-0.1378,-0.0131136783996725));
#4910=CARTESIAN_POINT('',(0.138681617728237,-0.1378,-0.000433303221768283));
#4911=CARTESIAN_POINT('',(0.136681617728237,-0.1378,-0.000433303221768283));
#4912=CARTESIAN_POINT('',(0.136681617728237,-0.1378,0.00156669677823171));
#4913=CARTESIAN_POINT('',(0.128671015283526,-0.1378,0.00156669677823171));
#4914=CARTESIAN_POINT('',(0.120660412838816,-0.1378,0.00156669677823171));
#4915=CARTESIAN_POINT('',(0.120660412838816,-0.1378,-0.000433303221768285));
#4916=CARTESIAN_POINT('',(0.118660412838816,-0.1378,-0.000433303221768285));
#4917=CARTESIAN_POINT('',(0.118660412838816,-0.1378,-0.00561922770162423));
#4918=CARTESIAN_POINT('',(0.118660412838816,-0.1378,-0.0128051521814802));
#4919=CARTESIAN_POINT('',(0.128337925871346,-0.1378,-0.0345746005620273));
#4920=CARTESIAN_POINT('',(0.118158217318225,-0.1378,-0.0130354112768752));
#4921=CARTESIAN_POINT('',(0.118158217318225,-0.1378,-0.0053202056384376));
#4922=CARTESIAN_POINT('',(0.118158217318225,-0.1378,0.000395));
#4923=CARTESIAN_POINT('',(0.120158217318225,-0.1378,0.000395));
#4924=CARTESIAN_POINT('',(0.120158217318225,-0.1378,0.002395));
#4925=CARTESIAN_POINT('',(0.128729108659113,-0.1378,0.002395));
#4926=CARTESIAN_POINT('',(0.1373,-0.1378,0.002395));
#4927=CARTESIAN_POINT('',(0.1373,-0.1378,0.000394999999999996));
#4928=CARTESIAN_POINT('',(0.1393,-0.1378,0.000395));
#4929=CARTESIAN_POINT('',(0.1393,-0.1378,-0.00551393067035145));
#4930=CARTESIAN_POINT('',(0.1393,-0.1378,-0.0134228613407029));
#4931=CARTESIAN_POINT('',(0.128337925871366,-0.1378,-0.0345746005620754));
#4932=CARTESIAN_POINT('',(0.12298575,-0.1378,-0.0132850000000001));
#4933=CARTESIAN_POINT('',(0.118158217318225,-0.1378,-0.0168479942753808));
#4934=CARTESIAN_POINT('',(0.120018634397264,-0.1378,-0.0185));
#4935=CARTESIAN_POINT('',(0.118158217318225,-0.1378,-0.0152188824042626));
#4936=CARTESIAN_POINT('',(0.118158217318225,-0.1378,-0.0135897705331445));
#4937=CARTESIAN_POINT('',(0.128337925871371,-0.1378,-0.0345746005620645));
#4938=CARTESIAN_POINT('',(0.1393,-0.1378,-0.0139876510947943));
#4939=CARTESIAN_POINT('',(0.1393,-0.1378,-0.0150290519147698));
#4940=CARTESIAN_POINT('',(0.1393,-0.1378,-0.0160704527347452));
#4941=CARTESIAN_POINT('',(0.13398575,-0.1378,-0.0132850000000004));
#4942=CARTESIAN_POINT('',(0.136952865602736,-0.1378,-0.0185));
#4943=CARTESIAN_POINT('',(0.12848575,-0.1378,-0.0185));
#4944=CARTESIAN_POINT('',(0.11448575,-0.1378,-0.009285));
#4945=CARTESIAN_POINT('',(0.11448575,-0.1378,-0.010285));
#4946=CARTESIAN_POINT('',(0.118730747728811,-0.1378,0.008845));
#4947=CARTESIAN_POINT('',(0.114495883504305,-0.1378,0.00151));
#4948=CARTESIAN_POINT('',(0.09163575,-0.1378,0.00151));
#4949=CARTESIAN_POINT('',(0.09263575,-0.1378,0.00151));
#4950=CARTESIAN_POINT('',(0.09263575,-0.1378,-0.02));
#4951=CARTESIAN_POINT('',(0.09263575,-0.1378,-0.00677926325238925));
#4952=CARTESIAN_POINT('',(0.09263575,-0.1378,-0.00677926325238925));
#4953=CARTESIAN_POINT('',(0.09363575,-0.1378,-0.00677926325238925));
#4954=CARTESIAN_POINT('',(0.0956312228588874,-0.1378,-0.00844049612836711));
#4955=CARTESIAN_POINT('',(0.0976266957177749,-0.1378,-0.010101729004345));
#4956=CARTESIAN_POINT('',(0.09993,-0.1378,-0.007335));
#4957=CARTESIAN_POINT('',(0.09633,-0.1378,-0.007335));
#4958=CARTESIAN_POINT('',(0.09633,-0.1378,-0.02));
#4959=CARTESIAN_POINT('',(0.09633,-0.1378,-0.00123500000000002));
#4960=CARTESIAN_POINT('',(0.10703,-0.1378,-0.00123500000000002));
#4961=CARTESIAN_POINT('',(0.11003,-0.1378,-0.00123500000000002));
#4962=CARTESIAN_POINT('',(0.11003,-0.1378,-0.007335));
#4963=CARTESIAN_POINT('',(0.11003,-0.1378,-0.007335));
#4964=CARTESIAN_POINT('',(0.10643,-0.1378,-0.007335));
#4965=CARTESIAN_POINT('',(0.10643,-0.1378,-0.010935));
#4966=CARTESIAN_POINT('',(0.10643,-0.1378,-0.0244922218262985));
#4967=CARTESIAN_POINT('',(0.11648575,-0.1378,-0.0153993589336246));
#4968=CARTESIAN_POINT('',(0.11648575,-0.1378,-0.0176996794668123));
#4969=CARTESIAN_POINT('',(0.11648575,-0.1378,-0.017026657386774));
#4970=CARTESIAN_POINT('',(0.12298575,-0.1378,-0.013285));
#4971=CARTESIAN_POINT('',(0.13398575,-0.1378,-0.013285));
#4972=CARTESIAN_POINT('',(0.14063575,-0.1378,-0.016753068626772));
#4973=CARTESIAN_POINT('',(0.14063575,-0.1378,-0.02));
#4974=CARTESIAN_POINT('',(0.13545,-0.1378,0.007595));
#4975=CARTESIAN_POINT('',(0.1378,-0.1378,0.007595));
#4976=CARTESIAN_POINT('',(0.1378,-0.1378,0.005995));
#4977=CARTESIAN_POINT('',(0.1378,-0.1378,0.003895));
#4978=CARTESIAN_POINT('',(0.1211,-0.1378,0.003895));
#4979=CARTESIAN_POINT('',(0.119,-0.1378,0.003895));
#4980=CARTESIAN_POINT('',(0.119,-0.1378,0.007595));
#4981=CARTESIAN_POINT('',(0.119,-0.1378,0.007595));
#4982=CARTESIAN_POINT('',(0.12135,-0.1378,0.007595));
#4983=CARTESIAN_POINT('',(0.09163575,-0.09735,-0.02));
#4984=CARTESIAN_POINT('',(0.09163575,-0.1368,-0.02));
#4985=CARTESIAN_POINT('',(0.09163575,-0.1368,-0.00577926325238925));
#4986=CARTESIAN_POINT('',(0.09163575,-0.1368,0.00151));
#4987=CARTESIAN_POINT('',(0.09163575,-0.0589,0.00151));
#4988=CARTESIAN_POINT('',(0.09163575,-0.0579,0.00151));
#4989=CARTESIAN_POINT('',(0.09163575,-0.0579,-0.02));
#4990=CARTESIAN_POINT('',(0.09163575,-0.0579,-0.00577926325238925));
#4991=CARTESIAN_POINT('',(0.09163575,-0.1378,-0.00577926325238925));
#4992=CARTESIAN_POINT('',(0.09363575,-0.09735,-0.02));
#4993=CARTESIAN_POINT('',(0.09363575,-0.0589,-0.02));
#4994=CARTESIAN_POINT('',(0.09363575,-0.1358,-0.02));
#4995=CARTESIAN_POINT('',(0.09363575,-0.1358,-0.00677926325238925));
#4996=CARTESIAN_POINT('',(0.09363575,-0.056898,-0.00677926325238925));
#4997=CARTESIAN_POINT('',(0.11663575,-0.1358,-0.02));
#4998=CARTESIAN_POINT('',(0.11448575,-0.1358,-0.009285));
#4999=CARTESIAN_POINT('',(0.11448575,-0.1358,-0.010285));
#5000=CARTESIAN_POINT('',(0.11663575,-0.1358,0.007945));
#5001=CARTESIAN_POINT('',(0.13545,-0.1358,0.007945));
#5002=CARTESIAN_POINT('',(0.121355596379755,-0.1358,0.00794495525504502));
#5003=CARTESIAN_POINT('',(0.12135,-0.1358,0.007595));
#5004=CARTESIAN_POINT('',(0.121,-0.1358,0.007595));
#5005=CARTESIAN_POINT('',(0.121,-0.1358,-0.02));
#5006=CARTESIAN_POINT('',(0.121,-0.1358,0.005895));
#5007=CARTESIAN_POINT('',(0.11663575,-0.1358,0.005895));
#5008=CARTESIAN_POINT('',(0.1358,-0.1358,0.005895));
#5009=CARTESIAN_POINT('',(0.1358,-0.1358,-0.02));
#5010=CARTESIAN_POINT('',(0.1358,-0.1358,0.007595));
#5011=CARTESIAN_POINT('',(0.13545,-0.1358,0.007595));
#5012=CARTESIAN_POINT('',(0.09833,-0.1358,-0.007135));
#5013=CARTESIAN_POINT('',(0.09833,-0.1358,-0.003235));
#5014=CARTESIAN_POINT('',(0.09833,-0.1358,-0.00733500000000011));
#5015=CARTESIAN_POINT('',(0.09993,-0.1358,-0.007335));
#5016=CARTESIAN_POINT('',(0.09993,-0.1358,-0.008935));
#5017=CARTESIAN_POINT('',(0.11663575,-0.1358,-0.008935));
#5018=CARTESIAN_POINT('',(0.10643,-0.1358,-0.008935));
#5019=CARTESIAN_POINT('',(0.10643,-0.1358,-0.007335));
#5020=CARTESIAN_POINT('',(0.10803,-0.1358,-0.007335));
#5021=CARTESIAN_POINT('',(0.10803,-0.1358,-0.02));
#5022=CARTESIAN_POINT('',(0.10803,-0.1358,-0.003235));
#5023=CARTESIAN_POINT('',(0.11663575,-0.1358,-0.003235));
#5024=CARTESIAN_POINT('',(0.10643,-0.1358,-0.0244922218262985));
#5025=CARTESIAN_POINT('',(0.10643,-0.1358,-0.010935));
#5026=CARTESIAN_POINT('',(0.11648575,-0.1358,-0.0153993589336246));
#5027=CARTESIAN_POINT('',(0.10318,-0.1358,-0.010935));
#5028=CARTESIAN_POINT('',(0.09993,-0.1358,-0.010935));
#5029=CARTESIAN_POINT('',(0.09993,-0.1358,-0.007335));
#5030=CARTESIAN_POINT('',(0.0976266957177749,-0.1358,-0.010101729004345));
#5031=CARTESIAN_POINT('',(0.0956312228588874,-0.1358,-0.00844049612836711));
#5032=CARTESIAN_POINT('',(0.118730747728811,-0.1358,0.008845));
#5033=CARTESIAN_POINT('',(0.13956075,-0.1358,-0.013285));
#5034=CARTESIAN_POINT('',(0.13948575,-0.1358,-0.013285));
#5035=CARTESIAN_POINT('',(0.13398575,-0.1358,-0.013285));
#5036=CARTESIAN_POINT('',(0.13398575,-0.1358,-0.018785));
#5037=CARTESIAN_POINT('',(0.12848575,-0.1358,-0.018785));
#5038=CARTESIAN_POINT('',(0.12298575,-0.1358,-0.018785));
#5039=CARTESIAN_POINT('',(0.12298575,-0.1358,-0.013285));
#5040=CARTESIAN_POINT('',(0.11748575,-0.1358,-0.013285));
#5041=CARTESIAN_POINT('',(0.11698575,-0.1358,-0.013285));
#5042=CARTESIAN_POINT('',(0.11648575,-0.1358,-0.013285));
#5043=CARTESIAN_POINT('',(0.11648575,-0.1358,-0.0166425));
#5044=CARTESIAN_POINT('',(0.13545,-0.1378,0.007595));
#5045=CARTESIAN_POINT('',(0.13545,-0.1357,0.007845));
#5046=CARTESIAN_POINT('',(0.1357,-0.1357,0.007595));
#5047=CARTESIAN_POINT('',(0.11663575,-0.1378,0.009945));
#5048=CARTESIAN_POINT('',(0.121355596592982,-0.137200004487189,0.00934500448718906));
#5049=CARTESIAN_POINT('',(0.121355596440722,-0.136733328867334,0.00887832886733405));
#5050=CARTESIAN_POINT('',(0.121355596288462,-0.136266653247479,0.00841165324747904));
#5051=CARTESIAN_POINT('',(0.121355596136202,-0.135799977627624,0.00794497762762403));
#5052=CARTESIAN_POINT('',(0.12135,-0.1378,0.007595));
#5053=CARTESIAN_POINT('',(0.119,-0.1378,0.007595));
#5054=CARTESIAN_POINT('',(0.1343,-0.0569,0.004345));
#5055=CARTESIAN_POINT('',(0.13781935197383,-0.0578999999999859,0.00681566017177982));
#5056=CARTESIAN_POINT('',(0.13738923873388,-0.0582520278790523,0.00681566017177982));
#5057=CARTESIAN_POINT('',(0.136949297795125,-0.0585939655685059,0.00681566017177982));
#5058=CARTESIAN_POINT('',(0.136487655895149,-0.0589,0.00681566017177982));
#5059=CARTESIAN_POINT('',(0.13781935197383,-0.0578999999999859,0.00681566017177982));
#5060=CARTESIAN_POINT('',(0.13781935197383,-0.0579,0.00681566017177982));
#5061=CARTESIAN_POINT('',(0.138390131996921,-0.0576033116786372,0.00651897185041705));
#5062=CARTESIAN_POINT('',(0.138907268562049,-0.0572644456560624,0.00618010582784222));
#5063=CARTESIAN_POINT('',(0.139391871822733,-0.0569,0.00581566017177982));
#5064=CARTESIAN_POINT('',(0.129208128177267,-0.0569,0.00581566017177982));
#5065=CARTESIAN_POINT('',(0.129692731437956,-0.0572644456560659,0.00618010582784573));
#5066=CARTESIAN_POINT('',(0.130209868003091,-0.0576033116786352,0.00651897185041497));
#5067=CARTESIAN_POINT('',(0.130780648026187,-0.0579,0.00681566017177981));
#5068=CARTESIAN_POINT('',(0.130780648026187,-0.0579,0.00681566017177982));
#5069=CARTESIAN_POINT('',(0.132112344104851,-0.0589000000000001,0.00681566017177982));
#5070=CARTESIAN_POINT('',(0.131648126462364,-0.0585922580417522,0.00681566017177982));
#5071=CARTESIAN_POINT('',(0.131210120245901,-0.0582515032335227,0.00681566017177982));
#5072=CARTESIAN_POINT('',(0.130780648026187,-0.0579,0.00681566017177982));
#5073=CARTESIAN_POINT('',(0.11663575,-0.0569,0.00176000000000005));
#5074=CARTESIAN_POINT('',(0.1059335,-0.0594,-0.00073999999999999));
#5075=CARTESIAN_POINT('',(0.1001535,-0.0569,0.00176));
#5076=CARTESIAN_POINT('',(0.1001535,-0.0569,-0.00206));
#5077=CARTESIAN_POINT('',(0.0963347410836674,-0.0569,-0.00215736703204829));
#5078=CARTESIAN_POINT('',(0.1059335,-0.0569,-0.00205999999999998));
#5079=CARTESIAN_POINT('',(0.109753464782334,-0.0568999991521729,-0.00207659937123717));
#5080=CARTESIAN_POINT('',(0.109086804406628,-0.0575666658220295,-0.00207370244866397));
#5081=CARTESIAN_POINT('',(0.108420144030922,-0.0582333324918861,-0.00207080552597308));
#5082=CARTESIAN_POINT('',(0.107753483655216,-0.0588999991617427,-0.0020679086031645));
#5083=CARTESIAN_POINT('',(0.100142993868097,-0.0569,-0.00206026787521955));
#5084=CARTESIAN_POINT('',(0.0983392418122586,-0.0588999937448324,-0.0022043761041285));
#5085=CARTESIAN_POINT('',(0.0979112202689504,-0.0584706190843549,-0.00223843745447551));
#5086=CARTESIAN_POINT('',(0.0972466545385745,-0.0578039524254447,-0.00229132265841857));
#5087=CARTESIAN_POINT('',(0.0963455446209679,-0.0568999937681018,-0.00236303171391352));
#5088=CARTESIAN_POINT('',(0.105922072491249,-0.0569,-0.00205958386557045));
#5089=CARTESIAN_POINT('',(0.10724934643516,-0.0594,-0.00216471320822383));
#5090=CARTESIAN_POINT('',(0.1001535,-0.0569,-0.00205999999999994));
#5091=CARTESIAN_POINT('',(0.1001535,-0.0569,-0.00588));
#5092=CARTESIAN_POINT('',(0.1059335,-0.0569,-0.00206));
#5093=CARTESIAN_POINT('',(0.1059335,-0.0594,-0.00338));
#5094=CARTESIAN_POINT('',(0.11663575,-0.0569,-0.00588));
#5095=CARTESIAN_POINT('',(0.11003,-0.1378,-0.02));
#5096=CARTESIAN_POINT('',(0.112231916666667,-0.140001916666667,0.000966916666666651));
#5097=CARTESIAN_POINT('',(0.11003,-0.1378,-0.007335));
#5098=CARTESIAN_POINT('',(0.10643,-0.1378,-0.007335));
#5099=CARTESIAN_POINT('',(0.10643,-0.1378,-0.010935));
#5100=CARTESIAN_POINT('',(0.10643,-0.137133333333333,-0.0102683333333333));
#5101=CARTESIAN_POINT('',(0.10643,-0.136466666666667,-0.00960166666666667));
#5102=CARTESIAN_POINT('',(0.10643,-0.1358,-0.008935));
#5103=CARTESIAN_POINT('',(0.11663575,-0.1378,-0.00123500000000002));
#5104=CARTESIAN_POINT('',(0.100296666666667,-0.133833333333333,-0.00520166666666668));
#5105=CARTESIAN_POINT('',(0.11663575,-0.1378,-0.010935));
#5106=CARTESIAN_POINT('',(0.09993,-0.1378,-0.010935));
#5107=CARTESIAN_POINT('',(0.09993,-0.1378,-0.010935));
#5108=CARTESIAN_POINT('',(0.09993,-0.1378,-0.010935));
#5109=CARTESIAN_POINT('',(0.09933,-0.1348,-0.007135));
#5110=CARTESIAN_POINT('',(0.09933,-0.1348,-0.007335));
#5111=CARTESIAN_POINT('',(0.09993,-0.1378,-0.007335));
#5112=CARTESIAN_POINT('',(0.09993,-0.1378,-0.007335));
#5113=CARTESIAN_POINT('',(0.1378,-0.1378,-0.02));
#5114=CARTESIAN_POINT('',(0.145765,-0.145765,-0.00407000000000006));
#5115=CARTESIAN_POINT('',(0.11663575,-0.1378,0.003895));
#5116=CARTESIAN_POINT('',(0.118211916666667,-0.138588083333333,0.00310691666666667));
#5117=CARTESIAN_POINT('',(0.119,-0.1378,-0.02));
#5118=CARTESIAN_POINT('',(0.11698575,-0.133598,-0.013285));
#5119=CARTESIAN_POINT('',(0.11648575,-0.133598,-0.013285));
#5120=CARTESIAN_POINT('',(0.11748575,-0.133598,-0.013285));
#5121=CARTESIAN_POINT('',(0.11648575,-0.133598,-0.0166425));
#5122=CARTESIAN_POINT('',(0.11648575,-0.137802,-0.017026657386774));
#5123=CARTESIAN_POINT('',(0.11648575,-0.137802,-0.0153993589336246));
#5124=CARTESIAN_POINT('',(0.13956075,-0.133598,-0.013285));
#5125=CARTESIAN_POINT('',(0.13948575,-0.133598,-0.013285));
#5126=CARTESIAN_POINT('',(0.13398575,-0.133598,-0.013285));
#5127=CARTESIAN_POINT('',(0.13398575,-0.133598,-0.018785));
#5128=CARTESIAN_POINT('',(0.12848575,-0.133598,-0.018785));
#5129=CARTESIAN_POINT('',(0.12298575,-0.133598,-0.018785));
#5130=CARTESIAN_POINT('',(0.12298575,-0.133598,-0.013285));
#5131=CARTESIAN_POINT('',(0.118730747728811,-0.137802,0.008845));
#5132=CARTESIAN_POINT('',(0.116915311046649,-0.133609428571429,0.00570057142857142));
#5133=CARTESIAN_POINT('',(0.0956312228588874,-0.137802,-0.00844049612836711));
#5134=CARTESIAN_POINT('',(0.09363575,-0.137802,-0.00677926325238925));
#5135=CARTESIAN_POINT('',(0.0976266957177749,-0.137802,-0.010101729004345));
#5136=CARTESIAN_POINT('',(0.10643,-0.137802,-0.0244922218262985));
#5137=CARTESIAN_POINT('',(0.10643,-0.137802,-0.010935));
#5138=CARTESIAN_POINT('',(0.09993,-0.137802,-0.007335));
#5139=CARTESIAN_POINT('',(0.09993,-0.137802,-0.010935));
#5140=CARTESIAN_POINT('',(0.10318,-0.137802,-0.010935));
#5141=CARTESIAN_POINT('',(0.0956312228588874,-0.056898,-0.00844049612836711));
#5142=CARTESIAN_POINT('',(0.09363575,-0.056898,-0.00677926325238925));
#5143=CARTESIAN_POINT('',(0.09363575,-0.0579,-0.00677926325238925));
#5144=CARTESIAN_POINT('',(0.0956312228588874,-0.0579,-0.00844049612836711));
#5145=CARTESIAN_POINT('',(0.0976266957177749,-0.0579,-0.010101729004345));
#5146=CARTESIAN_POINT('',(0.0976266957177749,-0.056898,-0.010101729004345));
#5147=CARTESIAN_POINT('',(0.10318,-0.056898,-0.010935));
#5148=CARTESIAN_POINT('',(0.09993,-0.056898,-0.010935));
#5149=CARTESIAN_POINT('',(0.09993,-0.0579,-0.010935));
#5150=CARTESIAN_POINT('',(0.10318,-0.0579,-0.010935));
#5151=CARTESIAN_POINT('',(0.10643,-0.0579,-0.010935));
#5152=CARTESIAN_POINT('',(0.10643,-0.056898,-0.010935));
#5153=CARTESIAN_POINT('',(0.10643,-0.056898,-0.0244922218262985));
#5154=CARTESIAN_POINT('',(0.10643,-0.0579,-0.0244922218262985));
#5155=CARTESIAN_POINT('',(0.09993,-0.056898,-0.007335));
#5156=CARTESIAN_POINT('',(0.09993,-0.0579,-0.007335));
#5157=CARTESIAN_POINT('',(0.09263575,-0.056898,-0.00677926325238925));
#5158=CARTESIAN_POINT('',(0.09263575,-0.0569,-0.00677926325238925));
#5159=CARTESIAN_POINT('',(0.0933810844015124,-0.0580629367676478,-0.00677926325238925));
#5160=CARTESIAN_POINT('',(0.13899575,-0.0612,-0.020085));
#5161=CARTESIAN_POINT('',(0.12298575,-0.0612,-0.013285));
#5162=CARTESIAN_POINT('',(0.13398575,-0.0612,-0.0132850000000003));
#5163=CARTESIAN_POINT('',(0.13956075,-0.0612,-0.013285));
#5164=CARTESIAN_POINT('',(0.13948575,-0.0612,-0.013285));
#5165=CARTESIAN_POINT('',(0.13398575,-0.0612,-0.013285));
#5166=CARTESIAN_POINT('',(0.13398575,-0.0612,-0.018785));
#5167=CARTESIAN_POINT('',(0.12848575,-0.0612,-0.018785));
#5168=CARTESIAN_POINT('',(0.12298575,-0.0612,-0.018785));
#5169=CARTESIAN_POINT('',(0.12298575,-0.0612,-0.013285));
#5170=CARTESIAN_POINT('',(0.117598643699654,-0.0612,-0.0143936413796938));
#5171=CARTESIAN_POINT('',(0.106429999999996,-0.0612,-0.0244922218263026));
#5172=CARTESIAN_POINT('',(0.12298575,-0.061202,-0.013285));
#5173=CARTESIAN_POINT('',(0.12298575,-0.061202,-0.018785));
#5174=CARTESIAN_POINT('',(0.117598643699654,-0.061202,-0.0143936413796938));
#5175=CARTESIAN_POINT('',(0.12848575,-0.061202,-0.018785));
#5176=CARTESIAN_POINT('',(0.13398575,-0.061202,-0.018785));
#5177=CARTESIAN_POINT('',(0.13398575,-0.061202,-0.013285));
#5178=CARTESIAN_POINT('',(0.13948575,-0.061202,-0.013285));
#5179=CARTESIAN_POINT('',(0.13956075,-0.061202,-0.013285));
#5180=CARTESIAN_POINT('',(0.13398575,-0.061202,-0.0132850000000003));
#5181=CARTESIAN_POINT('',(0.13398575,-0.051185,-0.0132850000000003));
#5182=CARTESIAN_POINT('',(0.13398575,-0.05025,-0.0132850000000003));
#5183=CARTESIAN_POINT('',(0.14148575,-0.05775,-0.013285));
#5184=CARTESIAN_POINT('',(0.14148575,-0.137802,-0.013285));
#5185=CARTESIAN_POINT('',(0.14148575,-0.13695,-0.013285));
#5186=CARTESIAN_POINT('',(0.13398575,-0.14445,-0.0132850000000003));
#5187=CARTESIAN_POINT('',(0.12298575,-0.061202,-0.013285));
#5188=CARTESIAN_POINT('',(0.12298575,-0.051185,-0.013285));
#5189=CARTESIAN_POINT('',(0.106429999999996,-0.061202,-0.0244922218263026));
#5190=CARTESIAN_POINT('',(0.14156075,-0.137802,-0.013285));
#5191=CARTESIAN_POINT('',(0.14163575,-0.0579,-0.013285));
#5192=CARTESIAN_POINT('',(0.14063575,-0.1378,-0.013285));
#5193=CARTESIAN_POINT('',(0.11663575,-0.0589,-0.0048275));
#5194=CARTESIAN_POINT('',(0.0948197148282202,-0.0589,0.00201));
#5195=CARTESIAN_POINT('',(0.09213575,-0.0589,0.00201));
#5196=CARTESIAN_POINT('',(0.100967,-0.0589,0.01084125));
#5197=CARTESIAN_POINT('',(0.0948197148282202,-0.0142,0.00201));
#5198=CARTESIAN_POINT('',(0.09163575,-0.0579,0.00201));
#5199=CARTESIAN_POINT('',(0.0960036796564404,-0.0579,0.00201));
#5200=CARTESIAN_POINT('',(0.09213575,-0.0579,0.00201));
#5201=CARTESIAN_POINT('',(0.09213575,-0.137802,0.00201));
#5202=CARTESIAN_POINT('',(0.0960036796564404,-0.0142,0.00201));
#5203=CARTESIAN_POINT('',(0.14063575,-0.0142,0.00681566017177982));
#5204=CARTESIAN_POINT('',(0.10080933982822,-0.0579,0.00681566017177982));
#5205=CARTESIAN_POINT('',(0.10080933982822,-0.0579,0.00681566017177981));
#5206=CARTESIAN_POINT('',(0.10080933982822,-0.0142,0.00681566017177981));
#5207=CARTESIAN_POINT('',(0.0984065097423303,-0.0142,0.0044128300858899));
#5208=CARTESIAN_POINT('',(0.0960036796564404,-0.0579,0.00201));
#5209=CARTESIAN_POINT('',(0.14063575,-0.0142,0.00681566017177982));
#5210=CARTESIAN_POINT('',(0.14063575,-0.0569,0.00681566017177982));
#5211=CARTESIAN_POINT('',(0.14063575,-0.11322,0.00681566017177982));
#5212=CARTESIAN_POINT('',(0.14063575,-0.0579,0.00681566017177982));
#5213=CARTESIAN_POINT('',(0.13898890587617,-0.0579,0.00681566017177982));
#5214=CARTESIAN_POINT('',(0.14063575,-0.11322,0.00681566017177982));
#5215=CARTESIAN_POINT('',(0.10053575,-0.11422,0.00758033008588991));
#5216=CARTESIAN_POINT('',(0.10053575,-0.11422,0.008345));
#5217=CARTESIAN_POINT('',(0.14063575,-0.11422,0.008345));
#5218=CARTESIAN_POINT('',(0.14063575,-0.11422,0.00758033008588991));
#5219=CARTESIAN_POINT('',(0.14063575,-0.11422,0.00781566017177982));
#5220=CARTESIAN_POINT('',(0.10053575,-0.11422,0.00781566017177982));
#5221=CARTESIAN_POINT('',(0.12298575,-0.137802,-0.013285));
#5222=CARTESIAN_POINT('',(0.10053575,-0.11422,0.00781566017177982));
#5223=CARTESIAN_POINT('',(0.14063575,-0.11322,0.0068156601717798));
#5224=CARTESIAN_POINT('',(0.129904936700893,-0.11522,0.009345));
#5225=CARTESIAN_POINT('',(0.137058812233631,-0.118796937766369,0.0129219377663691));
#5226=CARTESIAN_POINT('',(0.14113575,-0.11472,0.008845));
#5227=CARTESIAN_POINT('',(0.137725478900298,-0.111309728900297,0.00543472890029754));
#5228=CARTESIAN_POINT('',(0.11448575,-0.0569,-0.009285));
#5229=CARTESIAN_POINT('',(0.11448575,-0.0569,-0.009285));
#5230=CARTESIAN_POINT('',(0.09613575,-0.0569,-0.00477926325238926));
#5231=CARTESIAN_POINT('',(0.118158217318225,-0.1388,-0.0152188824042626));
#5232=CARTESIAN_POINT('',(0.118158217318225,-0.1388,-0.0168479942753808));
#5233=CARTESIAN_POINT('',(0.118158217318225,-0.1388,-0.0168479942753808));
#5234=CARTESIAN_POINT('',(0.118158217318225,-0.1388,-0.0152188824042626));
#5235=CARTESIAN_POINT('',(0.118158217318225,-0.1388,-0.0135897705331445));
#5236=CARTESIAN_POINT('',(0.118158217318225,-0.1388,-0.0135897705331445));
#5237=CARTESIAN_POINT('',(0.12298575,-0.1388,-0.0132850000000001));
#5238=CARTESIAN_POINT('',(0.120018634397264,-0.1388,-0.0185));
#5239=CARTESIAN_POINT('',(0.120018634397264,-0.1388,-0.0185));
#5240=CARTESIAN_POINT('',(0.12298575,-0.1388,-0.0132850000000001));
#5241=CARTESIAN_POINT('',(0.12848575,-0.1388,-0.0185));
#5242=CARTESIAN_POINT('',(0.136952865602736,-0.1388,-0.0185));
#5243=CARTESIAN_POINT('',(0.136952865602736,-0.1388,-0.0185));
#5244=CARTESIAN_POINT('',(0.12848575,-0.1388,-0.0185));
#5245=CARTESIAN_POINT('',(0.13398575,-0.1388,-0.0132850000000004));
#5246=CARTESIAN_POINT('',(0.1393,-0.1388,-0.0160704527347452));
#5247=CARTESIAN_POINT('',(0.1393,-0.1388,-0.0160704527347452));
#5248=CARTESIAN_POINT('',(0.13398575,-0.1388,-0.0132850000000004));
#5249=CARTESIAN_POINT('',(0.1393,-0.1388,-0.0150290519147698));
#5250=CARTESIAN_POINT('',(0.1393,-0.1388,-0.0139876510947943));
#5251=CARTESIAN_POINT('',(0.1393,-0.1388,-0.0139876510947943));
#5252=CARTESIAN_POINT('',(0.1393,-0.1388,-0.0150290519147698));
#5253=CARTESIAN_POINT('',(0.124752834439278,-0.1388,-0.0152943469583988));
#5254=CARTESIAN_POINT('',(0.124752834439278,-0.1388,-0.0152943469583988));
#5255=CARTESIAN_POINT('',(0.124752834439278,-0.1388,-0.0180443469583988));
#5256=CARTESIAN_POINT('',(0.128337925871371,-0.1388,-0.0345746005620645));
#5257=CARTESIAN_POINT('',(0.128337925871371,-0.1388,-0.0345746005620645));
#5258=CARTESIAN_POINT('',(0.11663575,-0.1388,-0.00545089134088739));
#5259=CARTESIAN_POINT('',(0.138681617728237,-0.1388,-0.00577349081072037));
#5260=CARTESIAN_POINT('',(0.138681617728237,-0.1388,-0.00577349081072037));
#5261=CARTESIAN_POINT('',(0.138681617728237,-0.1388,-0.0131136783996725));
#5262=CARTESIAN_POINT('',(0.138681617728237,-0.1388,-0.000433303221768283));
#5263=CARTESIAN_POINT('',(0.138681617728237,-0.1378,-0.000433303221768283));
#5264=CARTESIAN_POINT('',(0.138681617728237,-0.1388,-0.0131136783996725));
#5265=CARTESIAN_POINT('',(0.128337925871366,-0.1388,-0.0345746005620754));
#5266=CARTESIAN_POINT('',(0.1393,-0.1388,-0.0134228613407029));
#5267=CARTESIAN_POINT('',(0.1393,-0.1388,-0.0134228613407029));
#5268=CARTESIAN_POINT('',(0.128337925871366,-0.1388,-0.0345746005620754));
#5269=CARTESIAN_POINT('',(0.1393,-0.1388,-0.00551393067035145));
#5270=CARTESIAN_POINT('',(0.1393,-0.1388,0.000395));
#5271=CARTESIAN_POINT('',(0.1393,-0.1388,0.000395));
#5272=CARTESIAN_POINT('',(0.1393,-0.1388,-0.00551393067035145));
#5273=CARTESIAN_POINT('',(0.128729108659113,-0.1388,0.002395));
#5274=CARTESIAN_POINT('',(0.128729108659113,-0.1388,0.002395));
#5275=CARTESIAN_POINT('',(0.1373,-0.1388,0.002395));
#5276=CARTESIAN_POINT('',(0.120158217318225,-0.1388,0.002395));
#5277=CARTESIAN_POINT('',(0.1373,-0.1388,0.002395));
#5278=CARTESIAN_POINT('',(0.120158217318225,-0.1388,0.002395));
#5279=CARTESIAN_POINT('',(0.118158217318225,-0.1388,-0.0053202056384376));
#5280=CARTESIAN_POINT('',(0.118158217318225,-0.1388,-0.0053202056384376));
#5281=CARTESIAN_POINT('',(0.118158217318225,-0.1388,0.000395));
#5282=CARTESIAN_POINT('',(0.118158217318225,-0.1388,-0.0130354112768752));
#5283=CARTESIAN_POINT('',(0.118158217318225,-0.1388,0.000395));
#5284=CARTESIAN_POINT('',(0.118158217318225,-0.1388,-0.0130354112768752));
#5285=CARTESIAN_POINT('',(0.128337925871346,-0.1388,-0.0345746005620273));
#5286=CARTESIAN_POINT('',(0.118660412838816,-0.1388,-0.0128051521814802));
#5287=CARTESIAN_POINT('',(0.118660412838816,-0.1388,-0.0128051521814802));
#5288=CARTESIAN_POINT('',(0.128337925871346,-0.1388,-0.0345746005620273));
#5289=CARTESIAN_POINT('',(0.118660412838816,-0.1388,-0.00561922770162423));
#5290=CARTESIAN_POINT('',(0.118660412838816,-0.1388,-0.000433303221768285));
#5291=CARTESIAN_POINT('',(0.118660412838816,-0.1388,-0.000433303221768285));
#5292=CARTESIAN_POINT('',(0.118660412838816,-0.1388,-0.00561922770162423));
#5293=CARTESIAN_POINT('',(0.128671015283526,-0.1388,0.00156669677823171));
#5294=CARTESIAN_POINT('',(0.136681617728237,-0.1388,0.00156669677823171));
#5295=CARTESIAN_POINT('',(0.136681617728237,-0.1388,0.00156669677823171));
#5296=CARTESIAN_POINT('',(0.128671015283526,-0.1388,0.00156669677823171));
#5297=CARTESIAN_POINT('',(0.120660412838816,-0.1388,0.00156669677823171));
#5298=CARTESIAN_POINT('',(0.120660412838816,-0.1378,0.00156669677823171));
#5299=CARTESIAN_POINT('',(0.11663575,-0.1388,-0.00545089134088739));
#5300=CARTESIAN_POINT('',(0.1373,-0.1388,0.000394999999999996));
#5301=CARTESIAN_POINT('',(0.120158217318225,-0.1388,0.000395));
#5302=CARTESIAN_POINT('',(0.120660412838816,-0.1388,-0.000433303221768285));
#5303=CARTESIAN_POINT('',(0.136681617728237,-0.1388,-0.000433303221768283));
#5304=CARTESIAN_POINT('',(0.128688722848892,-0.1388,-0.0047171670012176));
#5305=CARTESIAN_POINT('',(0.128688722848892,-0.1388,-0.0047171670012176));
#5306=CARTESIAN_POINT('',(0.128688722848892,-0.1388,-0.0097171670012176));
#5307=CARTESIAN_POINT('',(0.128688722848892,-0.1378,-0.0047171670012176));
#5308=CARTESIAN_POINT('',(0.128688722848892,-0.1378,-0.0097171670012176));
#5309=CARTESIAN_POINT('',(0.128688722848892,-0.1388,-0.0047171670012176));
#5310=CARTESIAN_POINT('',(0.128688722848892,-0.1388,-0.0047171670012176));
#5311=CARTESIAN_POINT('',(0.128688722848892,-0.1388,-0.0104671670012176));
#5312=CARTESIAN_POINT('',(0.11663575,-0.1388,-0.00545089134088739));
#5313=CARTESIAN_POINT('',(0.11663575,-0.1378,-0.02));
#5314=CARTESIAN_POINT('',(0.124875083565712,-0.1388,-0.0140562416054308));
#5315=CARTESIAN_POINT('',(0.124911837279797,-0.1388,-0.0142266415059566));
#5316=CARTESIAN_POINT('',(0.124911837279797,-0.1388,-0.0142266415059566));
#5317=CARTESIAN_POINT('',(0.124875083565712,-0.1388,-0.0140562416054308));
#5318=CARTESIAN_POINT('',(0.124838329851627,-0.1388,-0.013885841704905));
#5319=CARTESIAN_POINT('',(0.124838329851627,-0.1388,-0.013885841704905));
#5320=CARTESIAN_POINT('',(0.125192496925592,-0.1388,-0.0140796299092472));
#5321=CARTESIAN_POINT('',(0.125473156571388,-0.1388,-0.0139326183125377));
#5322=CARTESIAN_POINT('',(0.125473156571388,-0.1388,-0.0139326183125377));
#5323=CARTESIAN_POINT('',(0.125192496925592,-0.1388,-0.0140796299092472));
#5324=CARTESIAN_POINT('',(0.125606805086136,-0.1388,-0.0137488534674048));
#5325=CARTESIAN_POINT('',(0.125740453600883,-0.1388,-0.013565088622272));
#5326=CARTESIAN_POINT('',(0.125740453600883,-0.1388,-0.013565088622272));
#5327=CARTESIAN_POINT('',(0.125606805086136,-0.1388,-0.0137488534674048));
#5328=CARTESIAN_POINT('',(0.125583417713642,-0.1388,-0.0134047120809555));
#5329=CARTESIAN_POINT('',(0.125426381826401,-0.1388,-0.013244335539639));
#5330=CARTESIAN_POINT('',(0.125426381826401,-0.1388,-0.013244335539639));
#5331=CARTESIAN_POINT('',(0.125583417713642,-0.1388,-0.0134047120809555));
#5332=CARTESIAN_POINT('',(0.125249296426773,-0.1388,-0.0133746415376663));
#5333=CARTESIAN_POINT('',(0.125072211027145,-0.1388,-0.0135049475356936));
#5334=CARTESIAN_POINT('',(0.125072211027145,-0.1388,-0.0135049475356936));
#5335=CARTESIAN_POINT('',(0.125249296426773,-0.1388,-0.0133746415376663));
#5336=CARTESIAN_POINT('',(0.124955270439386,-0.1388,-0.0136953946202993));
#5337=CARTESIAN_POINT('',(0.124955270439386,-0.1388,-0.0136953946202993));
#5338=CARTESIAN_POINT('',(0.11663575,-0.1388,-0.00545089134088739));
#5339=CARTESIAN_POINT('',(0.124561011791229,-0.1388,-0.0130037702620029));
#5340=CARTESIAN_POINT('',(0.124370567500591,-0.1388,-0.0129369469359517));
#5341=CARTESIAN_POINT('',(0.124370567500591,-0.1388,-0.0129369469359517));
#5342=CARTESIAN_POINT('',(0.124561011791229,-0.1388,-0.0130037702620029));
#5343=CARTESIAN_POINT('',(0.124751456081867,-0.1388,-0.0130705935880542));
#5344=CARTESIAN_POINT('',(0.124751456081867,-0.1388,-0.0130705935880542));
#5345=CARTESIAN_POINT('',(0.124277364462614,-0.1388,-0.0130414948798716));
#5346=CARTESIAN_POINT('',(0.124184161424637,-0.1388,-0.0131460428237915));
#5347=CARTESIAN_POINT('',(0.124184161424637,-0.1388,-0.0131460428237915));
#5348=CARTESIAN_POINT('',(0.124277364462614,-0.1388,-0.0130414948798716));
#5349=CARTESIAN_POINT('',(0.124155659228563,-0.1388,-0.0133826304227114));
#5350=CARTESIAN_POINT('',(0.12412715703249,-0.1388,-0.0136192180216312));
#5351=CARTESIAN_POINT('',(0.12412715703249,-0.1388,-0.0136192180216312));
#5352=CARTESIAN_POINT('',(0.124155659228563,-0.1388,-0.0133826304227114));
#5353=CARTESIAN_POINT('',(0.124191291630268,-0.1388,-0.0138002214953303));
#5354=CARTESIAN_POINT('',(0.124255426228046,-0.1388,-0.0139812249690294));
#5355=CARTESIAN_POINT('',(0.124255426228046,-0.1388,-0.0139812249690294));
#5356=CARTESIAN_POINT('',(0.124191291630268,-0.1388,-0.0138002214953303));
#5357=CARTESIAN_POINT('',(0.124236673116684,-0.1388,-0.0143968677148223));
#5358=CARTESIAN_POINT('',(0.124217920005321,-0.1388,-0.0148125104606152));
#5359=CARTESIAN_POINT('',(0.124217920005321,-0.1388,-0.0148125104606152));
#5360=CARTESIAN_POINT('',(0.124236673116684,-0.1388,-0.0143968677148223));
#5361=CARTESIAN_POINT('',(0.124031212180853,-0.1388,-0.0148737952113152));
#5362=CARTESIAN_POINT('',(0.123844504356384,-0.1388,-0.0149350799620151));
#5363=CARTESIAN_POINT('',(0.123844504356384,-0.1388,-0.0149350799620151));
#5364=CARTESIAN_POINT('',(0.124031212180853,-0.1388,-0.0148737952113152));
#5365=CARTESIAN_POINT('',(0.123596515506506,-0.1388,-0.0150747518055141));
#5366=CARTESIAN_POINT('',(0.123348526656628,-0.1388,-0.0152144236490131));
#5367=CARTESIAN_POINT('',(0.123348526656628,-0.1388,-0.0152144236490131));
#5368=CARTESIAN_POINT('',(0.123596515506506,-0.1388,-0.0150747518055141));
#5369=CARTESIAN_POINT('',(0.123375605791807,-0.1388,-0.0153156151063741));
#5370=CARTESIAN_POINT('',(0.123402684926987,-0.1388,-0.015416806563735));
#5371=CARTESIAN_POINT('',(0.123402684926987,-0.1388,-0.015416806563735));
#5372=CARTESIAN_POINT('',(0.123375605791807,-0.1388,-0.0153156151063741));
#5373=CARTESIAN_POINT('',(0.123468246310949,-0.1388,-0.015416806563735));
#5374=CARTESIAN_POINT('',(0.123533807694912,-0.1388,-0.015416806563735));
#5375=CARTESIAN_POINT('',(0.123533807694912,-0.1388,-0.015416806563735));
#5376=CARTESIAN_POINT('',(0.123468246310949,-0.1388,-0.015416806563735));
#5377=CARTESIAN_POINT('',(0.12365922704339,-0.1388,-0.0153683484531939));
#5378=CARTESIAN_POINT('',(0.123784646391869,-0.1388,-0.0153198903426528));
#5379=CARTESIAN_POINT('',(0.123784646391869,-0.1388,-0.0153198903426528));
#5380=CARTESIAN_POINT('',(0.12365922704339,-0.1388,-0.0153683484531939));
#5381=CARTESIAN_POINT('',(0.124018382281065,-0.1388,-0.0153071186505258));
#5382=CARTESIAN_POINT('',(0.124252118170261,-0.1388,-0.0152943469583988));
#5383=CARTESIAN_POINT('',(0.124252118170261,-0.1388,-0.0152943469583988));
#5384=CARTESIAN_POINT('',(0.124018382281065,-0.1388,-0.0153071186505258));
#5385=CARTESIAN_POINT('',(0.123877286911011,-0.1388,-0.015777443535626));
#5386=CARTESIAN_POINT('',(0.12350245565176,-0.1388,-0.0162605401128531));
#5387=CARTESIAN_POINT('',(0.12350245565176,-0.1388,-0.0162605401128531));
#5388=CARTESIAN_POINT('',(0.123877286911011,-0.1388,-0.015777443535626));
#5389=CARTESIAN_POINT('',(0.123130470514297,-0.1388,-0.0164957027882338));
#5390=CARTESIAN_POINT('',(0.122758485376835,-0.1388,-0.0167308654636144));
#5391=CARTESIAN_POINT('',(0.122758485376835,-0.1388,-0.0167308654636144));
#5392=CARTESIAN_POINT('',(0.123130470514297,-0.1388,-0.0164957027882338));
#5393=CARTESIAN_POINT('',(0.12282831966877,-0.1388,-0.0168491583317518));
#5394=CARTESIAN_POINT('',(0.122898153960705,-0.1388,-0.0169674511998892));
#5395=CARTESIAN_POINT('',(0.122898153960705,-0.1388,-0.0169674511998892));
#5396=CARTESIAN_POINT('',(0.12282831966877,-0.1388,-0.0168491583317518));
#5397=CARTESIAN_POINT('',(0.123123340308666,-0.1388,-0.0169246951118111));
#5398=CARTESIAN_POINT('',(0.123348526656628,-0.1388,-0.0168819390237331));
#5399=CARTESIAN_POINT('',(0.123348526656628,-0.1388,-0.0168819390237331));
#5400=CARTESIAN_POINT('',(0.123123340308666,-0.1388,-0.0169246951118111));
#5401=CARTESIAN_POINT('',(0.123660653829575,-0.1388,-0.0165968937799334));
#5402=CARTESIAN_POINT('',(0.123972781002521,-0.1388,-0.0163118485361337));
#5403=CARTESIAN_POINT('',(0.123972781002521,-0.1388,-0.0163118485361337));
#5404=CARTESIAN_POINT('',(0.123660653829575,-0.1388,-0.0165968937799334));
#5405=CARTESIAN_POINT('',(0.124341908842325,-0.1388,-0.0157830887474119));
#5406=CARTESIAN_POINT('',(0.124711036682129,-0.1388,-0.0152543289586901));
#5407=CARTESIAN_POINT('',(0.124711036682129,-0.1388,-0.0152543289586901));
#5408=CARTESIAN_POINT('',(0.124341908842325,-0.1388,-0.0157830887474119));
#5409=CARTESIAN_POINT('',(0.124668281525373,-0.1388,-0.0158514990471303));
#5410=CARTESIAN_POINT('',(0.124625526368618,-0.1388,-0.0164486691355706));
#5411=CARTESIAN_POINT('',(0.124625526368618,-0.1388,-0.0164486691355706));
#5412=CARTESIAN_POINT('',(0.124668281525373,-0.1388,-0.0158514990471303));
#5413=CARTESIAN_POINT('',(0.12467398121953,-0.1388,-0.0166738545522094));
#5414=CARTESIAN_POINT('',(0.124722436070442,-0.1388,-0.0168990399688482));
#5415=CARTESIAN_POINT('',(0.124722436070442,-0.1388,-0.0168990399688482));
#5416=CARTESIAN_POINT('',(0.12467398121953,-0.1388,-0.0166738545522094));
#5417=CARTESIAN_POINT('',(0.125003203749657,-0.1388,-0.0169560490176082));
#5418=CARTESIAN_POINT('',(0.125283971428871,-0.1388,-0.0170130580663681));
#5419=CARTESIAN_POINT('',(0.125283971428871,-0.1388,-0.0170130580663681));
#5420=CARTESIAN_POINT('',(0.125003203749657,-0.1388,-0.0169560490176082));
#5421=CARTESIAN_POINT('',(0.125774584710598,-0.1388,-0.0169583288952708));
#5422=CARTESIAN_POINT('',(0.126265197992325,-0.1388,-0.0169035997241735));
#5423=CARTESIAN_POINT('',(0.126265197992325,-0.1388,-0.0169035997241735));
#5424=CARTESIAN_POINT('',(0.125774584710598,-0.1388,-0.0169583288952708));
#5425=CARTESIAN_POINT('',(0.126535065472126,-0.1388,-0.0167404133826494));
#5426=CARTESIAN_POINT('',(0.126804932951927,-0.1388,-0.0165772270411253));
#5427=CARTESIAN_POINT('',(0.126804932951927,-0.1388,-0.0165772270411253));
#5428=CARTESIAN_POINT('',(0.126535065472126,-0.1388,-0.0167404133826494));
#5429=CARTESIAN_POINT('',(0.126784309744835,-0.1388,-0.0162771986797452));
#5430=CARTESIAN_POINT('',(0.126763686537743,-0.1388,-0.0159771703183651));
#5431=CARTESIAN_POINT('',(0.126763686537743,-0.1388,-0.0159771703183651));
#5432=CARTESIAN_POINT('',(0.126784309744835,-0.1388,-0.0162771986797452));
#5433=CARTESIAN_POINT('',(0.126552723348141,-0.1388,-0.0158055918291211));
#5434=CARTESIAN_POINT('',(0.126341760158539,-0.1388,-0.0156340133398772));
#5435=CARTESIAN_POINT('',(0.126341760158539,-0.1388,-0.0156340133398772));
#5436=CARTESIAN_POINT('',(0.126552723348141,-0.1388,-0.0158055918291211));
#5437=CARTESIAN_POINT('',(0.126176744699478,-0.1388,-0.0159481056034565));
#5438=CARTESIAN_POINT('',(0.126011729240417,-0.1388,-0.0162621978670359));
#5439=CARTESIAN_POINT('',(0.126011729240417,-0.1388,-0.0162621978670359));
#5440=CARTESIAN_POINT('',(0.126176744699478,-0.1388,-0.0159481056034565));
#5441=CARTESIAN_POINT('',(0.12562670558691,-0.1388,-0.0163396112620831));
#5442=CARTESIAN_POINT('',(0.125241681933403,-0.1388,-0.0164170246571303));
#5443=CARTESIAN_POINT('',(0.125241681933403,-0.1388,-0.0164170246571303));
#5444=CARTESIAN_POINT('',(0.12562670558691,-0.1388,-0.0163396112620831));
#5445=CARTESIAN_POINT('',(0.125159882009029,-0.1388,-0.0162762440741062));
#5446=CARTESIAN_POINT('',(0.125078082084656,-0.1388,-0.0161354634910822));
#5447=CARTESIAN_POINT('',(0.125078082084656,-0.1388,-0.0161354634910822));
#5448=CARTESIAN_POINT('',(0.125159882009029,-0.1388,-0.0162762440741062));
#5449=CARTESIAN_POINT('',(0.12509248405695,-0.1388,-0.015640108846128));
#5450=CARTESIAN_POINT('',(0.125106886029243,-0.1388,-0.0151447542011738));
#5451=CARTESIAN_POINT('',(0.125106886029243,-0.1388,-0.0151447542011738));
#5452=CARTESIAN_POINT('',(0.12509248405695,-0.1388,-0.015640108846128));
#5453=CARTESIAN_POINT('',(0.125052068382502,-0.1388,-0.0150687019340694));
#5454=CARTESIAN_POINT('',(0.12499725073576,-0.1388,-0.014992649666965));
#5455=CARTESIAN_POINT('',(0.12499725073576,-0.1388,-0.014992649666965));
#5456=CARTESIAN_POINT('',(0.125052068382502,-0.1388,-0.0150687019340694));
#5457=CARTESIAN_POINT('',(0.125224787741899,-0.1388,-0.0149280498735607));
#5458=CARTESIAN_POINT('',(0.125452324748039,-0.1388,-0.0148634500801563));
#5459=CARTESIAN_POINT('',(0.125452324748039,-0.1388,-0.0148634500801563));
#5460=CARTESIAN_POINT('',(0.125224787741899,-0.1388,-0.0149280498735607));
#5461=CARTESIAN_POINT('',(0.12553271651268,-0.1388,-0.0147435814142227));
#5462=CARTESIAN_POINT('',(0.125613108277321,-0.1388,-0.0146237127482891));
#5463=CARTESIAN_POINT('',(0.125613108277321,-0.1388,-0.0146237127482891));
#5464=CARTESIAN_POINT('',(0.12553271651268,-0.1388,-0.0147435814142227));
#5465=CARTESIAN_POINT('',(0.125569321215153,-0.1388,-0.0145555236376822));
#5466=CARTESIAN_POINT('',(0.125525534152985,-0.1388,-0.0144873345270753));
#5467=CARTESIAN_POINT('',(0.125525534152985,-0.1388,-0.0144873345270753));
#5468=CARTESIAN_POINT('',(0.125569321215153,-0.1388,-0.0145555236376822));
#5469=CARTESIAN_POINT('',(0.125384852290153,-0.1388,-0.0144873345270753));
#5470=CARTESIAN_POINT('',(0.125244170427322,-0.1388,-0.0144873345270753));
#5471=CARTESIAN_POINT('',(0.125244170427322,-0.1388,-0.0144873345270753));
#5472=CARTESIAN_POINT('',(0.125384852290153,-0.1388,-0.0144873345270753));
#5473=CARTESIAN_POINT('',(0.124962173402309,-0.1388,-0.0145784309133887));
#5474=CARTESIAN_POINT('',(0.124680176377296,-0.1388,-0.0146695272997022));
#5475=CARTESIAN_POINT('',(0.124680176377296,-0.1388,-0.0146695272997022));
#5476=CARTESIAN_POINT('',(0.124962173402309,-0.1388,-0.0145784309133887));
#5477=CARTESIAN_POINT('',(0.12466813024272,-0.1388,-0.0146275833249092));
#5478=CARTESIAN_POINT('',(0.124624490737915,-0.1388,-0.0146275833249092));
#5479=CARTESIAN_POINT('',(0.124624490737915,-0.1388,-0.0146275833249092));
#5480=CARTESIAN_POINT('',(0.12466813024272,-0.1388,-0.0146275833249092));
#5481=CARTESIAN_POINT('',(0.124624490737915,-0.1388,-0.0143201947212219));
#5482=CARTESIAN_POINT('',(0.124624490737915,-0.1388,-0.0140128061175346));
#5483=CARTESIAN_POINT('',(0.124624490737915,-0.1388,-0.0140128061175346));
#5484=CARTESIAN_POINT('',(0.124624490737915,-0.1388,-0.0143201947212219));
#5485=CARTESIAN_POINT('',(0.124687973409891,-0.1388,-0.0138323823921382));
#5486=CARTESIAN_POINT('',(0.124751456081867,-0.1388,-0.0136519586667418));
#5487=CARTESIAN_POINT('',(0.124751456081867,-0.1388,-0.0136519586667418));
#5488=CARTESIAN_POINT('',(0.124687973409891,-0.1388,-0.0138323823921382));
#5489=CARTESIAN_POINT('',(0.124751456081867,-0.1388,-0.013361276127398));
#5490=CARTESIAN_POINT('',(0.124751456081867,-0.1388,-0.013361276127398));
#5491=CARTESIAN_POINT('',(0.11663575,-0.1388,-0.00545089134088739));
#5492=CARTESIAN_POINT('',(0.123449996113777,-0.1388,-0.0140500846318901));
#5493=CARTESIAN_POINT('',(0.123287342488766,-0.1388,-0.0139590473845601));
#5494=CARTESIAN_POINT('',(0.123287342488766,-0.1388,-0.0139590473845601));
#5495=CARTESIAN_POINT('',(0.123449996113777,-0.1388,-0.0140500846318901));
#5496=CARTESIAN_POINT('',(0.123612649738789,-0.1388,-0.01414112187922));
#5497=CARTESIAN_POINT('',(0.123612649738789,-0.1388,-0.01414112187922));
#5498=CARTESIAN_POINT('',(0.123251900076866,-0.1388,-0.0140124894678593));
#5499=CARTESIAN_POINT('',(0.123216457664967,-0.1388,-0.0140659315511584));
#5500=CARTESIAN_POINT('',(0.123216457664967,-0.1388,-0.0140659315511584));
#5501=CARTESIAN_POINT('',(0.123251900076866,-0.1388,-0.0140124894678593));
#5502=CARTESIAN_POINT('',(0.123202718794346,-0.1388,-0.014195344876498));
#5503=CARTESIAN_POINT('',(0.123188979923725,-0.1388,-0.0143247582018375));
#5504=CARTESIAN_POINT('',(0.123188979923725,-0.1388,-0.0143247582018375));
#5505=CARTESIAN_POINT('',(0.123202718794346,-0.1388,-0.014195344876498));
#5506=CARTESIAN_POINT('',(0.123263448476791,-0.1388,-0.0144404345192015));
#5507=CARTESIAN_POINT('',(0.123337917029858,-0.1388,-0.0145561108365655));
#5508=CARTESIAN_POINT('',(0.123337917029858,-0.1388,-0.0145561108365655));
#5509=CARTESIAN_POINT('',(0.123263448476791,-0.1388,-0.0144404345192015));
#5510=CARTESIAN_POINT('',(0.1234658844769,-0.1388,-0.0145893679000437));
#5511=CARTESIAN_POINT('',(0.123593851923943,-0.1388,-0.014622624963522));
#5512=CARTESIAN_POINT('',(0.123593851923943,-0.1388,-0.014622624963522));
#5513=CARTESIAN_POINT('',(0.1234658844769,-0.1388,-0.0145893679000437));
#5514=CARTESIAN_POINT('',(0.123752906918526,-0.1388,-0.0145806921645999));
#5515=CARTESIAN_POINT('',(0.123911961913109,-0.1388,-0.0145387593656778));
#5516=CARTESIAN_POINT('',(0.123911961913109,-0.1388,-0.0145387593656778));
#5517=CARTESIAN_POINT('',(0.123752906918526,-0.1388,-0.0145806921645999));
#5518=CARTESIAN_POINT('',(0.12395317107439,-0.1388,-0.0144440494477749));
#5519=CARTESIAN_POINT('',(0.123994380235672,-0.1388,-0.0143493395298719));
#5520=CARTESIAN_POINT('',(0.123994380235672,-0.1388,-0.0143493395298719));
#5521=CARTESIAN_POINT('',(0.12395317107439,-0.1388,-0.0144440494477749));
#5522=CARTESIAN_POINT('',(0.12395317107439,-0.1388,-0.0142929470166564));
#5523=CARTESIAN_POINT('',(0.123911961913109,-0.1388,-0.0142365545034409));
#5524=CARTESIAN_POINT('',(0.123911961913109,-0.1388,-0.0142365545034409));
#5525=CARTESIAN_POINT('',(0.12395317107439,-0.1388,-0.0142929470166564));
#5526=CARTESIAN_POINT('',(0.123762305825949,-0.1388,-0.0141888381913304));
#5527=CARTESIAN_POINT('',(0.123762305825949,-0.1388,-0.0141888381913304));
#5528=CARTESIAN_POINT('',(0.11663575,-0.1388,-0.00545089134088739));
#5529=CARTESIAN_POINT('',(0.136681617728237,-0.1388,-0.000433303221768283));
#5530=CARTESIAN_POINT('',(0.1373,-0.1388,0.000394999999999996));
#5531=CARTESIAN_POINT('',(0.120660412838816,-0.1388,-0.000433303221768285));
#5532=CARTESIAN_POINT('',(0.120158217318225,-0.1388,0.000395));
#5533=CARTESIAN_POINT('',(0.14163575,-0.0579,-0.02));
#5534=CARTESIAN_POINT('',(0.132697196609407,-0.0489614466094067,-0.00212289321881346));
#5535=CARTESIAN_POINT('',(0.14113575,-0.0574,0.00631566017177982));
#5536=CARTESIAN_POINT('',(0.15024097005726,-0.0665052200572599,-0.00278955988548013));
#5537=CARTESIAN_POINT('',(0.14163575,-0.09735,0.00581566017177982));
#5538=CARTESIAN_POINT('',(0.128152416666667,-0.0703833333333333,0.0192989935051131));
#5539=CARTESIAN_POINT('',(0.147314015588114,-0.115986228179726,0.000137394583665535));
#5540=CARTESIAN_POINT('',(0.14063575,-0.1378,-0.02));
#5541=CARTESIAN_POINT('',(0.150417416666666,-0.128018333333333,-0.000436666666666665));
#5542=CARTESIAN_POINT('',(0.14163575,-0.0925842766952966,-0.0152342766952966));
#5543=CARTESIAN_POINT('',(0.146862399744799,-0.120446649744799,0.005236497399337));
#5544=CARTESIAN_POINT('',(0.14063575,-0.137802,0.009345));
#5545=CARTESIAN_POINT('',(0.148496416666667,-0.122080666666667,0.00148433333333332));
#5546=CARTESIAN_POINT('',(0.14163575,-0.11522,-0.02));
#5547=CARTESIAN_POINT('',(0.14063575,-0.0579,0.00681566017177982));
#5548=CARTESIAN_POINT('',(0.14063575,-0.0579,0.00681566017177982));
#5549=CARTESIAN_POINT('',(0.103955967685879,-0.0503033683502992,-0.000780971477920945));
#5550=CARTESIAN_POINT('',(0.09163575,-0.09735,-0.00577926325238925));
#5551=CARTESIAN_POINT('',(0.0970426622492036,-0.0524930877507964,-0.0111861755015928));
#5552=CARTESIAN_POINT('',(0.07848575,-0.12365,0.00737073674761076));
#5553=CARTESIAN_POINT('',(0.0984065097423303,-0.0579,0.0044128300858899));
#5554=CARTESIAN_POINT('',(0.0959101362842184,-0.0581258336778885,0.00223583367788853));
#5555=CARTESIAN_POINT('',(0.11663575,-0.1378,0.00151));
#5556=CARTESIAN_POINT('',(0.09263575,-0.1368,0.00251));
#5557=CARTESIAN_POINT('',(0.09163575,-0.1368,-0.02));
#5558=CARTESIAN_POINT('',(0.09213575,-0.1373,0.00151));
#5559=CARTESIAN_POINT('',(0.09263575,-0.0569,-0.02));
#5560=CARTESIAN_POINT('',(0.0926970716094067,-0.0568386783905933,0.000948678390593272));
#5561=CARTESIAN_POINT('',(0.09188575,-0.05765,0.00176));
#5562=CARTESIAN_POINT('',(0.0656684166666666,-0.0838673333333334,-0.0244573333333333));
#5563=CARTESIAN_POINT('',(0.0948197148282202,-0.0579,0.00201));
#5564=CARTESIAN_POINT('',(0.119103083333333,-0.0848673333333334,0.0289773333333333));
#5565=CARTESIAN_POINT('',(0.09263575,-0.1368,0.00251));
#5566=CARTESIAN_POINT('',(0.09263575,-0.1368,0.00251));
#5567=CARTESIAN_POINT('',(0.09263575,-0.137802,0.00251));
#5568=CARTESIAN_POINT('',(0.0956312228588874,-0.0579,-0.00844049612836711));
#5569=CARTESIAN_POINT('',(0.0976266957177749,-0.0579,-0.010101729004345));
#5570=CARTESIAN_POINT('',(0.09993,-0.0569,-0.007335));
#5571=CARTESIAN_POINT('',(0.09993,-0.0579,-0.010935));
#5572=CARTESIAN_POINT('',(0.10318,-0.0579,-0.010935));
#5573=CARTESIAN_POINT('',(0.10643,-0.0579,-0.010935));
#5574=CARTESIAN_POINT('',(0.10643,-0.0579,-0.0244922218262985));
#5575=CARTESIAN_POINT('',(0.11663575,-0.0569,-0.019));
#5576=MECHANICAL_DESIGN_GEOMETRIC_PRESENTATION_REPRESENTATION('',(#3387),
#5577);
#5577=(
GEOMETRIC_REPRESENTATION_CONTEXT(3)
GLOBAL_UNCERTAINTY_ASSIGNED_CONTEXT((#5578))
GLOBAL_UNIT_ASSIGNED_CONTEXT((#5581,#5580,#5579))
REPRESENTATION_CONTEXT('Part 1','TOP_LEVEL_ASSEMBLY_PART')
);
#5578=UNCERTAINTY_MEASURE_WITH_UNIT(LENGTH_MEASURE(2.E-5),#5581,
'DISTANCE_ACCURACY_VALUE','Maximum Tolerance applied to model');
#5579=(
NAMED_UNIT(*)
SI_UNIT($,.STERADIAN.)
SOLID_ANGLE_UNIT()
);
#5580=(
NAMED_UNIT(*)
PLANE_ANGLE_UNIT()
SI_UNIT($,.RADIAN.)
);
#5581=(
LENGTH_UNIT()
NAMED_UNIT(*)
SI_UNIT($,.METRE.)
);
#5582=PRODUCT_DEFINITION_SHAPE('','',#5583);
#5583=PRODUCT_DEFINITION('','',#5585,#5584);
#5584=PRODUCT_DEFINITION_CONTEXT('',#5591,'design');
#5585=PRODUCT_DEFINITION_FORMATION_WITH_SPECIFIED_SOURCE('','',#5587,
 .NOT_KNOWN.);
#5586=PRODUCT_RELATED_PRODUCT_CATEGORY('','',(#5587));
#5587=PRODUCT('Part 1','Part 1','Part 1',(#5589));
#5588=PRODUCT_CATEGORY('','');
#5589=PRODUCT_CONTEXT('',#5591,'mechanical');
#5590=APPLICATION_PROTOCOL_DEFINITION('international standard',
'ap242_managed_model_based_3d_engineering',2020,#5591);
#5591=APPLICATION_CONTEXT('managed model based 3d engineering');
ENDSEC;
END-ISO-10303-21;
